// Auto-generated Chinese bitmap font for the second-screen labels.
// Uses the in-game dialogue pixel font (Fusion-pixel-12px) with 1px blue outline,
// so bottom-screen text matches the game's text. Cells are 12x12 ARGB8888, 16/row.
// Stored TEXTURE row-major (W=192, H=96); draw_cell indexes (cell%COLS)*PX,(cell/COLS)*PX.
#pragma once
#include <stdint.h>

#define SS_CN_PX 12
#define SS_CN_COLS 16
#define SS_CN_ROWS 8
#define SS_CN_COUNT 123

static const uint16_t kSS_CnCell[SS_CN_COUNT] = {
  0x88c5, 0x5907, 0x5730, 0x56fe, 0x7269, 0x54c1, 0x74f6, 0x5b50, 0x540a, 0x5760, 0x6c34, 0x6676, 0x8bbe, 0x7f6e, 0x5c4f, 0x5e55, 0x6da1, 0x8f6e, 0x901f, 0x5ea6, 0x91cd, 0x6620, 0x5c04, 0x6309, 0x952e, 0x5f00, 0x53d1, 0x8005, 0x542f, 0x9009, 0x62e9, 0x5361, 0x5e26, 0x8fd4, 0x56de, 0x663e, 0x793a, 0x6a21, 0x5f0f, 0x5bbd, 0x539f, 0x59cb, 0x62c9, 0x4f38, 0x8fb9, 0x7f18, 0x6807, 0x51c6, 0x56fa, 0x5b9a, 0x955c, 0x5934, 0x7f29, 0x653e, 0x90e8, 0x5173, 0x66f4, 0x591a, 0x4e0a, 0x4e0b, 0x5de6, 0x53f3, 0x5185, 0x5b58, 0x8f6c, 0x50a8, 0x53e0, 0x52a0, 0x6253, 0x5199, 0x5b8c, 0x62ac, 0x6d77, 0x9c81, 0x57ce, 0x5821, 0x4e1c, 0x65b9, 0x795e, 0x6bbf, 0x6c99, 0x6f20, 0x6697, 0x4e4b, 0x8d6b, 0x5854, 0x7960, 0x5802, 0x9aa8, 0x68ee, 0x76d7, 0x8d3c, 0x6751, 0x51b0, 0x6076, 0x9b54, 0x6cbc, 0x4e4c, 0x9f9f, 0x5ca9, 0x4fac, 0x697c, 0x9053, 0x7248, 0x672c, 0x673a, 0x578b, 0x5e27, 0x7387, 0x73b0, 0x5747, 0x6838, 0x5fc3, 0x623f, 0x95f4, 0x5757, 0x65b0, 0x65e7, 0x684c, 0x9762, 0x5f53, 0x524d, 0x5e73,
};

static const uint32_t kSS_CnGlyph[18432] = {

  0xffebebeb, 0x00ebebeb, 0x00ebebeb, 0xffebebeb, 0x00ebebeb, 0x00ebebeb, 0x00ebebeb, 0xffebebeb, 0x00ebebeb, 0x00ebebeb, 0x00ebebeb, 0x00ebebeb,
  0x00ebebeb, 0x00ebebeb, 0x00ebebeb, 0xffebebeb, 0x00ebebeb, 0x00ebebeb, 0x00ebebeb, 0x00ebebeb, 0x00ebebeb, 0x00ebebeb, 0x00ebebeb, 0x00ebebeb,
  0x00ebebeb, 0xffebebeb, 0x00ebebeb, 0x00ebebeb, 0x00ebebeb, 0x00ebebeb, 0x00ebebeb, 0xffebebeb, 0x00ebebeb, 0x00ebebeb, 0x00ebebeb, 0x00ebebeb,
  0xffebebeb, 0xffebebeb, 0xffebebeb, 0xffebebeb, 0xffebebeb, 0xffebebeb, 0xffebebeb, 0xffebebeb, 0xffebebeb, 0xffebebeb, 0xffebebeb, 0x00ebebeb,
  0x00ebebeb, 0x00ebebeb, 0xffebebeb, 0x00ebebeb, 0x00ebebeb, 0xffebebeb, 0x00ebebeb, 0x00ebebeb, 0x00ebebeb, 0x00ebebeb, 0x00ebebeb, 0x00ebebeb,
  0x00ebebeb, 0x00ebebeb, 0xffebebeb, 0xffebebeb, 0xffebebeb, 0xffebebeb, 0xffebebeb, 0xffebebeb, 0xffebebeb, 0x00ebebeb, 0x00ebebeb, 0x00ebebeb,
  0xffebebeb, 0x00ebebeb, 0x00ebebeb, 0x00ebebeb, 0xffebebeb, 0x00ebebeb, 0xffebebeb, 0xffebebeb, 0xffebebeb, 0xffebebeb, 0xffebebeb, 0x00ebebeb,
  0x00ebebeb, 0xffebebeb, 0xffebebeb, 0xffebebeb, 0xffebebeb, 0xffebebeb, 0xffebebeb, 0xffebebeb, 0xffebebeb, 0x00ebebeb, 0x00ebebeb, 0x00ebebeb,
  0x00ebebeb, 0xffebebeb, 0xffebebeb, 0xffebebeb, 0xffebebeb, 0xffebebeb, 0xffebebeb, 0xffebebeb, 0xffebebeb, 0xffebebeb, 0x00ebebeb, 0x00ebebeb,
  0xffebebeb, 0xffebebeb, 0xffebebeb, 0xffebebeb, 0x00ebebeb, 0x00ebebeb, 0x00ebebeb, 0xffebebeb, 0x00ebebeb, 0x00ebebeb, 0x00ebebeb, 0x00ebebeb,
  0x00ebebeb, 0x00ebebeb, 0x00ebebeb, 0x00ebebeb, 0x00ebebeb, 0xffebebeb, 0x00ebebeb, 0x00ebebeb, 0x00ebebeb, 0x00ebebeb, 0x00ebebeb, 0x00ebebeb,
  0x00ebebeb, 0x00ebebeb, 0xffebebeb, 0xffebebeb, 0xffebebeb, 0xffebebeb, 0xffebebeb, 0xffebebeb, 0xffebebeb, 0x00ebebeb, 0x00ebebeb, 0x00ebebeb,
  0xffebebeb, 0x00ebebeb, 0x00ebebeb, 0x00ebebeb, 0x00ebebeb, 0xffebebeb, 0xffebebeb, 0xffebebeb, 0xffebebeb, 0x00ebebeb, 0x00ebebeb, 0x00ebebeb,
  0xffebebeb, 0xffebebeb, 0xffebebeb, 0xffebebeb, 0xffebebeb, 0xffebebeb, 0xffebebeb, 0xffebebeb, 0xffebebeb, 0xffebebeb, 0xffebebeb, 0x00ebebeb,
  0x00ebebeb, 0xffebebeb, 0xffebebeb, 0xffebebeb, 0xffebebeb, 0xffebebeb, 0xffebebeb, 0xffebebeb, 0xffebebeb, 0xffebebeb, 0xffebebeb, 0x00ebebeb,
  0x00ebebeb, 0x00ebebeb, 0x00ebebeb, 0xffebebeb, 0x00ebebeb, 0x00ebebeb, 0x00ebebeb, 0xffebebeb, 0x00ebebeb, 0x00ebebeb, 0x00ebebeb, 0x00ebebeb,
  0x00ebebeb, 0xffebebeb, 0x00ebebeb, 0xffebebeb, 0xffebebeb, 0xffebebeb, 0xffebebeb, 0xffebebeb, 0xffebebeb, 0xffebebeb, 0xffebebeb, 0x00ebebeb,
  0x00ebebeb, 0x00ebebeb, 0xffebebeb, 0xffebebeb, 0xffebebeb, 0xffebebeb, 0xffebebeb, 0xffebebeb, 0xffebebeb, 0x00ebebeb, 0x00ebebeb, 0x00ebebeb,
  0x00ebebeb, 0xffebebeb, 0x00ebebeb, 0x00ebebeb, 0xffebebeb, 0x00ebebeb, 0x00ebebeb, 0xffebebeb, 0x00ebebeb, 0x00ebebeb, 0x00ebebeb, 0x00ebebeb,
  0xffebebeb, 0x00ebebeb, 0x00ebebeb, 0x00ebebeb, 0xffebebeb, 0x00ebebeb, 0x00ebebeb, 0x00ebebeb, 0x00ebebeb, 0x00ebebeb, 0xffebebeb, 0x00ebebeb,
  0xffebebeb, 0x00ebebeb, 0xffebebeb, 0x00ebebeb, 0x00ebebeb, 0xffebebeb, 0x00ebebeb, 0x00ebebeb, 0x00ebebeb, 0x00ebebeb, 0x00ebebeb, 0x00ebebeb,
  0x00ebebeb, 0x00ebebeb, 0xffebebeb, 0x00ebebeb, 0x00ebebeb, 0x00ebebeb, 0x00ebebeb, 0x00ebebeb, 0xffebebeb, 0x00ebebeb, 0x00ebebeb, 0x00ebebeb,
  0x00ebebeb, 0xffebebeb, 0x00ebebeb, 0xffebebeb, 0x00ebebeb, 0x00ebebeb, 0x00ebebeb, 0xffebebeb, 0x00ebebeb, 0x00ebebeb, 0x00ebebeb, 0x00ebebeb,
  0x00ebebeb, 0x00ebebeb, 0x00ebebeb, 0x00ebebeb, 0x00ebebeb, 0x00ebebeb, 0x00ebebeb, 0x00ebebeb, 0xffebebeb, 0x00ebebeb, 0x00ebebeb, 0x00ebebeb,
  0x00ebebeb, 0xffebebeb, 0x00ebebeb, 0x00ebebeb, 0x00ebebeb, 0x00ebebeb, 0x00ebebeb, 0x00ebebeb, 0x00ebebeb, 0xffebebeb, 0x00ebebeb, 0x00ebebeb,
  0xffebebeb, 0x00ebebeb, 0x00ebebeb, 0xffebebeb, 0x00ebebeb, 0x00ebebeb, 0x00ebebeb, 0xffebebeb, 0x00ebebeb, 0x00ebebeb, 0x00ebebeb, 0x00ebebeb,
  0x00ebebeb, 0x00ebebeb, 0x00ebebeb, 0x00ebebeb, 0x00ebebeb, 0xffebebeb, 0x00ebebeb, 0x00ebebeb, 0x00ebebeb, 0x00ebebeb, 0x00ebebeb, 0x00ebebeb,
  0x00ebebeb, 0x00ebebeb, 0xffebebeb, 0x00ebebeb, 0x00ebebeb, 0x00ebebeb, 0x00ebebeb, 0x00ebebeb, 0xffebebeb, 0x00ebebeb, 0x00ebebeb, 0x00ebebeb,
  0x00ebebeb, 0xffebebeb, 0x00ebebeb, 0x00ebebeb, 0x00ebebeb, 0xffebebeb, 0x00ebebeb, 0x00ebebeb, 0xffebebeb, 0x00ebebeb, 0x00ebebeb, 0x00ebebeb,
  0xffebebeb, 0x00ebebeb, 0x00ebebeb, 0xffebebeb, 0x00ebebeb, 0x00ebebeb, 0x00ebebeb, 0xffebebeb, 0x00ebebeb, 0x00ebebeb, 0xffebebeb, 0x00ebebeb,
  0x00ebebeb, 0xffebebeb, 0x00ebebeb, 0x00ebebeb, 0x00ebebeb, 0x00ebebeb, 0x00ebebeb, 0x00ebebeb, 0x00ebebeb, 0x00ebebeb, 0xffebebeb, 0x00ebebeb,
  0xffebebeb, 0xffebebeb, 0xffebebeb, 0xffebebeb, 0xffebebeb, 0xffebebeb, 0xffebebeb, 0xffebebeb, 0xffebebeb, 0xffebebeb, 0xffebebeb, 0x00ebebeb,
  0x00ebebeb, 0x00ebebeb, 0x00ebebeb, 0xffebebeb, 0x00ebebeb, 0x00ebebeb, 0x00ebebeb, 0xffebebeb, 0x00ebebeb, 0x00ebebeb, 0x00ebebeb, 0x00ebebeb,
  0xffebebeb, 0xffebebeb, 0x00ebebeb, 0xffebebeb, 0x00ebebeb, 0x00ebebeb, 0x00ebebeb, 0xffebebeb, 0x00ebebeb, 0x00ebebeb, 0x00ebebeb, 0x00ebebeb,
  0x00ebebeb, 0xffebebeb, 0x00ebebeb, 0x00ebebeb, 0xffebebeb, 0x00ebebeb, 0x00ebebeb, 0xffebebeb, 0x00ebebeb, 0xffebebeb, 0xffebebeb, 0x00ebebeb,
  0xffebebeb, 0x00ebebeb, 0x00ebebeb, 0x00ebebeb, 0xffebebeb, 0xffebebeb, 0xffebebeb, 0xffebebeb, 0x00ebebeb, 0x00ebebeb, 0xffebebeb, 0x00ebebeb,
  0xffebebeb, 0xffebebeb, 0xffebebeb, 0xffebebeb, 0x00ebebeb, 0xffebebeb, 0xffebebeb, 0xffebebeb, 0xffebebeb, 0xffebebeb, 0xffebebeb, 0x00ebebeb,
  0x00ebebeb, 0x00ebebeb, 0xffebebeb, 0x00ebebeb, 0x00ebebeb, 0x00ebebeb, 0x00ebebeb, 0x00ebebeb, 0xffebebeb, 0x00ebebeb, 0x00ebebeb, 0x00ebebeb,
  0xffebebeb, 0xffebebeb, 0xffebebeb, 0xffebebeb, 0xffebebeb, 0x00ebebeb, 0x00ebebeb, 0xffebebeb, 0x00ebebeb, 0x00ebebeb, 0x00ebebeb, 0x00ebebeb,
  0x00ebebeb, 0x00ebebeb, 0x00ebebeb, 0x00ebebeb, 0x00ebebeb, 0x00ebebeb, 0x00ebebeb, 0xffebebeb, 0x00ebebeb, 0x00ebebeb, 0x00ebebeb, 0x00ebebeb,
  0x00ebebeb, 0xffebebeb, 0x00ebebeb, 0x00ebebeb, 0x00ebebeb, 0x00ebebeb, 0x00ebebeb, 0x00ebebeb, 0x00ebebeb, 0xffebebeb, 0x00ebebeb, 0x00ebebeb,
  0xffebebeb, 0x00ebebeb, 0xffebebeb, 0x00ebebeb, 0x00ebebeb, 0x00ebebeb, 0x00ebebeb, 0xffebebeb, 0x00ebebeb, 0x00ebebeb, 0x00ebebeb, 0x00ebebeb,
  0x00ebebeb, 0x00ebebeb, 0x00ebebeb, 0x00ebebeb, 0x00ebebeb, 0xffebebeb, 0x00ebebeb, 0x00ebebeb, 0x00ebebeb, 0x00ebebeb, 0xffebebeb, 0x00ebebeb,
  0x00ebebeb, 0x00ebebeb, 0xffebebeb, 0xffebebeb, 0xffebebeb, 0xffebebeb, 0xffebebeb, 0xffebebeb, 0xffebebeb, 0x00ebebeb, 0x00ebebeb, 0x00ebebeb,
  0x00ebebeb, 0x00ebebeb, 0x00ebebeb, 0x00ebebeb, 0x00ebebeb, 0xffebebeb, 0x00ebebeb, 0x00ebebeb, 0xffebebeb, 0x00ebebeb, 0x00ebebeb, 0x00ebebeb,
  0xffebebeb, 0xffebebeb, 0xffebebeb, 0xffebebeb, 0xffebebeb, 0xffebebeb, 0xffebebeb, 0xffebebeb, 0xffebebeb, 0xffebebeb, 0xffebebeb, 0x00ebebeb,
  0x00ebebeb, 0xffebebeb, 0xffebebeb, 0xffebebeb, 0xffebebeb, 0xffebebeb, 0xffebebeb, 0xffebebeb, 0xffebebeb, 0xffebebeb, 0xffebebeb, 0x00ebebeb,
  0x00ebebeb, 0x00ebebeb, 0x00ebebeb, 0xffebebeb, 0x00ebebeb, 0x00ebebeb, 0x00ebebeb, 0xffebebeb, 0x00ebebeb, 0x00ebebeb, 0x00ebebeb, 0x00ebebeb,
  0x00ebebeb, 0x00ebebeb, 0xffebebeb, 0xffebebeb, 0x00ebebeb, 0x00ebebeb, 0x00ebebeb, 0xffebebeb, 0x00ebebeb, 0x00ebebeb, 0x00ebebeb, 0x00ebebeb,
  0x00ebebeb, 0x00ebebeb, 0x00ebebeb, 0x00ebebeb, 0xffebebeb, 0xffebebeb, 0xffebebeb, 0x00ebebeb, 0x00ebebeb, 0x00ebebeb, 0x00ebebeb, 0x00ebebeb,
  0xffebebeb, 0xffebebeb, 0xffebebeb, 0x00ebebeb, 0xffebebeb, 0x00ebebeb, 0xffebebeb, 0xffebebeb, 0xffebebeb, 0x00ebebeb, 0xffebebeb, 0x00ebebeb,
  0xffebebeb, 0x00ebebeb, 0xffebebeb, 0xffebebeb, 0x00ebebeb, 0x00ebebeb, 0x00ebebeb, 0xffebebeb, 0x00ebebeb, 0x00ebebeb, 0xffebebeb, 0x00ebebeb,
  0xffebebeb, 0x00ebebeb, 0xffebebeb, 0x00ebebeb, 0xffebebeb, 0x00ebebeb, 0xffebebeb, 0x00ebebeb, 0xffebebeb, 0x00ebebeb, 0xffebebeb, 0x00ebebeb,
  0x00ebebeb, 0x00ebebeb, 0xffebebeb, 0x00ebebeb, 0x00ebebeb, 0x00ebebeb, 0x00ebebeb, 0x00ebebeb, 0xffebebeb, 0x00ebebeb, 0x00ebebeb, 0x00ebebeb,
  0x00ebebeb, 0xffebebeb, 0x00ebebeb, 0xffebebeb, 0x00ebebeb, 0x00ebebeb, 0x00ebebeb, 0xffebebeb, 0xffebebeb, 0xffebebeb, 0x00ebebeb, 0x00ebebeb,
  0x00ebebeb, 0x00ebebeb, 0x00ebebeb, 0x00ebebeb, 0x00ebebeb, 0x00ebebeb, 0xffebebeb, 0x00ebebeb, 0x00ebebeb, 0x00ebebeb, 0x00ebebeb, 0x00ebebeb,
  0x00ebebeb, 0xffebebeb, 0xffebebeb, 0xffebebeb, 0xffebebeb, 0xffebebeb, 0xffebebeb, 0xffebebeb, 0xffebebeb, 0xffebebeb, 0x00ebebeb, 0x00ebebeb,
  0xffebebeb, 0x00ebebeb, 0x00ebebeb, 0xffebebeb, 0x00ebebeb, 0x00ebebeb, 0xffebebeb, 0x00ebebeb, 0xffebebeb, 0x00ebebeb, 0x00ebebeb, 0x00ebebeb,
  0xffebebeb, 0xffebebeb, 0xffebebeb, 0xffebebeb, 0x00ebebeb, 0xffebebeb, 0xffebebeb, 0x00ebebeb, 0x00ebebeb, 0xffebebeb, 0x00ebebeb, 0x00ebebeb,
  0x00ebebeb, 0x00ebebeb, 0xffebebeb, 0x00ebebeb, 0x00ebebeb, 0x00ebebeb, 0x00ebebeb, 0x00ebebeb, 0xffebebeb, 0x00ebebeb, 0x00ebebeb, 0x00ebebeb,
  0x00ebebeb, 0x00ebebeb, 0x00ebebeb, 0x00ebebeb, 0x00ebebeb, 0xffebebeb, 0x00ebebeb, 0x00ebebeb, 0xffebebeb, 0x00ebebeb, 0x00ebebeb, 0x00ebebeb,
  0x00ebebeb, 0x00ebebeb, 0x00ebebeb, 0x00ebebeb, 0x00ebebeb, 0xffebebeb, 0x00ebebeb, 0x00ebebeb, 0x00ebebeb, 0x00ebebeb, 0x00ebebeb, 0x00ebebeb,
  0x00ebebeb, 0xffebebeb, 0x00ebebeb, 0x00ebebeb, 0xffebebeb, 0x00ebebeb, 0x00ebebeb, 0x00ebebeb, 0x00ebebeb, 0xffebebeb, 0x00ebebeb, 0x00ebebeb,
  0x00ebebeb, 0xffebebeb, 0xffebebeb, 0xffebebeb, 0xffebebeb, 0xffebebeb, 0xffebebeb, 0xffebebeb, 0xffebebeb, 0xffebebeb, 0x00ebebeb, 0x00ebebeb,
  0xffebebeb, 0xffebebeb, 0x00ebebeb, 0xffebebeb, 0x00ebebeb, 0xffebebeb, 0xffebebeb, 0xffebebeb, 0xffebebeb, 0xffebebeb, 0x00ebebeb, 0x00ebebeb,
  0x00ebebeb, 0x00ebebeb, 0xffebebeb, 0xffebebeb, 0x00ebebeb, 0x00ebebeb, 0x00ebebeb, 0xffebebeb, 0xffebebeb, 0x00ebebeb, 0x00ebebeb, 0x00ebebeb,
  0x00ebebeb, 0xffebebeb, 0x00ebebeb, 0xffebebeb, 0xffebebeb, 0xffebebeb, 0x00ebebeb, 0xffebebeb, 0x00ebebeb, 0x00ebebeb, 0xffebebeb, 0x00ebebeb,
  0xffebebeb, 0x00ebebeb, 0x00ebebeb, 0x00ebebeb, 0xffebebeb, 0xffebebeb, 0xffebebeb, 0x00ebebeb, 0x00ebebeb, 0x00ebebeb, 0xffebebeb, 0x00ebebeb,
  0x00ebebeb, 0x00ebebeb, 0xffebebeb, 0x00ebebeb, 0x00ebebeb, 0x00ebebeb, 0xffebebeb, 0x00ebebeb, 0xffebebeb, 0x00ebebeb, 0xffebebeb, 0x00ebebeb,
  0x00ebebeb, 0x00ebebeb, 0xffebebeb, 0xffebebeb, 0xffebebeb, 0xffebebeb, 0xffebebeb, 0xffebebeb, 0xffebebeb, 0x00ebebeb, 0x00ebebeb, 0x00ebebeb,
  0x00ebebeb, 0xffebebeb, 0x00ebebeb, 0xffebebeb, 0x00ebebeb, 0x00ebebeb, 0xffebebeb, 0x00ebebeb, 0x00ebebeb, 0xffebebeb, 0x00ebebeb, 0x00ebebeb,
  0x00ebebeb, 0x00ebebeb, 0x00ebebeb, 0x00ebebeb, 0x00ebebeb, 0xffebebeb, 0x00ebebeb, 0x00ebebeb, 0x00ebebeb, 0x00ebebeb, 0x00ebebeb, 0x00ebebeb,
  0x00ebebeb, 0x00ebebeb, 0x00ebebeb, 0x00ebebeb, 0x00ebebeb, 0xffebebeb, 0x00ebebeb, 0x00ebebeb, 0x00ebebeb, 0x00ebebeb, 0x00ebebeb, 0x00ebebeb,
  0xffebebeb, 0x00ebebeb, 0x00ebebeb, 0xffebebeb, 0x00ebebeb, 0x00ebebeb, 0xffebebeb, 0x00ebebeb, 0xffebebeb, 0x00ebebeb, 0x00ebebeb, 0x00ebebeb,
  0x00ebebeb, 0x00ebebeb, 0x00ebebeb, 0xffebebeb, 0x00ebebeb, 0xffebebeb, 0xffebebeb, 0x00ebebeb, 0xffebebeb, 0x00ebebeb, 0x00ebebeb, 0x00ebebeb,
  0x00ebebeb, 0x00ebebeb, 0xffebebeb, 0xffebebeb, 0xffebebeb, 0xffebebeb, 0xffebebeb, 0xffebebeb, 0xffebebeb, 0x00ebebeb, 0x00ebebeb, 0x00ebebeb,
  0xffebebeb, 0xffebebeb, 0x00ebebeb, 0xffebebeb, 0xffebebeb, 0x00ebebeb, 0x00ebebeb, 0x00ebebeb, 0xffebebeb, 0xffebebeb, 0xffebebeb, 0x00ebebeb,
  0xffebebeb, 0xffebebeb, 0xffebebeb, 0xffebebeb, 0xffebebeb, 0xffebebeb, 0xffebebeb, 0xffebebeb, 0xffebebeb, 0xffebebeb, 0xffebebeb, 0x00ebebeb,
  0x00ebebeb, 0xffebebeb, 0x00ebebeb, 0x00ebebeb, 0x00ebebeb, 0xffebebeb, 0x00ebebeb, 0x00ebebeb, 0xffebebeb, 0x00ebebeb, 0x00ebebeb, 0x00ebebeb,
  0x00ebebeb, 0xffebebeb, 0x00ebebeb, 0x00ebebeb, 0x00ebebeb, 0x00ebebeb, 0x00ebebeb, 0x00ebebeb, 0x00ebebeb, 0xffebebeb, 0x00ebebeb, 0x00ebebeb,
  0x00ebebeb, 0x00ebebeb, 0x00ebebeb, 0x00ebebeb, 0x00ebebeb, 0xffebebeb, 0x00ebebeb, 0x00ebebeb, 0x00ebebeb, 0x00ebebeb, 0x00ebebeb, 0x00ebebeb,
  0xffebebeb, 0xffebebeb, 0x00ebebeb, 0x00ebebeb, 0x00ebebeb, 0x00ebebeb, 0x00ebebeb, 0x00ebebeb, 0x00ebebeb, 0xffebebeb, 0xffebebeb, 0x00ebebeb,
  0x00ebebeb, 0xffebebeb, 0x00ebebeb, 0x00ebebeb, 0xffebebeb, 0x00ebebeb, 0x00ebebeb, 0xffebebeb, 0x00ebebeb, 0x00ebebeb, 0xffebebeb, 0x00ebebeb,
  0xffebebeb, 0xffebebeb, 0xffebebeb, 0xffebebeb, 0x00ebebeb, 0x00ebebeb, 0x00ebebeb, 0xffebebeb, 0xffebebeb, 0xffebebeb, 0xffebebeb, 0x00ebebeb,
  0x00ebebeb, 0x00ebebeb, 0xffebebeb, 0xffebebeb, 0x00ebebeb, 0x00ebebeb, 0xffebebeb, 0x00ebebeb, 0xffebebeb, 0x00ebebeb, 0xffebebeb, 0x00ebebeb,
  0x00ebebeb, 0x00ebebeb, 0x00ebebeb, 0x00ebebeb, 0x00ebebeb, 0x00ebebeb, 0x00ebebeb, 0x00ebebeb, 0x00ebebeb, 0x00ebebeb, 0x00ebebeb, 0x00ebebeb,
  0x00ebebeb, 0xffebebeb, 0x00ebebeb, 0xffebebeb, 0x00ebebeb, 0x00ebebeb, 0xffebebeb, 0x00ebebeb, 0x00ebebeb, 0xffebebeb, 0x00ebebeb, 0x00ebebeb,
  0xffebebeb, 0xffebebeb, 0xffebebeb, 0xffebebeb, 0xffebebeb, 0xffebebeb, 0xffebebeb, 0xffebebeb, 0xffebebeb, 0xffebebeb, 0xffebebeb, 0x00ebebeb,
  0xffebebeb, 0xffebebeb, 0xffebebeb, 0xffebebeb, 0xffebebeb, 0xffebebeb, 0xffebebeb, 0xffebebeb, 0xffebebeb, 0xffebebeb, 0xffebebeb, 0x00ebebeb,
  0xffebebeb, 0xffebebeb, 0xffebebeb, 0x00ebebeb, 0x00ebebeb, 0xffebebeb, 0x00ebebeb, 0x00ebebeb, 0x00ebebeb, 0xffebebeb, 0x00ebebeb, 0x00ebebeb,
  0x00ebebeb, 0x00ebebeb, 0x00ebebeb, 0xffebebeb, 0x00ebebeb, 0xffebebeb, 0x00ebebeb, 0xffebebeb, 0x00ebebeb, 0x00ebebeb, 0x00ebebeb, 0x00ebebeb,
  0x00ebebeb, 0x00ebebeb, 0x00ebebeb, 0x00ebebeb, 0x00ebebeb, 0x00ebebeb, 0x00ebebeb, 0x00ebebeb, 0x00ebebeb, 0x00ebebeb, 0x00ebebeb, 0x00ebebeb,
  0x00ebebeb, 0xffebebeb, 0x00ebebeb, 0x00ebebeb, 0x00ebebeb, 0x00ebebeb, 0x00ebebeb, 0x00ebebeb, 0x00ebebeb, 0x00ebebeb, 0x00ebebeb, 0x00ebebeb,
  0x00ebebeb, 0x00ebebeb, 0x00ebebeb, 0x00ebebeb, 0x00ebebeb, 0xffebebeb, 0x00ebebeb, 0x00ebebeb, 0x00ebebeb, 0x00ebebeb, 0x00ebebeb, 0x00ebebeb,
  0x00ebebeb, 0xffebebeb, 0x00ebebeb, 0xffebebeb, 0xffebebeb, 0xffebebeb, 0xffebebeb, 0xffebebeb, 0xffebebeb, 0xffebebeb, 0xffebebeb, 0x00ebebeb,
  0xffebebeb, 0xffebebeb, 0xffebebeb, 0xffebebeb, 0xffebebeb, 0xffebebeb, 0xffebebeb, 0xffebebeb, 0xffebebeb, 0xffebebeb, 0xffebebeb, 0x00ebebeb,
  0xffebebeb, 0xffebebeb, 0xffebebeb, 0xffebebeb, 0xffebebeb, 0xffebebeb, 0xffebebeb, 0xffebebeb, 0xffebebeb, 0xffebebeb, 0xffebebeb, 0x00ebebeb,
  0x00ebebeb, 0xffebebeb, 0xffebebeb, 0xffebebeb, 0xffebebeb, 0xffebebeb, 0xffebebeb, 0xffebebeb, 0xffebebeb, 0xffebebeb, 0x00ebebeb, 0x00ebebeb,
  0x00ebebeb, 0xffebebeb, 0x00ebebeb, 0x00ebebeb, 0xffebebeb, 0x00ebebeb, 0x00ebebeb, 0xffebebeb, 0x00ebebeb, 0xffebebeb, 0xffebebeb, 0x00ebebeb,
  0xffebebeb, 0x00ebebeb, 0x00ebebeb, 0x00ebebeb, 0xffebebeb, 0xffebebeb, 0x00ebebeb, 0x00ebebeb, 0x00ebebeb, 0x00ebebeb, 0xffebebeb, 0x00ebebeb,
  0xffebebeb, 0xffebebeb, 0xffebebeb, 0x00ebebeb, 0x00ebebeb, 0xffebebeb, 0x00ebebeb, 0x00ebebeb, 0xffebebeb, 0x00ebebeb, 0xffebebeb, 0x00ebebeb,
  0xffebebeb, 0xffebebeb, 0xffebebeb, 0xffebebeb, 0xffebebeb, 0x00ebebeb, 0xffebebeb, 0xffebebeb, 0xffebebeb, 0xffebebeb, 0xffebebeb, 0x00ebebeb,
  0xffebebeb, 0xffebebeb, 0xffebebeb, 0xffebebeb, 0xffebebeb, 0x00ebebeb, 0xffebebeb, 0xffebebeb, 0x00ebebeb, 0xffebebeb, 0x00ebebeb, 0x00ebebeb,
  0x00ebebeb, 0x00ebebeb, 0x00ebebeb, 0x00ebebeb, 0x00ebebeb, 0xffebebeb, 0x00ebebeb, 0x00ebebeb, 0x00ebebeb, 0x00ebebeb, 0x00ebebeb, 0x00ebebeb,
  0xffebebeb, 0x00ebebeb, 0x00ebebeb, 0x00ebebeb, 0x00ebebeb, 0xffebebeb, 0x00ebebeb, 0x00ebebeb, 0x00ebebeb, 0x00ebebeb, 0xffebebeb, 0x00ebebeb,
  0xffebebeb, 0x00ebebeb, 0x00ebebeb, 0x00ebebeb, 0xffebebeb, 0x00ebebeb, 0x00ebebeb, 0x00ebebeb, 0x00ebebeb, 0x00ebebeb, 0xffebebeb, 0x00ebebeb,
  0x00ebebeb, 0x00ebebeb, 0xffebebeb, 0x00ebebeb, 0x00ebebeb, 0xffebebeb, 0x00ebebeb, 0xffebebeb, 0x00ebebeb, 0x00ebebeb, 0x00ebebeb, 0x00ebebeb,
  0xffebebeb, 0xffebebeb, 0xffebebeb, 0xffebebeb, 0xffebebeb, 0x00ebebeb, 0xffebebeb, 0xffebebeb, 0xffebebeb, 0xffebebeb, 0xffebebeb, 0x00ebebeb,
  0x00ebebeb, 0xffebebeb, 0x00ebebeb, 0x00ebebeb, 0xffebebeb, 0xffebebeb, 0xffebebeb, 0xffebebeb, 0xffebebeb, 0xffebebeb, 0x00ebebeb, 0x00ebebeb,
  0x00ebebeb, 0x00ebebeb, 0xffebebeb, 0xffebebeb, 0xffebebeb, 0xffebebeb, 0xffebebeb, 0xffebebeb, 0xffebebeb, 0x00ebebeb, 0x00ebebeb, 0x00ebebeb,
  0x00ebebeb, 0xffebebeb, 0x00ebebeb, 0x00ebebeb, 0x00ebebeb, 0xffebebeb, 0x00ebebeb, 0x00ebebeb, 0xffebebeb, 0x00ebebeb, 0x00ebebeb, 0x00ebebeb,
  0x00ebebeb, 0x00ebebeb, 0xffebebeb, 0x00ebebeb, 0x00ebebeb, 0xffebebeb, 0x00ebebeb, 0x00ebebeb, 0xffebebeb, 0x00ebebeb, 0x00ebebeb, 0x00ebebeb,
  0x00ebebeb, 0x00ebebeb, 0x00ebebeb, 0xffebebeb, 0x00ebebeb, 0x00ebebeb, 0xffebebeb, 0x00ebebeb, 0x00ebebeb, 0x00ebebeb, 0x00ebebeb, 0x00ebebeb,
  0x00ebebeb, 0xffebebeb, 0x00ebebeb, 0x00ebebeb, 0x00ebebeb, 0xffebebeb, 0x00ebebeb, 0x00ebebeb, 0x00ebebeb, 0xffebebeb, 0x00ebebeb, 0x00ebebeb,
  0x00ebebeb, 0xffebebeb, 0xffebebeb, 0x00ebebeb, 0xffebebeb, 0x00ebebeb, 0x00ebebeb, 0xffebebeb, 0x00ebebeb, 0x00ebebeb, 0x00ebebeb, 0x00ebebeb,
  0xffebebeb, 0x00ebebeb, 0x00ebebeb, 0x00ebebeb, 0x00ebebeb, 0x00ebebeb, 0xffebebeb, 0xffebebeb, 0x00ebebeb, 0x00ebebeb, 0xffebebeb, 0x00ebebeb,
  0x00ebebeb, 0x00ebebeb, 0xffebebeb, 0x00ebebeb, 0x00ebebeb, 0xffebebeb, 0x00ebebeb, 0xffebebeb, 0x00ebebeb, 0x00ebebeb, 0xffebebeb, 0x00ebebeb,
  0xffebebeb, 0x00ebebeb, 0x00ebebeb, 0x00ebebeb, 0xffebebeb, 0x00ebebeb, 0xffebebeb, 0x00ebebeb, 0x00ebebeb, 0x00ebebeb, 0xffebebeb, 0x00ebebeb,
  0x00ebebeb, 0xffebebeb, 0x00ebebeb, 0xffebebeb, 0x00ebebeb, 0x00ebebeb, 0xffebebeb, 0x00ebebeb, 0xffebebeb, 0xffebebeb, 0x00ebebeb, 0x00ebebeb,
  0x00ebebeb, 0x00ebebeb, 0x00ebebeb, 0x00ebebeb, 0x00ebebeb, 0xffebebeb, 0x00ebebeb, 0x00ebebeb, 0x00ebebeb, 0x00ebebeb, 0x00ebebeb, 0x00ebebeb,
  0xffebebeb, 0x00ebebeb, 0x00ebebeb, 0x00ebebeb, 0x00ebebeb, 0xffebebeb, 0x00ebebeb, 0x00ebebeb, 0x00ebebeb, 0x00ebebeb, 0xffebebeb, 0x00ebebeb,
  0x00ebebeb, 0x00ebebeb, 0x00ebebeb, 0x00ebebeb, 0x00ebebeb, 0xffebebeb, 0x00ebebeb, 0x00ebebeb, 0x00ebebeb, 0x00ebebeb, 0x00ebebeb, 0x00ebebeb,
  0x00ebebeb, 0x00ebebeb, 0xffebebeb, 0x00ebebeb, 0x00ebebeb, 0xffebebeb, 0x00ebebeb, 0x00ebebeb, 0xffebebeb, 0x00ebebeb, 0x00ebebeb, 0x00ebebeb,
  0xffebebeb, 0x00ebebeb, 0x00ebebeb, 0x00ebebeb, 0xffebebeb, 0x00ebebeb, 0xffebebeb, 0x00ebebeb, 0x00ebebeb, 0x00ebebeb, 0xffebebeb, 0x00ebebeb,
  0x00ebebeb, 0xffebebeb, 0x00ebebeb, 0x00ebebeb, 0xffebebeb, 0x00ebebeb, 0x00ebebeb, 0x00ebebeb, 0x00ebebeb, 0xffebebeb, 0x00ebebeb, 0x00ebebeb,
  0x00ebebeb, 0x00ebebeb, 0xffebebeb, 0x00ebebeb, 0x00ebebeb, 0x00ebebeb, 0x00ebebeb, 0x00ebebeb, 0xffebebeb, 0x00ebebeb, 0x00ebebeb, 0x00ebebeb,
  0x00ebebeb, 0xffebebeb, 0x00ebebeb, 0x00ebebeb, 0x00ebebeb, 0xffebebeb, 0x00ebebeb, 0x00ebebeb, 0xffebebeb, 0x00ebebeb, 0x00ebebeb, 0x00ebebeb,
  0x00ebebeb, 0xffebebeb, 0xffebebeb, 0xffebebeb, 0xffebebeb, 0xffebebeb, 0xffebebeb, 0xffebebeb, 0xffebebeb, 0xffebebeb, 0x00ebebeb, 0x00ebebeb,
  0xffebebeb, 0xffebebeb, 0xffebebeb, 0x00ebebeb, 0x00ebebeb, 0x00ebebeb, 0x00ebebeb, 0xffebebeb, 0x00ebebeb, 0xffebebeb, 0x00ebebeb, 0x00ebebeb,
  0x00ebebeb, 0xffebebeb, 0xffebebeb, 0xffebebeb, 0xffebebeb, 0xffebebeb, 0xffebebeb, 0xffebebeb, 0xffebebeb, 0xffebebeb, 0x00ebebeb, 0x00ebebeb,
  0xffebebeb, 0xffebebeb, 0x00ebebeb, 0x00ebebeb, 0xffebebeb, 0x00ebebeb, 0x00ebebeb, 0x00ebebeb, 0x00ebebeb, 0x00ebebeb, 0xffebebeb, 0x00ebebeb,
  0xffebebeb, 0x00ebebeb, 0x00ebebeb, 0xffebebeb, 0xffebebeb, 0x00ebebeb, 0x00ebebeb, 0x00ebebeb, 0x00ebebeb, 0x00ebebeb, 0xffebebeb, 0x00ebebeb,
  0x00ebebeb, 0x00ebebeb, 0xffebebeb, 0x00ebebeb, 0xffebebeb, 0x00ebebeb, 0x00ebebeb, 0xffebebeb, 0x00ebebeb, 0x00ebebeb, 0xffebebeb, 0x00ebebeb,
  0xffebebeb, 0x00ebebeb, 0x00ebebeb, 0x00ebebeb, 0xffebebeb, 0x00ebebeb, 0xffebebeb, 0x00ebebeb, 0x00ebebeb, 0x00ebebeb, 0xffebebeb, 0x00ebebeb,
  0x00ebebeb, 0xffebebeb, 0x00ebebeb, 0xffebebeb, 0x00ebebeb, 0x00ebebeb, 0xffebebeb, 0x00ebebeb, 0x00ebebeb, 0xffebebeb, 0x00ebebeb, 0x00ebebeb,
  0x00ebebeb, 0x00ebebeb, 0x00ebebeb, 0x00ebebeb, 0x00ebebeb, 0xffebebeb, 0x00ebebeb, 0x00ebebeb, 0x00ebebeb, 0x00ebebeb, 0x00ebebeb, 0x00ebebeb,
  0xffebebeb, 0x00ebebeb, 0x00ebebeb, 0x00ebebeb, 0x00ebebeb, 0xffebebeb, 0x00ebebeb, 0x00ebebeb, 0x00ebebeb, 0x00ebebeb, 0xffebebeb, 0x00ebebeb,
  0x00ebebeb, 0xffebebeb, 0xffebebeb, 0xffebebeb, 0xffebebeb, 0xffebebeb, 0xffebebeb, 0xffebebeb, 0xffebebeb, 0xffebebeb, 0x00ebebeb, 0x00ebebeb,
  0x00ebebeb, 0xffebebeb, 0x00ebebeb, 0x00ebebeb, 0x00ebebeb, 0xffebebeb, 0x00ebebeb, 0x00ebebeb, 0x00ebebeb, 0xffebebeb, 0x00ebebeb, 0x00ebebeb,
  0xffebebeb, 0xffebebeb, 0xffebebeb, 0xffebebeb, 0xffebebeb, 0x00ebebeb, 0xffebebeb, 0xffebebeb, 0xffebebeb, 0xffebebeb, 0xffebebeb, 0x00ebebeb,
  0x00ebebeb, 0xffebebeb, 0x00ebebeb, 0x00ebebeb, 0x00ebebeb, 0xffebebeb, 0x00ebebeb, 0x00ebebeb, 0xffebebeb, 0x00ebebeb, 0x00ebebeb, 0x00ebebeb,
  0x00ebebeb, 0x00ebebeb, 0xffebebeb, 0xffebebeb, 0xffebebeb, 0xffebebeb, 0xffebebeb, 0xffebebeb, 0xffebebeb, 0x00ebebeb, 0x00ebebeb, 0x00ebebeb,
  0x00ebebeb, 0xffebebeb, 0x00ebebeb, 0xffebebeb, 0xffebebeb, 0xffebebeb, 0xffebebeb, 0xffebebeb, 0xffebebeb, 0xffebebeb, 0xffebebeb, 0x00ebebeb,
  0xffebebeb, 0x00ebebeb, 0xffebebeb, 0x00ebebeb, 0x00ebebeb, 0xffebebeb, 0x00ebebeb, 0x00ebebeb, 0xffebebeb, 0x00ebebeb, 0xffebebeb, 0x00ebebeb,
  0x00ebebeb, 0x00ebebeb, 0xffebebeb, 0x00ebebeb, 0xffebebeb, 0xffebebeb, 0x00ebebeb, 0x00ebebeb, 0xffebebeb, 0x00ebebeb, 0x00ebebeb, 0x00ebebeb,
  0x00ebebeb, 0xffebebeb, 0x00ebebeb, 0x00ebebeb, 0x00ebebeb, 0xffebebeb, 0x00ebebeb, 0x00ebebeb, 0x00ebebeb, 0xffebebeb, 0x00ebebeb, 0x00ebebeb,
  0x00ebebeb, 0x00ebebeb, 0x00ebebeb, 0x00ebebeb, 0xffebebeb, 0x00ebebeb, 0x00ebebeb, 0x00ebebeb, 0x00ebebeb, 0x00ebebeb, 0xffebebeb, 0x00ebebeb,
  0xffebebeb, 0x00ebebeb, 0x00ebebeb, 0x00ebebeb, 0x00ebebeb, 0xffebebeb, 0xffebebeb, 0x00ebebeb, 0x00ebebeb, 0x00ebebeb, 0xffebebeb, 0x00ebebeb,
  0x00ebebeb, 0x00ebebeb, 0xffebebeb, 0x00ebebeb, 0x00ebebeb, 0x00ebebeb, 0xffebebeb, 0x00ebebeb, 0x00ebebeb, 0x00ebebeb, 0xffebebeb, 0x00ebebeb,
  0xffebebeb, 0x00ebebeb, 0x00ebebeb, 0x00ebebeb, 0xffebebeb, 0x00ebebeb, 0xffebebeb, 0x00ebebeb, 0x00ebebeb, 0x00ebebeb, 0xffebebeb, 0x00ebebeb,
  0x00ebebeb, 0xffebebeb, 0x00ebebeb, 0xffebebeb, 0x00ebebeb, 0x00ebebeb, 0xffebebeb, 0xffebebeb, 0x00ebebeb, 0xffebebeb, 0x00ebebeb, 0x00ebebeb,
  0x00ebebeb, 0x00ebebeb, 0x00ebebeb, 0x00ebebeb, 0x00ebebeb, 0xffebebeb, 0x00ebebeb, 0x00ebebeb, 0x00ebebeb, 0x00ebebeb, 0x00ebebeb, 0x00ebebeb,
  0xffebebeb, 0x00ebebeb, 0x00ebebeb, 0x00ebebeb, 0x00ebebeb, 0xffebebeb, 0x00ebebeb, 0x00ebebeb, 0x00ebebeb, 0xffebebeb, 0xffebebeb, 0x00ebebeb,
  0x00ebebeb, 0x00ebebeb, 0x00ebebeb, 0x00ebebeb, 0x00ebebeb, 0xffebebeb, 0x00ebebeb, 0x00ebebeb, 0x00ebebeb, 0x00ebebeb, 0x00ebebeb, 0x00ebebeb,
  0xffebebeb, 0x00ebebeb, 0x00ebebeb, 0x00ebebeb, 0x00ebebeb, 0xffebebeb, 0x00ebebeb, 0x00ebebeb, 0x00ebebeb, 0x00ebebeb, 0xffebebeb, 0x00ebebeb,
  0xffebebeb, 0x00ebebeb, 0x00ebebeb, 0x00ebebeb, 0xffebebeb, 0x00ebebeb, 0xffebebeb, 0x00ebebeb, 0x00ebebeb, 0x00ebebeb, 0xffebebeb, 0x00ebebeb,
  0x00ebebeb, 0xffebebeb, 0xffebebeb, 0x00ebebeb, 0x00ebebeb, 0x00ebebeb, 0xffebebeb, 0xffebebeb, 0x00ebebeb, 0x00ebebeb, 0x00ebebeb, 0x00ebebeb,
  0x00ebebeb, 0x00ebebeb, 0xffebebeb, 0x00ebebeb, 0x00ebebeb, 0x00ebebeb, 0x00ebebeb, 0x00ebebeb, 0xffebebeb, 0x00ebebeb, 0x00ebebeb, 0x00ebebeb,
  0x00ebebeb, 0xffebebeb, 0x00ebebeb, 0x00ebebeb, 0x00ebebeb, 0xffebebeb, 0x00ebebeb, 0x00ebebeb, 0xffebebeb, 0x00ebebeb, 0x00ebebeb, 0x00ebebeb,
  0x00ebebeb, 0x00ebebeb, 0xffebebeb, 0x00ebebeb, 0x00ebebeb, 0xffebebeb, 0x00ebebeb, 0xffebebeb, 0xffebebeb, 0x00ebebeb, 0x00ebebeb, 0x00ebebeb,
  0x00ebebeb, 0x00ebebeb, 0xffebebeb, 0xffebebeb, 0x00ebebeb, 0x00ebebeb, 0x00ebebeb, 0x00ebebeb, 0x00ebebeb, 0xffebebeb, 0xffebebeb, 0x00ebebeb,
  0x00ebebeb, 0xffebebeb, 0xffebebeb, 0xffebebeb, 0xffebebeb, 0xffebebeb, 0xffebebeb, 0xffebebeb, 0xffebebeb, 0xffebebeb, 0x00ebebeb, 0x00ebebeb,
  0x00ebebeb, 0x00ebebeb, 0x00ebebeb, 0x00ebebeb, 0x00ebebeb, 0xffebebeb, 0xffebebeb, 0xffebebeb, 0xffebebeb, 0xffebebeb, 0xffebebeb, 0x00ebebeb,
  0xffebebeb, 0xffebebeb, 0xffebebeb, 0xffebebeb, 0xffebebeb, 0xffebebeb, 0xffebebeb, 0xffebebeb, 0xffebebeb, 0xffebebeb, 0xffebebeb, 0x00ebebeb,
  0x00ebebeb, 0x00ebebeb, 0xffebebeb, 0x00ebebeb, 0x00ebebeb, 0xffebebeb, 0x00ebebeb, 0x00ebebeb, 0xffebebeb, 0xffebebeb, 0x00ebebeb, 0x00ebebeb,
  0xffebebeb, 0xffebebeb, 0xffebebeb, 0xffebebeb, 0xffebebeb, 0x00ebebeb, 0xffebebeb, 0xffebebeb, 0xffebebeb, 0xffebebeb, 0xffebebeb, 0x00ebebeb,
  0xffebebeb, 0x00ebebeb, 0x00ebebeb, 0xffebebeb, 0x00ebebeb, 0x00ebebeb, 0xffebebeb, 0x00ebebeb, 0x00ebebeb, 0xffebebeb, 0xffebebeb, 0x00ebebeb,
  0x00ebebeb, 0x00ebebeb, 0x00ebebeb, 0xffebebeb, 0xffebebeb, 0xffebebeb, 0x00ebebeb, 0x00ebebeb, 0x00ebebeb, 0x00ebebeb, 0x00ebebeb, 0x00ebebeb,
  0x00ebebeb, 0x00ebebeb, 0x00ebebeb, 0x00ebebeb, 0x00ebebeb, 0xffebebeb, 0x00ebebeb, 0x00ebebeb, 0x00ebebeb, 0x00ebebeb, 0x00ebebeb, 0x00ebebeb,
  0xffebebeb, 0xffebebeb, 0xffebebeb, 0xffebebeb, 0xffebebeb, 0xffebebeb, 0xffebebeb, 0xffebebeb, 0xffebebeb, 0xffebebeb, 0xffebebeb, 0x00ebebeb,
  0x00ebebeb, 0x00ebebeb, 0x00ebebeb, 0xffebebeb, 0xffebebeb, 0xffebebeb, 0x00ebebeb, 0x00ebebeb, 0x00ebebeb, 0x00ebebeb, 0x00ebebeb, 0x00ebebeb,
  0xffebebeb, 0xffebebeb, 0xffebebeb, 0xffebebeb, 0xffebebeb, 0x00ebebeb, 0xffebebeb, 0xffebebeb, 0xffebebeb, 0xffebebeb, 0xffebebeb, 0x00ebebeb,
  0x00ebebeb, 0xffebebeb, 0x00ebebeb, 0xffebebeb, 0xffebebeb, 0xffebebeb, 0x00ebebeb, 0x00ebebeb, 0xffebebeb, 0xffebebeb, 0xffebebeb, 0x00ebebeb,
  0xffebebeb, 0xffebebeb, 0xffebebeb, 0xffebebeb, 0xffebebeb, 0xffebebeb, 0xffebebeb, 0xffebebeb, 0xffebebeb, 0xffebebeb, 0xffebebeb, 0x00ebebeb,
  0xffebebeb, 0x00ebebeb, 0x00ebebeb, 0xffebebeb, 0xffebebeb, 0x00ebebeb, 0x00ebebeb, 0x00ebebeb, 0xffebebeb, 0x00ebebeb, 0x00ebebeb, 0x00ebebeb,
  0x00ebebeb, 0x00ebebeb, 0x00ebebeb, 0x00ebebeb, 0x00ebebeb, 0xffebebeb, 0x00ebebeb, 0x00ebebeb, 0x00ebebeb, 0x00ebebeb, 0x00ebebeb, 0x00ebebeb,
  0x00ebebeb, 0x00ebebeb, 0x00ebebeb, 0x00ebebeb, 0x00ebebeb, 0x00ebebeb, 0x00ebebeb, 0x00ebebeb, 0x00ebebeb, 0x00ebebeb, 0x00ebebeb, 0x00ebebeb,
  0x00ebebeb, 0x00ebebeb, 0x00ebebeb, 0x00ebebeb, 0x00ebebeb, 0x00ebebeb, 0x00ebebeb, 0x00ebebeb, 0x00ebebeb, 0x00ebebeb, 0x00ebebeb, 0x00ebebeb,
  0x00ebebeb, 0x00ebebeb, 0x00ebebeb, 0x00ebebeb, 0x00ebebeb, 0x00ebebeb, 0x00ebebeb, 0x00ebebeb, 0x00ebebeb, 0x00ebebeb, 0x00ebebeb, 0x00ebebeb,
  0x00ebebeb, 0x00ebebeb, 0x00ebebeb, 0x00ebebeb, 0x00ebebeb, 0x00ebebeb, 0x00ebebeb, 0x00ebebeb, 0x00ebebeb, 0x00ebebeb, 0x00ebebeb, 0x00ebebeb,
  0x00ebebeb, 0x00ebebeb, 0x00ebebeb, 0x00ebebeb, 0x00ebebeb, 0x00ebebeb, 0x00ebebeb, 0x00ebebeb, 0x00ebebeb, 0x00ebebeb, 0x00ebebeb, 0x00ebebeb,
  0x00ebebeb, 0x00ebebeb, 0x00ebebeb, 0x00ebebeb, 0x00ebebeb, 0x00ebebeb, 0x00ebebeb, 0x00ebebeb, 0x00ebebeb, 0x00ebebeb, 0x00ebebeb, 0x00ebebeb,
  0x00ebebeb, 0x00ebebeb, 0x00ebebeb, 0x00ebebeb, 0x00ebebeb, 0x00ebebeb, 0x00ebebeb, 0x00ebebeb, 0x00ebebeb, 0x00ebebeb, 0x00ebebeb, 0x00ebebeb,
  0x00ebebeb, 0x00ebebeb, 0x00ebebeb, 0x00ebebeb, 0x00ebebeb, 0x00ebebeb, 0x00ebebeb, 0x00ebebeb, 0x00ebebeb, 0x00ebebeb, 0x00ebebeb, 0x00ebebeb,
  0x00ebebeb, 0x00ebebeb, 0x00ebebeb, 0x00ebebeb, 0x00ebebeb, 0x00ebebeb, 0x00ebebeb, 0x00ebebeb, 0x00ebebeb, 0x00ebebeb, 0x00ebebeb, 0x00ebebeb,
  0x00ebebeb, 0x00ebebeb, 0x00ebebeb, 0x00ebebeb, 0x00ebebeb, 0x00ebebeb, 0x00ebebeb, 0x00ebebeb, 0x00ebebeb, 0x00ebebeb, 0x00ebebeb, 0x00ebebeb,
  0x00ebebeb, 0x00ebebeb, 0x00ebebeb, 0x00ebebeb, 0x00ebebeb, 0x00ebebeb, 0x00ebebeb, 0x00ebebeb, 0x00ebebeb, 0x00ebebeb, 0x00ebebeb, 0x00ebebeb,
  0x00ebebeb, 0x00ebebeb, 0x00ebebeb, 0x00ebebeb, 0x00ebebeb, 0x00ebebeb, 0x00ebebeb, 0x00ebebeb, 0x00ebebeb, 0x00ebebeb, 0x00ebebeb, 0x00ebebeb,
  0x00ebebeb, 0x00ebebeb, 0x00ebebeb, 0x00ebebeb, 0x00ebebeb, 0x00ebebeb, 0x00ebebeb, 0x00ebebeb, 0x00ebebeb, 0x00ebebeb, 0x00ebebeb, 0x00ebebeb,
  0x00ebebeb, 0x00ebebeb, 0x00ebebeb, 0x00ebebeb, 0x00ebebeb, 0x00ebebeb, 0x00ebebeb, 0x00ebebeb, 0x00ebebeb, 0x00ebebeb, 0x00ebebeb, 0x00ebebeb,
  0x00ebebeb, 0x00ebebeb, 0x00ebebeb, 0x00ebebeb, 0x00ebebeb, 0x00ebebeb, 0x00ebebeb, 0x00ebebeb, 0x00ebebeb, 0x00ebebeb, 0x00ebebeb, 0x00ebebeb,
  0x00ebebeb, 0x00ebebeb, 0x00ebebeb, 0x00ebebeb, 0x00ebebeb, 0x00ebebeb, 0x00ebebeb, 0x00ebebeb, 0x00ebebeb, 0x00ebebeb, 0x00ebebeb, 0x00ebebeb,
  0x00ebebeb, 0xffebebeb, 0x00ebebeb, 0x00ebebeb, 0xffebebeb, 0xffebebeb, 0xffebebeb, 0xffebebeb, 0xffebebeb, 0xffebebeb, 0x00ebebeb, 0x00ebebeb,
  0x00ebebeb, 0x00ebebeb, 0xffebebeb, 0x00ebebeb, 0x00ebebeb, 0x00ebebeb, 0x00ebebeb, 0xffebebeb, 0x00ebebeb, 0x00ebebeb, 0x00ebebeb, 0x00ebebeb,
  0xffebebeb, 0x00ebebeb, 0x00ebebeb, 0x00ebebeb, 0x00ebebeb, 0x00ebebeb, 0x00ebebeb, 0xffebebeb, 0x00ebebeb, 0x00ebebeb, 0x00ebebeb, 0x00ebebeb,
  0x00ebebeb, 0x00ebebeb, 0x00ebebeb, 0x00ebebeb, 0x00ebebeb, 0x00ebebeb, 0xffebebeb, 0x00ebebeb, 0x00ebebeb, 0x00ebebeb, 0x00ebebeb, 0x00ebebeb,
  0x00ebebeb, 0xffebebeb, 0xffebebeb, 0xffebebeb, 0xffebebeb, 0xffebebeb, 0xffebebeb, 0xffebebeb, 0xffebebeb, 0xffebebeb, 0x00ebebeb, 0x00ebebeb,
  0x00ebebeb, 0x00ebebeb, 0x00ebebeb, 0x00ebebeb, 0x00ebebeb, 0x00ebebeb, 0x00ebebeb, 0xffebebeb, 0x00ebebeb, 0x00ebebeb, 0x00ebebeb, 0x00ebebeb,
  0x00ebebeb, 0x00ebebeb, 0xffebebeb, 0x00ebebeb, 0x00ebebeb, 0x00ebebeb, 0x00ebebeb, 0x00ebebeb, 0x00ebebeb, 0xffebebeb, 0x00ebebeb, 0x00ebebeb,
  0x00ebebeb, 0xffebebeb, 0x00ebebeb, 0x00ebebeb, 0x00ebebeb, 0x00ebebeb, 0x00ebebeb, 0xffebebeb, 0x00ebebeb, 0x00ebebeb, 0x00ebebeb, 0x00ebebeb,
  0x00ebebeb, 0xffebebeb, 0x00ebebeb, 0x00ebebeb, 0x00ebebeb, 0x00ebebeb, 0x00ebebeb, 0x00ebebeb, 0xffebebeb, 0x00ebebeb, 0x00ebebeb, 0x00ebebeb,
  0xffebebeb, 0xffebebeb, 0xffebebeb, 0xffebebeb, 0xffebebeb, 0xffebebeb, 0xffebebeb, 0xffebebeb, 0xffebebeb, 0xffebebeb, 0xffebebeb, 0x00ebebeb,
  0x00ebebeb, 0xffebebeb, 0x00ebebeb, 0x00ebebeb, 0xffebebeb, 0x00ebebeb, 0x00ebebeb, 0xffebebeb, 0x00ebebeb, 0x00ebebeb, 0x00ebebeb, 0x00ebebeb,
  0x00ebebeb, 0x00ebebeb, 0x00ebebeb, 0x00ebebeb, 0xffebebeb, 0x00ebebeb, 0x00ebebeb, 0x00ebebeb, 0x00ebebeb, 0x00ebebeb, 0xffebebeb, 0x00ebebeb,
  0x00ebebeb, 0x00ebebeb, 0x00ebebeb, 0x00ebebeb, 0x00ebebeb, 0x00ebebeb, 0xffebebeb, 0x00ebebeb, 0x00ebebeb, 0x00ebebeb, 0x00ebebeb, 0x00ebebeb,
  0xffebebeb, 0x00ebebeb, 0x00ebebeb, 0x00ebebeb, 0xffebebeb, 0x00ebebeb, 0x00ebebeb, 0xffebebeb, 0x00ebebeb, 0x00ebebeb, 0x00ebebeb, 0x00ebebeb,
  0x00ebebeb, 0xffebebeb, 0x00ebebeb, 0x00ebebeb, 0xffebebeb, 0xffebebeb, 0xffebebeb, 0xffebebeb, 0xffebebeb, 0xffebebeb, 0xffebebeb, 0x00ebebeb,
  0x00ebebeb, 0x00ebebeb, 0x00ebebeb, 0x00ebebeb, 0x00ebebeb, 0xffebebeb, 0x00ebebeb, 0x00ebebeb, 0x00ebebeb, 0x00ebebeb, 0x00ebebeb, 0x00ebebeb,
  0x00ebebeb, 0x00ebebeb, 0xffebebeb, 0x00ebebeb, 0xffebebeb, 0x00ebebeb, 0x00ebebeb, 0x00ebebeb, 0x00ebebeb, 0xffebebeb, 0x00ebebeb, 0x00ebebeb,
  0xffebebeb, 0xffebebeb, 0xffebebeb, 0xffebebeb, 0x00ebebeb, 0x00ebebeb, 0xffebebeb, 0x00ebebeb, 0xffebebeb, 0x00ebebeb, 0x00ebebeb, 0x00ebebeb,
  0x00ebebeb, 0xffebebeb, 0x00ebebeb, 0xffebebeb, 0xffebebeb, 0xffebebeb, 0xffebebeb, 0xffebebeb, 0xffebebeb, 0xffebebeb, 0xffebebeb, 0x00ebebeb,
  0x00ebebeb, 0xffebebeb, 0xffebebeb, 0xffebebeb, 0xffebebeb, 0xffebebeb, 0xffebebeb, 0xffebebeb, 0xffebebeb, 0xffebebeb, 0xffebebeb, 0x00ebebeb,
  0x00ebebeb, 0x00ebebeb, 0x00ebebeb, 0x00ebebeb, 0x00ebebeb, 0xffebebeb, 0x00ebebeb, 0x00ebebeb, 0x00ebebeb, 0x00ebebeb, 0x00ebebeb, 0x00ebebeb,
  0xffebebeb, 0xffebebeb, 0xffebebeb, 0x00ebebeb, 0x00ebebeb, 0x00ebebeb, 0x00ebebeb, 0xffebebeb, 0x00ebebeb, 0x00ebebeb, 0x00ebebeb, 0x00ebebeb,
  0x00ebebeb, 0xffebebeb, 0xffebebeb, 0xffebebeb, 0xffebebeb, 0x00ebebeb, 0x00ebebeb, 0x00ebebeb, 0x00ebebeb, 0xffebebeb, 0x00ebebeb, 0x00ebebeb,
  0x00ebebeb, 0xffebebeb, 0x00ebebeb, 0x00ebebeb, 0xffebebeb, 0xffebebeb, 0xffebebeb, 0xffebebeb, 0xffebebeb, 0xffebebeb, 0xffebebeb, 0x00ebebeb,
  0x00ebebeb, 0xffebebeb, 0xffebebeb, 0xffebebeb, 0xffebebeb, 0x00ebebeb, 0xffebebeb, 0xffebebeb, 0xffebebeb, 0xffebebeb, 0xffebebeb, 0x00ebebeb,
  0x00ebebeb, 0x00ebebeb, 0xffebebeb, 0x00ebebeb, 0x00ebebeb, 0x00ebebeb, 0x00ebebeb, 0x00ebebeb, 0xffebebeb, 0x00ebebeb, 0x00ebebeb, 0x00ebebeb,
  0x00ebebeb, 0xffebebeb, 0x00ebebeb, 0x00ebebeb, 0xffebebeb, 0x00ebebeb, 0x00ebebeb, 0x00ebebeb, 0xffebebeb, 0x00ebebeb, 0x00ebebeb, 0x00ebebeb,
  0x00ebebeb, 0xffebebeb, 0xffebebeb, 0xffebebeb, 0xffebebeb, 0xffebebeb, 0xffebebeb, 0xffebebeb, 0x00ebebeb, 0xffebebeb, 0x00ebebeb, 0x00ebebeb,
  0x00ebebeb, 0x00ebebeb, 0xffebebeb, 0xffebebeb, 0xffebebeb, 0xffebebeb, 0xffebebeb, 0xffebebeb, 0xffebebeb, 0xffebebeb, 0xffebebeb, 0x00ebebeb,
  0x00ebebeb, 0xffebebeb, 0x00ebebeb, 0x00ebebeb, 0xffebebeb, 0xffebebeb, 0xffebebeb, 0xffebebeb, 0xffebebeb, 0xffebebeb, 0x00ebebeb, 0x00ebebeb,
  0x00ebebeb, 0xffebebeb, 0x00ebebeb, 0x00ebebeb, 0xffebebeb, 0x00ebebeb, 0x00ebebeb, 0x00ebebeb, 0x00ebebeb, 0x00ebebeb, 0xffebebeb, 0x00ebebeb,
  0x00ebebeb, 0x00ebebeb, 0x00ebebeb, 0x00ebebeb, 0x00ebebeb, 0xffebebeb, 0x00ebebeb, 0x00ebebeb, 0x00ebebeb, 0x00ebebeb, 0x00ebebeb, 0x00ebebeb,
  0x00ebebeb, 0x00ebebeb, 0x00ebebeb, 0x00ebebeb, 0xffebebeb, 0x00ebebeb, 0x00ebebeb, 0x00ebebeb, 0x00ebebeb, 0xffebebeb, 0x00ebebeb, 0x00ebebeb,
  0x00ebebeb, 0xffebebeb, 0x00ebebeb, 0x00ebebeb, 0x00ebebeb, 0xffebebeb, 0x00ebebeb, 0x00ebebeb, 0x00ebebeb, 0xffebebeb, 0x00ebebeb, 0x00ebebeb,
  0x00ebebeb, 0x00ebebeb, 0x00ebebeb, 0x00ebebeb, 0x00ebebeb, 0x00ebebeb, 0x00ebebeb, 0xffebebeb, 0x00ebebeb, 0x00ebebeb, 0x00ebebeb, 0x00ebebeb,
  0x00ebebeb, 0xffebebeb, 0x00ebebeb, 0x00ebebeb, 0xffebebeb, 0x00ebebeb, 0x00ebebeb, 0x00ebebeb, 0xffebebeb, 0x00ebebeb, 0x00ebebeb, 0x00ebebeb,
  0xffebebeb, 0xffebebeb, 0xffebebeb, 0xffebebeb, 0xffebebeb, 0xffebebeb, 0xffebebeb, 0xffebebeb, 0xffebebeb, 0xffebebeb, 0xffebebeb, 0x00ebebeb,
  0xffebebeb, 0x00ebebeb, 0xffebebeb, 0x00ebebeb, 0xffebebeb, 0xffebebeb, 0xffebebeb, 0xffebebeb, 0xffebebeb, 0xffebebeb, 0x00ebebeb, 0x00ebebeb,
  0x00ebebeb, 0xffebebeb, 0x00ebebeb, 0x00ebebeb, 0xffebebeb, 0x00ebebeb, 0xffebebeb, 0xffebebeb, 0xffebebeb, 0xffebebeb, 0xffebebeb, 0x00ebebeb,
  0xffebebeb, 0xffebebeb, 0xffebebeb, 0x00ebebeb, 0xffebebeb, 0x00ebebeb, 0x00ebebeb, 0x00ebebeb, 0x00ebebeb, 0x00ebebeb, 0xffebebeb, 0x00ebebeb,
  0xffebebeb, 0x00ebebeb, 0x00ebebeb, 0x00ebebeb, 0xffebebeb, 0x00ebebeb, 0x00ebebeb, 0x00ebebeb, 0xffebebeb, 0x00ebebeb, 0xffebebeb, 0x00ebebeb,
  0x00ebebeb, 0x00ebebeb, 0xffebebeb, 0x00ebebeb, 0x00ebebeb, 0x00ebebeb, 0x00ebebeb, 0x00ebebeb, 0xffebebeb, 0x00ebebeb, 0x00ebebeb, 0x00ebebeb,
  0xffebebeb, 0x00ebebeb, 0x00ebebeb, 0x00ebebeb, 0xffebebeb, 0x00ebebeb, 0x00ebebeb, 0x00ebebeb, 0x00ebebeb, 0x00ebebeb, 0x00ebebeb, 0x00ebebeb,
  0x00ebebeb, 0x00ebebeb, 0x00ebebeb, 0x00ebebeb, 0xffebebeb, 0x00ebebeb, 0x00ebebeb, 0x00ebebeb, 0xffebebeb, 0x00ebebeb, 0x00ebebeb, 0x00ebebeb,
  0x00ebebeb, 0x00ebebeb, 0xffebebeb, 0x00ebebeb, 0x00ebebeb, 0x00ebebeb, 0x00ebebeb, 0x00ebebeb, 0x00ebebeb, 0x00ebebeb, 0xffebebeb, 0x00ebebeb,
  0x00ebebeb, 0x00ebebeb, 0x00ebebeb, 0xffebebeb, 0x00ebebeb, 0x00ebebeb, 0x00ebebeb, 0xffebebeb, 0x00ebebeb, 0x00ebebeb, 0x00ebebeb, 0x00ebebeb,
  0xffebebeb, 0xffebebeb, 0xffebebeb, 0x00ebebeb, 0x00ebebeb, 0xffebebeb, 0x00ebebeb, 0x00ebebeb, 0x00ebebeb, 0xffebebeb, 0x00ebebeb, 0x00ebebeb,
  0x00ebebeb, 0x00ebebeb, 0x00ebebeb, 0x00ebebeb, 0x00ebebeb, 0xffebebeb, 0xffebebeb, 0xffebebeb, 0xffebebeb, 0xffebebeb, 0x00ebebeb, 0x00ebebeb,
  0xffebebeb, 0x00ebebeb, 0x00ebebeb, 0x00ebebeb, 0xffebebeb, 0xffebebeb, 0xffebebeb, 0xffebebeb, 0xffebebeb, 0xffebebeb, 0x00ebebeb, 0x00ebebeb,
  0xffebebeb, 0x00ebebeb, 0xffebebeb, 0x00ebebeb, 0xffebebeb, 0x00ebebeb, 0x00ebebeb, 0x00ebebeb, 0x00ebebeb, 0x00ebebeb, 0xffebebeb, 0x00ebebeb,
  0x00ebebeb, 0x00ebebeb, 0x00ebebeb, 0x00ebebeb, 0xffebebeb, 0xffebebeb, 0xffebebeb, 0xffebebeb, 0xffebebeb, 0xffebebeb, 0xffebebeb, 0x00ebebeb,
  0x00ebebeb, 0xffebebeb, 0xffebebeb, 0xffebebeb, 0xffebebeb, 0xffebebeb, 0xffebebeb, 0xffebebeb, 0xffebebeb, 0xffebebeb, 0xffebebeb, 0x00ebebeb,
  0x00ebebeb, 0xffebebeb, 0x00ebebeb, 0x00ebebeb, 0x00ebebeb, 0xffebebeb, 0x00ebebeb, 0x00ebebeb, 0x00ebebeb, 0xffebebeb, 0x00ebebeb, 0x00ebebeb,
  0xffebebeb, 0x00ebebeb, 0xffebebeb, 0x00ebebeb, 0xffebebeb, 0x00ebebeb, 0x00ebebeb, 0xffebebeb, 0x00ebebeb, 0xffebebeb, 0x00ebebeb, 0x00ebebeb,
  0x00ebebeb, 0xffebebeb, 0xffebebeb, 0xffebebeb, 0xffebebeb, 0x00ebebeb, 0x00ebebeb, 0x00ebebeb, 0x00ebebeb, 0xffebebeb, 0x00ebebeb, 0x00ebebeb,
  0x00ebebeb, 0xffebebeb, 0x00ebebeb, 0x00ebebeb, 0x00ebebeb, 0x00ebebeb, 0x00ebebeb, 0xffebebeb, 0x00ebebeb, 0x00ebebeb, 0x00ebebeb, 0x00ebebeb,
  0xffebebeb, 0xffebebeb, 0xffebebeb, 0x00ebebeb, 0xffebebeb, 0xffebebeb, 0xffebebeb, 0xffebebeb, 0xffebebeb, 0xffebebeb, 0xffebebeb, 0x00ebebeb,
  0x00ebebeb, 0x00ebebeb, 0xffebebeb, 0x00ebebeb, 0x00ebebeb, 0x00ebebeb, 0x00ebebeb, 0x00ebebeb, 0xffebebeb, 0x00ebebeb, 0x00ebebeb, 0x00ebebeb,
  0xffebebeb, 0xffebebeb, 0xffebebeb, 0xffebebeb, 0xffebebeb, 0xffebebeb, 0xffebebeb, 0xffebebeb, 0xffebebeb, 0xffebebeb, 0xffebebeb, 0x00ebebeb,
  0x00ebebeb, 0x00ebebeb, 0x00ebebeb, 0x00ebebeb, 0xffebebeb, 0x00ebebeb, 0x00ebebeb, 0xffebebeb, 0x00ebebeb, 0x00ebebeb, 0x00ebebeb, 0x00ebebeb,
  0x00ebebeb, 0x00ebebeb, 0xffebebeb, 0x00ebebeb, 0x00ebebeb, 0x00ebebeb, 0x00ebebeb, 0x00ebebeb, 0x00ebebeb, 0x00ebebeb, 0xffebebeb, 0x00ebebeb,
  0x00ebebeb, 0x00ebebeb, 0x00ebebeb, 0x00ebebeb, 0x00ebebeb, 0x00ebebeb, 0x00ebebeb, 0xffebebeb, 0x00ebebeb, 0x00ebebeb, 0x00ebebeb, 0x00ebebeb,
  0x00ebebeb, 0xffebebeb, 0x00ebebeb, 0x00ebebeb, 0x00ebebeb, 0x00ebebeb, 0xffebebeb, 0xffebebeb, 0xffebebeb, 0x00ebebeb, 0x00ebebeb, 0x00ebebeb,
  0x00ebebeb, 0x00ebebeb, 0x00ebebeb, 0x00ebebeb, 0x00ebebeb, 0xffebebeb, 0x00ebebeb, 0x00ebebeb, 0x00ebebeb, 0x00ebebeb, 0x00ebebeb, 0x00ebebeb,
  0x00ebebeb, 0xffebebeb, 0x00ebebeb, 0x00ebebeb, 0x00ebebeb, 0x00ebebeb, 0x00ebebeb, 0xffebebeb, 0x00ebebeb, 0x00ebebeb, 0x00ebebeb, 0x00ebebeb,
  0xffebebeb, 0x00ebebeb, 0xffebebeb, 0x00ebebeb, 0x00ebebeb, 0xffebebeb, 0x00ebebeb, 0x00ebebeb, 0x00ebebeb, 0x00ebebeb, 0x00ebebeb, 0x00ebebeb,
  0xffebebeb, 0xffebebeb, 0x00ebebeb, 0x00ebebeb, 0xffebebeb, 0x00ebebeb, 0x00ebebeb, 0xffebebeb, 0x00ebebeb, 0x00ebebeb, 0xffebebeb, 0x00ebebeb,
  0x00ebebeb, 0xffebebeb, 0x00ebebeb, 0x00ebebeb, 0xffebebeb, 0x00ebebeb, 0x00ebebeb, 0x00ebebeb, 0xffebebeb, 0x00ebebeb, 0x00ebebeb, 0x00ebebeb,
  0x00ebebeb, 0xffebebeb, 0xffebebeb, 0xffebebeb, 0xffebebeb, 0xffebebeb, 0xffebebeb, 0xffebebeb, 0xffebebeb, 0xffebebeb, 0x00ebebeb, 0x00ebebeb,
  0xffebebeb, 0x00ebebeb, 0xffebebeb, 0x00ebebeb, 0xffebebeb, 0x00ebebeb, 0x00ebebeb, 0xffebebeb, 0x00ebebeb, 0xffebebeb, 0x00ebebeb, 0x00ebebeb,
  0x00ebebeb, 0xffebebeb, 0x00ebebeb, 0x00ebebeb, 0xffebebeb, 0x00ebebeb, 0x00ebebeb, 0x00ebebeb, 0x00ebebeb, 0xffebebeb, 0x00ebebeb, 0x00ebebeb,
  0x00ebebeb, 0xffebebeb, 0x00ebebeb, 0x00ebebeb, 0x00ebebeb, 0x00ebebeb, 0x00ebebeb, 0xffebebeb, 0x00ebebeb, 0x00ebebeb, 0x00ebebeb, 0x00ebebeb,
  0x00ebebeb, 0xffebebeb, 0x00ebebeb, 0xffebebeb, 0x00ebebeb, 0x00ebebeb, 0x00ebebeb, 0x00ebebeb, 0xffebebeb, 0x00ebebeb, 0xffebebeb, 0x00ebebeb,
  0x00ebebeb, 0x00ebebeb, 0xffebebeb, 0x00ebebeb, 0x00ebebeb, 0x00ebebeb, 0x00ebebeb, 0x00ebebeb, 0xffebebeb, 0x00ebebeb, 0x00ebebeb, 0x00ebebeb,
  0x00ebebeb, 0x00ebebeb, 0x00ebebeb, 0xffebebeb, 0x00ebebeb, 0x00ebebeb, 0x00ebebeb, 0x00ebebeb, 0x00ebebeb, 0x00ebebeb, 0x00ebebeb, 0x00ebebeb,
  0xffebebeb, 0xffebebeb, 0xffebebeb, 0xffebebeb, 0xffebebeb, 0xffebebeb, 0xffebebeb, 0xffebebeb, 0xffebebeb, 0xffebebeb, 0xffebebeb, 0x00ebebeb,
  0x00ebebeb, 0x00ebebeb, 0xffebebeb, 0xffebebeb, 0xffebebeb, 0xffebebeb, 0xffebebeb, 0xffebebeb, 0xffebebeb, 0xffebebeb, 0xffebebeb, 0x00ebebeb,
  0xffebebeb, 0xffebebeb, 0x00ebebeb, 0xffebebeb, 0xffebebeb, 0xffebebeb, 0xffebebeb, 0xffebebeb, 0xffebebeb, 0xffebebeb, 0xffebebeb, 0x00ebebeb,
  0x00ebebeb, 0xffebebeb, 0x00ebebeb, 0x00ebebeb, 0xffebebeb, 0xffebebeb, 0x00ebebeb, 0x00ebebeb, 0x00ebebeb, 0xffebebeb, 0xffebebeb, 0x00ebebeb,
  0x00ebebeb, 0x00ebebeb, 0x00ebebeb, 0x00ebebeb, 0x00ebebeb, 0xffebebeb, 0x00ebebeb, 0x00ebebeb, 0x00ebebeb, 0x00ebebeb, 0x00ebebeb, 0x00ebebeb,
  0x00ebebeb, 0x00ebebeb, 0x00ebebeb, 0xffebebeb, 0xffebebeb, 0xffebebeb, 0xffebebeb, 0xffebebeb, 0xffebebeb, 0xffebebeb, 0xffebebeb, 0x00ebebeb,
  0xffebebeb, 0xffebebeb, 0xffebebeb, 0xffebebeb, 0x00ebebeb, 0xffebebeb, 0x00ebebeb, 0x00ebebeb, 0x00ebebeb, 0xffebebeb, 0x00ebebeb, 0x00ebebeb,
  0x00ebebeb, 0xffebebeb, 0x00ebebeb, 0x00ebebeb, 0xffebebeb, 0xffebebeb, 0xffebebeb, 0xffebebeb, 0xffebebeb, 0xffebebeb, 0xffebebeb, 0x00ebebeb,
  0x00ebebeb, 0xffebebeb, 0x00ebebeb, 0x00ebebeb, 0xffebebeb, 0xffebebeb, 0xffebebeb, 0xffebebeb, 0xffebebeb, 0x00ebebeb, 0x00ebebeb, 0x00ebebeb,
  0x00ebebeb, 0xffebebeb, 0x00ebebeb, 0x00ebebeb, 0x00ebebeb, 0xffebebeb, 0x00ebebeb, 0x00ebebeb, 0x00ebebeb, 0xffebebeb, 0x00ebebeb, 0x00ebebeb,
  0xffebebeb, 0xffebebeb, 0xffebebeb, 0x00ebebeb, 0xffebebeb, 0x00ebebeb, 0x00ebebeb, 0xffebebeb, 0x00ebebeb, 0xffebebeb, 0x00ebebeb, 0x00ebebeb,
  0x00ebebeb, 0xffebebeb, 0xffebebeb, 0xffebebeb, 0xffebebeb, 0x00ebebeb, 0xffebebeb, 0x00ebebeb, 0x00ebebeb, 0xffebebeb, 0x00ebebeb, 0x00ebebeb,
  0x00ebebeb, 0xffebebeb, 0xffebebeb, 0x00ebebeb, 0xffebebeb, 0xffebebeb, 0xffebebeb, 0xffebebeb, 0xffebebeb, 0xffebebeb, 0xffebebeb, 0x00ebebeb,
  0x00ebebeb, 0xffebebeb, 0x00ebebeb, 0xffebebeb, 0xffebebeb, 0x00ebebeb, 0xffebebeb, 0xffebebeb, 0xffebebeb, 0xffebebeb, 0xffebebeb, 0x00ebebeb,
  0xffebebeb, 0xffebebeb, 0xffebebeb, 0xffebebeb, 0xffebebeb, 0xffebebeb, 0xffebebeb, 0xffebebeb, 0xffebebeb, 0xffebebeb, 0xffebebeb, 0x00ebebeb,
  0x00ebebeb, 0x00ebebeb, 0x00ebebeb, 0xffebebeb, 0xffebebeb, 0xffebebeb, 0xffebebeb, 0xffebebeb, 0xffebebeb, 0x00ebebeb, 0x00ebebeb, 0x00ebebeb,
  0x00ebebeb, 0x00ebebeb, 0x00ebebeb, 0xffebebeb, 0x00ebebeb, 0x00ebebeb, 0x00ebebeb, 0x00ebebeb, 0x00ebebeb, 0x00ebebeb, 0x00ebebeb, 0x00ebebeb,
  0x00ebebeb, 0x00ebebeb, 0xffebebeb, 0x00ebebeb, 0x00ebebeb, 0x00ebebeb, 0x00ebebeb, 0x00ebebeb, 0x00ebebeb, 0x00ebebeb, 0x00ebebeb, 0x00ebebeb,
  0x00ebebeb, 0xffebebeb, 0x00ebebeb, 0x00ebebeb, 0x00ebebeb, 0xffebebeb, 0x00ebebeb, 0x00ebebeb, 0xffebebeb, 0x00ebebeb, 0x00ebebeb, 0x00ebebeb,
  0x00ebebeb, 0xffebebeb, 0xffebebeb, 0x00ebebeb, 0x00ebebeb, 0x00ebebeb, 0x00ebebeb, 0xffebebeb, 0x00ebebeb, 0x00ebebeb, 0x00ebebeb, 0x00ebebeb,
  0xffebebeb, 0xffebebeb, 0xffebebeb, 0xffebebeb, 0xffebebeb, 0xffebebeb, 0xffebebeb, 0xffebebeb, 0xffebebeb, 0xffebebeb, 0xffebebeb, 0x00ebebeb,
  0x00ebebeb, 0x00ebebeb, 0x00ebebeb, 0xffebebeb, 0x00ebebeb, 0x00ebebeb, 0x00ebebeb, 0xffebebeb, 0x00ebebeb, 0x00ebebeb, 0xffebebeb, 0x00ebebeb,
  0x00ebebeb, 0x00ebebeb, 0xffebebeb, 0x00ebebeb, 0x00ebebeb, 0xffebebeb, 0x00ebebeb, 0x00ebebeb, 0xffebebeb, 0x00ebebeb, 0x00ebebeb, 0x00ebebeb,
  0x00ebebeb, 0xffebebeb, 0x00ebebeb, 0x00ebebeb, 0x00ebebeb, 0x00ebebeb, 0xffebebeb, 0xffebebeb, 0xffebebeb, 0x00ebebeb, 0x00ebebeb, 0x00ebebeb,
  0x00ebebeb, 0xffebebeb, 0x00ebebeb, 0x00ebebeb, 0x00ebebeb, 0x00ebebeb, 0x00ebebeb, 0x00ebebeb, 0x00ebebeb, 0x00ebebeb, 0x00ebebeb, 0x00ebebeb,
  0x00ebebeb, 0xffebebeb, 0xffebebeb, 0xffebebeb, 0xffebebeb, 0xffebebeb, 0xffebebeb, 0xffebebeb, 0xffebebeb, 0xffebebeb, 0x00ebebeb, 0x00ebebeb,
  0xffebebeb, 0x00ebebeb, 0xffebebeb, 0xffebebeb, 0xffebebeb, 0xffebebeb, 0xffebebeb, 0xffebebeb, 0xffebebeb, 0xffebebeb, 0xffebebeb, 0x00ebebeb,
  0x00ebebeb, 0xffebebeb, 0x00ebebeb, 0x00ebebeb, 0xffebebeb, 0x00ebebeb, 0x00ebebeb, 0xffebebeb, 0x00ebebeb, 0xffebebeb, 0x00ebebeb, 0x00ebebeb,
  0xffebebeb, 0xffebebeb, 0x00ebebeb, 0x00ebebeb, 0x00ebebeb, 0x00ebebeb, 0xffebebeb, 0x00ebebeb, 0x00ebebeb, 0xffebebeb, 0x00ebebeb, 0x00ebebeb,
  0xffebebeb, 0xffebebeb, 0xffebebeb, 0x00ebebeb, 0xffebebeb, 0x00ebebeb, 0x00ebebeb, 0x00ebebeb, 0xffebebeb, 0x00ebebeb, 0x00ebebeb, 0x00ebebeb,
  0x00ebebeb, 0x00ebebeb, 0xffebebeb, 0x00ebebeb, 0x00ebebeb, 0x00ebebeb, 0x00ebebeb, 0x00ebebeb, 0xffebebeb, 0x00ebebeb, 0x00ebebeb, 0x00ebebeb,
  0x00ebebeb, 0x00ebebeb, 0xffebebeb, 0x00ebebeb, 0xffebebeb, 0x00ebebeb, 0x00ebebeb, 0x00ebebeb, 0xffebebeb, 0x00ebebeb, 0x00ebebeb, 0x00ebebeb,
  0x00ebebeb, 0x00ebebeb, 0xffebebeb, 0xffebebeb, 0xffebebeb, 0xffebebeb, 0xffebebeb, 0xffebebeb, 0xffebebeb, 0xffebebeb, 0x00ebebeb, 0x00ebebeb,
  0x00ebebeb, 0x00ebebeb, 0xffebebeb, 0xffebebeb, 0xffebebeb, 0xffebebeb, 0xffebebeb, 0xffebebeb, 0xffebebeb, 0xffebebeb, 0xffebebeb, 0x00ebebeb,
  0x00ebebeb, 0xffebebeb, 0x00ebebeb, 0x00ebebeb, 0x00ebebeb, 0xffebebeb, 0x00ebebeb, 0x00ebebeb, 0xffebebeb, 0x00ebebeb, 0x00ebebeb, 0x00ebebeb,
  0xffebebeb, 0xffebebeb, 0x00ebebeb, 0x00ebebeb, 0x00ebebeb, 0xffebebeb, 0xffebebeb, 0xffebebeb, 0xffebebeb, 0xffebebeb, 0x00ebebeb, 0x00ebebeb,
  0x00ebebeb, 0x00ebebeb, 0x00ebebeb, 0x00ebebeb, 0x00ebebeb, 0xffebebeb, 0x00ebebeb, 0x00ebebeb, 0x00ebebeb, 0x00ebebeb, 0x00ebebeb, 0x00ebebeb,
  0x00ebebeb, 0xffebebeb, 0x00ebebeb, 0xffebebeb, 0x00ebebeb, 0x00ebebeb, 0xffebebeb, 0x00ebebeb, 0xffebebeb, 0x00ebebeb, 0xffebebeb, 0x00ebebeb,
  0x00ebebeb, 0x00ebebeb, 0xffebebeb, 0xffebebeb, 0x00ebebeb, 0xffebebeb, 0xffebebeb, 0xffebebeb, 0x00ebebeb, 0x00ebebeb, 0x00ebebeb, 0x00ebebeb,
  0x00ebebeb, 0xffebebeb, 0x00ebebeb, 0x00ebebeb, 0x00ebebeb, 0xffebebeb, 0x00ebebeb, 0xffebebeb, 0x00ebebeb, 0xffebebeb, 0x00ebebeb, 0x00ebebeb,
  0x00ebebeb, 0xffebebeb, 0x00ebebeb, 0xffebebeb, 0xffebebeb, 0xffebebeb, 0xffebebeb, 0xffebebeb, 0xffebebeb, 0xffebebeb, 0x00ebebeb, 0x00ebebeb,
  0x00ebebeb, 0x00ebebeb, 0x00ebebeb, 0x00ebebeb, 0x00ebebeb, 0xffebebeb, 0x00ebebeb, 0x00ebebeb, 0x00ebebeb, 0x00ebebeb, 0x00ebebeb, 0x00ebebeb,
  0xffebebeb, 0x00ebebeb, 0xffebebeb, 0x00ebebeb, 0x00ebebeb, 0x00ebebeb, 0x00ebebeb, 0xffebebeb, 0x00ebebeb, 0x00ebebeb, 0x00ebebeb, 0x00ebebeb,
  0xffebebeb, 0xffebebeb, 0xffebebeb, 0xffebebeb, 0xffebebeb, 0x00ebebeb, 0x00ebebeb, 0xffebebeb, 0x00ebebeb, 0xffebebeb, 0x00ebebeb, 0x00ebebeb,
  0x00ebebeb, 0xffebebeb, 0x00ebebeb, 0x00ebebeb, 0x00ebebeb, 0xffebebeb, 0x00ebebeb, 0x00ebebeb, 0x00ebebeb, 0xffebebeb, 0x00ebebeb, 0x00ebebeb,
  0x00ebebeb, 0xffebebeb, 0x00ebebeb, 0x00ebebeb, 0xffebebeb, 0x00ebebeb, 0xffebebeb, 0xffebebeb, 0xffebebeb, 0xffebebeb, 0xffebebeb, 0x00ebebeb,
  0x00ebebeb, 0x00ebebeb, 0xffebebeb, 0x00ebebeb, 0x00ebebeb, 0x00ebebeb, 0x00ebebeb, 0x00ebebeb, 0xffebebeb, 0x00ebebeb, 0x00ebebeb, 0x00ebebeb,
  0x00ebebeb, 0x00ebebeb, 0xffebebeb, 0x00ebebeb, 0x00ebebeb, 0xffebebeb, 0x00ebebeb, 0xffebebeb, 0x00ebebeb, 0x00ebebeb, 0x00ebebeb, 0x00ebebeb,
  0x00ebebeb, 0xffebebeb, 0xffebebeb, 0x00ebebeb, 0x00ebebeb, 0x00ebebeb, 0x00ebebeb, 0x00ebebeb, 0x00ebebeb, 0xffebebeb, 0x00ebebeb, 0x00ebebeb,
  0x00ebebeb, 0x00ebebeb, 0xffebebeb, 0xffebebeb, 0x00ebebeb, 0x00ebebeb, 0x00ebebeb, 0x00ebebeb, 0x00ebebeb, 0x00ebebeb, 0xffebebeb, 0x00ebebeb,
  0x00ebebeb, 0xffebebeb, 0x00ebebeb, 0x00ebebeb, 0xffebebeb, 0x00ebebeb, 0x00ebebeb, 0x00ebebeb, 0xffebebeb, 0x00ebebeb, 0xffebebeb, 0x00ebebeb,
  0x00ebebeb, 0xffebebeb, 0x00ebebeb, 0x00ebebeb, 0x00ebebeb, 0x00ebebeb, 0x00ebebeb, 0xffebebeb, 0x00ebebeb, 0x00ebebeb, 0x00ebebeb, 0x00ebebeb,
  0x00ebebeb, 0x00ebebeb, 0x00ebebeb, 0x00ebebeb, 0x00ebebeb, 0xffebebeb, 0x00ebebeb, 0xffebebeb, 0x00ebebeb, 0x00ebebeb, 0x00ebebeb, 0x00ebebeb,
  0x00ebebeb, 0xffebebeb, 0x00ebebeb, 0xffebebeb, 0xffebebeb, 0xffebebeb, 0x00ebebeb, 0x00ebebeb, 0x00ebebeb, 0xffebebeb, 0xffebebeb, 0x00ebebeb,
  0xffebebeb, 0xffebebeb, 0xffebebeb, 0x00ebebeb, 0x00ebebeb, 0xffebebeb, 0x00ebebeb, 0x00ebebeb, 0x00ebebeb, 0x00ebebeb, 0xffebebeb, 0x00ebebeb,
  0x00ebebeb, 0xffebebeb, 0x00ebebeb, 0xffebebeb, 0xffebebeb, 0x00ebebeb, 0x00ebebeb, 0xffebebeb, 0x00ebebeb, 0x00ebebeb, 0xffebebeb, 0x00ebebeb,
  0x00ebebeb, 0xffebebeb, 0x00ebebeb, 0x00ebebeb, 0xffebebeb, 0x00ebebeb, 0x00ebebeb, 0x00ebebeb, 0xffebebeb, 0x00ebebeb, 0x00ebebeb, 0x00ebebeb,
  0x00ebebeb, 0xffebebeb, 0xffebebeb, 0xffebebeb, 0xffebebeb, 0xffebebeb, 0xffebebeb, 0xffebebeb, 0xffebebeb, 0xffebebeb, 0x00ebebeb, 0x00ebebeb,
  0xffebebeb, 0x00ebebeb, 0xffebebeb, 0x00ebebeb, 0x00ebebeb, 0x00ebebeb, 0xffebebeb, 0x00ebebeb, 0xffebebeb, 0x00ebebeb, 0x00ebebeb, 0x00ebebeb,
  0x00ebebeb, 0x00ebebeb, 0xffebebeb, 0x00ebebeb, 0xffebebeb, 0x00ebebeb, 0x00ebebeb, 0x00ebebeb, 0x00ebebeb, 0xffebebeb, 0x00ebebeb, 0x00ebebeb,
  0x00ebebeb, 0xffebebeb, 0x00ebebeb, 0x00ebebeb, 0x00ebebeb, 0x00ebebeb, 0xffebebeb, 0x00ebebeb, 0xffebebeb, 0x00ebebeb, 0x00ebebeb, 0x00ebebeb,
  0x00ebebeb, 0xffebebeb, 0x00ebebeb, 0xffebebeb, 0xffebebeb, 0x00ebebeb, 0x00ebebeb, 0x00ebebeb, 0xffebebeb, 0x00ebebeb, 0x00ebebeb, 0x00ebebeb,
  0x00ebebeb, 0xffebebeb, 0x00ebebeb, 0x00ebebeb, 0x00ebebeb, 0x00ebebeb, 0x00ebebeb, 0x00ebebeb, 0xffebebeb, 0x00ebebeb, 0x00ebebeb, 0x00ebebeb,
  0x00ebebeb, 0xffebebeb, 0x00ebebeb, 0x00ebebeb, 0x00ebebeb, 0x00ebebeb, 0xffebebeb, 0x00ebebeb, 0x00ebebeb, 0x00ebebeb, 0x00ebebeb, 0x00ebebeb,
  0xffebebeb, 0x00ebebeb, 0xffebebeb, 0xffebebeb, 0xffebebeb, 0xffebebeb, 0xffebebeb, 0xffebebeb, 0xffebebeb, 0xffebebeb, 0x00ebebeb, 0x00ebebeb,
  0x00ebebeb, 0xffebebeb, 0x00ebebeb, 0xffebebeb, 0x00ebebeb, 0x00ebebeb, 0x00ebebeb, 0x00ebebeb, 0x00ebebeb, 0x00ebebeb, 0xffebebeb, 0x00ebebeb,
  0x00ebebeb, 0xffebebeb, 0x00ebebeb, 0xffebebeb, 0x00ebebeb, 0x00ebebeb, 0x00ebebeb, 0x00ebebeb, 0xffebebeb, 0xffebebeb, 0xffebebeb, 0x00ebebeb,
  0x00ebebeb, 0xffebebeb, 0x00ebebeb, 0x00ebebeb, 0xffebebeb, 0xffebebeb, 0xffebebeb, 0xffebebeb, 0xffebebeb, 0xffebebeb, 0xffebebeb, 0x00ebebeb,
  0x00ebebeb, 0x00ebebeb, 0x00ebebeb, 0x00ebebeb, 0x00ebebeb, 0xffebebeb, 0x00ebebeb, 0x00ebebeb, 0xffebebeb, 0x00ebebeb, 0x00ebebeb, 0x00ebebeb,
  0xffebebeb, 0x00ebebeb, 0x00ebebeb, 0xffebebeb, 0x00ebebeb, 0x00ebebeb, 0x00ebebeb, 0x00ebebeb, 0x00ebebeb, 0x00ebebeb, 0xffebebeb, 0x00ebebeb,
  0x00ebebeb, 0x00ebebeb, 0xffebebeb, 0x00ebebeb, 0x00ebebeb, 0xffebebeb, 0x00ebebeb, 0x00ebebeb, 0x00ebebeb, 0x00ebebeb, 0xffebebeb, 0x00ebebeb,
  0xffebebeb, 0x00ebebeb, 0xffebebeb, 0x00ebebeb, 0x00ebebeb, 0x00ebebeb, 0x00ebebeb, 0xffebebeb, 0x00ebebeb, 0x00ebebeb, 0x00ebebeb, 0x00ebebeb,
  0x00ebebeb, 0xffebebeb, 0x00ebebeb, 0x00ebebeb, 0x00ebebeb, 0xffebebeb, 0xffebebeb, 0xffebebeb, 0x00ebebeb, 0x00ebebeb, 0x00ebebeb, 0x00ebebeb,
  0x00ebebeb, 0x00ebebeb, 0x00ebebeb, 0x00ebebeb, 0x00ebebeb, 0xffebebeb, 0x00ebebeb, 0x00ebebeb, 0x00ebebeb, 0x00ebebeb, 0x00ebebeb, 0x00ebebeb,
  0xffebebeb, 0xffebebeb, 0xffebebeb, 0x00ebebeb, 0x00ebebeb, 0xffebebeb, 0x00ebebeb, 0x00ebebeb, 0x00ebebeb, 0xffebebeb, 0x00ebebeb, 0x00ebebeb,
  0x00ebebeb, 0xffebebeb, 0x00ebebeb, 0x00ebebeb, 0xffebebeb, 0x00ebebeb, 0x00ebebeb, 0x00ebebeb, 0x00ebebeb, 0xffebebeb, 0x00ebebeb, 0x00ebebeb,
  0x00ebebeb, 0xffebebeb, 0x00ebebeb, 0x00ebebeb, 0x00ebebeb, 0x00ebebeb, 0x00ebebeb, 0xffebebeb, 0xffebebeb, 0x00ebebeb, 0x00ebebeb, 0x00ebebeb,
  0x00ebebeb, 0xffebebeb, 0xffebebeb, 0x00ebebeb, 0xffebebeb, 0xffebebeb, 0x00ebebeb, 0x00ebebeb, 0xffebebeb, 0x00ebebeb, 0x00ebebeb, 0x00ebebeb,
  0x00ebebeb, 0xffebebeb, 0x00ebebeb, 0x00ebebeb, 0x00ebebeb, 0x00ebebeb, 0x00ebebeb, 0x00ebebeb, 0xffebebeb, 0x00ebebeb, 0x00ebebeb, 0x00ebebeb,
  0x00ebebeb, 0xffebebeb, 0x00ebebeb, 0x00ebebeb, 0xffebebeb, 0xffebebeb, 0x00ebebeb, 0xffebebeb, 0xffebebeb, 0x00ebebeb, 0x00ebebeb, 0x00ebebeb,
  0x00ebebeb, 0x00ebebeb, 0xffebebeb, 0x00ebebeb, 0x00ebebeb, 0x00ebebeb, 0x00ebebeb, 0x00ebebeb, 0x00ebebeb, 0xffebebeb, 0x00ebebeb, 0x00ebebeb,
  0x00ebebeb, 0xffebebeb, 0x00ebebeb, 0xffebebeb, 0x00ebebeb, 0x00ebebeb, 0x00ebebeb, 0x00ebebeb, 0x00ebebeb, 0x00ebebeb, 0xffebebeb, 0x00ebebeb,
  0xffebebeb, 0x00ebebeb, 0xffebebeb, 0x00ebebeb, 0x00ebebeb, 0x00ebebeb, 0x00ebebeb, 0x00ebebeb, 0x00ebebeb, 0x00ebebeb, 0x00ebebeb, 0x00ebebeb,
  0x00ebebeb, 0xffebebeb, 0x00ebebeb, 0x00ebebeb, 0x00ebebeb, 0x00ebebeb, 0x00ebebeb, 0xffebebeb, 0x00ebebeb, 0x00ebebeb, 0x00ebebeb, 0x00ebebeb,
  0x00ebebeb, 0x00ebebeb, 0x00ebebeb, 0x00ebebeb, 0x00ebebeb, 0xffebebeb, 0x00ebebeb, 0x00ebebeb, 0x00ebebeb, 0xffebebeb, 0x00ebebeb, 0x00ebebeb,
  0xffebebeb, 0x00ebebeb, 0x00ebebeb, 0xffebebeb, 0x00ebebeb, 0x00ebebeb, 0x00ebebeb, 0x00ebebeb, 0x00ebebeb, 0xffebebeb, 0xffebebeb, 0x00ebebeb,
  0x00ebebeb, 0x00ebebeb, 0xffebebeb, 0x00ebebeb, 0x00ebebeb, 0x00ebebeb, 0xffebebeb, 0xffebebeb, 0xffebebeb, 0xffebebeb, 0xffebebeb, 0x00ebebeb,
  0xffebebeb, 0x00ebebeb, 0x00ebebeb, 0xffebebeb, 0xffebebeb, 0xffebebeb, 0xffebebeb, 0xffebebeb, 0xffebebeb, 0xffebebeb, 0xffebebeb, 0x00ebebeb,
  0xffebebeb, 0x00ebebeb, 0xffebebeb, 0xffebebeb, 0xffebebeb, 0x00ebebeb, 0x00ebebeb, 0x00ebebeb, 0xffebebeb, 0xffebebeb, 0xffebebeb, 0x00ebebeb,
  0xffebebeb, 0xffebebeb, 0xffebebeb, 0xffebebeb, 0xffebebeb, 0xffebebeb, 0xffebebeb, 0xffebebeb, 0xffebebeb, 0xffebebeb, 0xffebebeb, 0x00ebebeb,
  0x00ebebeb, 0x00ebebeb, 0x00ebebeb, 0xffebebeb, 0xffebebeb, 0x00ebebeb, 0x00ebebeb, 0x00ebebeb, 0x00ebebeb, 0x00ebebeb, 0xffebebeb, 0x00ebebeb,
  0xffebebeb, 0x00ebebeb, 0x00ebebeb, 0xffebebeb, 0xffebebeb, 0x00ebebeb, 0x00ebebeb, 0xffebebeb, 0xffebebeb, 0xffebebeb, 0x00ebebeb, 0x00ebebeb,
  0xffebebeb, 0xffebebeb, 0x00ebebeb, 0x00ebebeb, 0xffebebeb, 0xffebebeb, 0xffebebeb, 0x00ebebeb, 0x00ebebeb, 0xffebebeb, 0xffebebeb, 0x00ebebeb,
  0x00ebebeb, 0xffebebeb, 0x00ebebeb, 0xffebebeb, 0x00ebebeb, 0x00ebebeb, 0xffebebeb, 0xffebebeb, 0xffebebeb, 0xffebebeb, 0xffebebeb, 0x00ebebeb,
  0xffebebeb, 0x00ebebeb, 0x00ebebeb, 0x00ebebeb, 0x00ebebeb, 0x00ebebeb, 0x00ebebeb, 0x00ebebeb, 0xffebebeb, 0x00ebebeb, 0x00ebebeb, 0x00ebebeb,
  0xffebebeb, 0x00ebebeb, 0xffebebeb, 0xffebebeb, 0x00ebebeb, 0x00ebebeb, 0x00ebebeb, 0x00ebebeb, 0x00ebebeb, 0xffebebeb, 0xffebebeb, 0x00ebebeb,
  0x00ebebeb, 0x00ebebeb, 0xffebebeb, 0xffebebeb, 0xffebebeb, 0xffebebeb, 0xffebebeb, 0xffebebeb, 0xffebebeb, 0xffebebeb, 0x00ebebeb, 0x00ebebeb,
  0xffebebeb, 0x00ebebeb, 0x00ebebeb, 0xffebebeb, 0xffebebeb, 0xffebebeb, 0xffebebeb, 0xffebebeb, 0xffebebeb, 0xffebebeb, 0xffebebeb, 0x00ebebeb,
  0xffebebeb, 0x00ebebeb, 0x00ebebeb, 0xffebebeb, 0xffebebeb, 0xffebebeb, 0xffebebeb, 0xffebebeb, 0xffebebeb, 0xffebebeb, 0xffebebeb, 0x00ebebeb,
  0xffebebeb, 0xffebebeb, 0x00ebebeb, 0x00ebebeb, 0x00ebebeb, 0x00ebebeb, 0x00ebebeb, 0xffebebeb, 0x00ebebeb, 0x00ebebeb, 0x00ebebeb, 0x00ebebeb,
  0x00ebebeb, 0x00ebebeb, 0x00ebebeb, 0x00ebebeb, 0x00ebebeb, 0xffebebeb, 0x00ebebeb, 0x00ebebeb, 0x00ebebeb, 0x00ebebeb, 0x00ebebeb, 0x00ebebeb,
  0x00ebebeb, 0x00ebebeb, 0x00ebebeb, 0x00ebebeb, 0x00ebebeb, 0x00ebebeb, 0x00ebebeb, 0x00ebebeb, 0x00ebebeb, 0x00ebebeb, 0x00ebebeb, 0x00ebebeb,
  0x00ebebeb, 0x00ebebeb, 0x00ebebeb, 0x00ebebeb, 0x00ebebeb, 0x00ebebeb, 0x00ebebeb, 0x00ebebeb, 0x00ebebeb, 0x00ebebeb, 0x00ebebeb, 0x00ebebeb,
  0x00ebebeb, 0x00ebebeb, 0x00ebebeb, 0x00ebebeb, 0x00ebebeb, 0x00ebebeb, 0x00ebebeb, 0x00ebebeb, 0x00ebebeb, 0x00ebebeb, 0x00ebebeb, 0x00ebebeb,
  0x00ebebeb, 0x00ebebeb, 0x00ebebeb, 0x00ebebeb, 0x00ebebeb, 0x00ebebeb, 0x00ebebeb, 0x00ebebeb, 0x00ebebeb, 0x00ebebeb, 0x00ebebeb, 0x00ebebeb,
  0x00ebebeb, 0x00ebebeb, 0x00ebebeb, 0x00ebebeb, 0x00ebebeb, 0x00ebebeb, 0x00ebebeb, 0x00ebebeb, 0x00ebebeb, 0x00ebebeb, 0x00ebebeb, 0x00ebebeb,
  0x00ebebeb, 0x00ebebeb, 0x00ebebeb, 0x00ebebeb, 0x00ebebeb, 0x00ebebeb, 0x00ebebeb, 0x00ebebeb, 0x00ebebeb, 0x00ebebeb, 0x00ebebeb, 0x00ebebeb,
  0x00ebebeb, 0x00ebebeb, 0x00ebebeb, 0x00ebebeb, 0x00ebebeb, 0x00ebebeb, 0x00ebebeb, 0x00ebebeb, 0x00ebebeb, 0x00ebebeb, 0x00ebebeb, 0x00ebebeb,
  0x00ebebeb, 0x00ebebeb, 0x00ebebeb, 0x00ebebeb, 0x00ebebeb, 0x00ebebeb, 0x00ebebeb, 0x00ebebeb, 0x00ebebeb, 0x00ebebeb, 0x00ebebeb, 0x00ebebeb,
  0x00ebebeb, 0x00ebebeb, 0x00ebebeb, 0x00ebebeb, 0x00ebebeb, 0x00ebebeb, 0x00ebebeb, 0x00ebebeb, 0x00ebebeb, 0x00ebebeb, 0x00ebebeb, 0x00ebebeb,
  0x00ebebeb, 0x00ebebeb, 0x00ebebeb, 0x00ebebeb, 0x00ebebeb, 0x00ebebeb, 0x00ebebeb, 0x00ebebeb, 0x00ebebeb, 0x00ebebeb, 0x00ebebeb, 0x00ebebeb,
  0x00ebebeb, 0x00ebebeb, 0x00ebebeb, 0x00ebebeb, 0x00ebebeb, 0x00ebebeb, 0x00ebebeb, 0x00ebebeb, 0x00ebebeb, 0x00ebebeb, 0x00ebebeb, 0x00ebebeb,
  0x00ebebeb, 0x00ebebeb, 0x00ebebeb, 0x00ebebeb, 0x00ebebeb, 0x00ebebeb, 0x00ebebeb, 0x00ebebeb, 0x00ebebeb, 0x00ebebeb, 0x00ebebeb, 0x00ebebeb,
  0x00ebebeb, 0x00ebebeb, 0x00ebebeb, 0x00ebebeb, 0x00ebebeb, 0x00ebebeb, 0x00ebebeb, 0x00ebebeb, 0x00ebebeb, 0x00ebebeb, 0x00ebebeb, 0x00ebebeb,
  0x00ebebeb, 0x00ebebeb, 0x00ebebeb, 0x00ebebeb, 0x00ebebeb, 0x00ebebeb, 0x00ebebeb, 0x00ebebeb, 0x00ebebeb, 0x00ebebeb, 0x00ebebeb, 0x00ebebeb,
  0x00ebebeb, 0x00ebebeb, 0x00ebebeb, 0x00ebebeb, 0x00ebebeb, 0x00ebebeb, 0x00ebebeb, 0x00ebebeb, 0x00ebebeb, 0x00ebebeb, 0x00ebebeb, 0x00ebebeb,
  0x00ebebeb, 0x00ebebeb, 0x00ebebeb, 0x00ebebeb, 0x00ebebeb, 0x00ebebeb, 0x00ebebeb, 0x00ebebeb, 0x00ebebeb, 0x00ebebeb, 0x00ebebeb, 0x00ebebeb,
  0x00ebebeb, 0x00ebebeb, 0xffebebeb, 0x00ebebeb, 0x00ebebeb, 0xffebebeb, 0x00ebebeb, 0x00ebebeb, 0xffebebeb, 0x00ebebeb, 0x00ebebeb, 0x00ebebeb,
  0xffebebeb, 0x00ebebeb, 0x00ebebeb, 0x00ebebeb, 0x00ebebeb, 0x00ebebeb, 0x00ebebeb, 0x00ebebeb, 0xffebebeb, 0xffebebeb, 0xffebebeb, 0x00ebebeb,
  0xffebebeb, 0xffebebeb, 0xffebebeb, 0xffebebeb, 0xffebebeb, 0xffebebeb, 0xffebebeb, 0xffebebeb, 0xffebebeb, 0xffebebeb, 0xffebebeb, 0x00ebebeb,
  0x00ebebeb, 0xffebebeb, 0xffebebeb, 0xffebebeb, 0xffebebeb, 0xffebebeb, 0xffebebeb, 0xffebebeb, 0xffebebeb, 0xffebebeb, 0x00ebebeb, 0x00ebebeb,
  0x00ebebeb, 0xffebebeb, 0xffebebeb, 0xffebebeb, 0xffebebeb, 0xffebebeb, 0xffebebeb, 0xffebebeb, 0xffebebeb, 0xffebebeb, 0x00ebebeb, 0x00ebebeb,
  0x00ebebeb, 0x00ebebeb, 0xffebebeb, 0x00ebebeb, 0x00ebebeb, 0x00ebebeb, 0xffebebeb, 0x00ebebeb, 0xffebebeb, 0x00ebebeb, 0x00ebebeb, 0x00ebebeb,
  0x00ebebeb, 0x00ebebeb, 0x00ebebeb, 0x00ebebeb, 0x00ebebeb, 0x00ebebeb, 0x00ebebeb, 0xffebebeb, 0x00ebebeb, 0xffebebeb, 0x00ebebeb, 0x00ebebeb,
  0x00ebebeb, 0x00ebebeb, 0x00ebebeb, 0x00ebebeb, 0x00ebebeb, 0xffebebeb, 0x00ebebeb, 0x00ebebeb, 0x00ebebeb, 0x00ebebeb, 0x00ebebeb, 0x00ebebeb,
  0x00ebebeb, 0xffebebeb, 0xffebebeb, 0xffebebeb, 0xffebebeb, 0xffebebeb, 0xffebebeb, 0xffebebeb, 0xffebebeb, 0xffebebeb, 0xffebebeb, 0x00ebebeb,
  0x00ebebeb, 0x00ebebeb, 0xffebebeb, 0x00ebebeb, 0x00ebebeb, 0x00ebebeb, 0x00ebebeb, 0xffebebeb, 0x00ebebeb, 0x00ebebeb, 0x00ebebeb, 0x00ebebeb,
  0x00ebebeb, 0xffebebeb, 0x00ebebeb, 0x00ebebeb, 0x00ebebeb, 0x00ebebeb, 0xffebebeb, 0x00ebebeb, 0x00ebebeb, 0x00ebebeb, 0x00ebebeb, 0x00ebebeb,
  0x00ebebeb, 0x00ebebeb, 0xffebebeb, 0x00ebebeb, 0x00ebebeb, 0x00ebebeb, 0x00ebebeb, 0xffebebeb, 0x00ebebeb, 0x00ebebeb, 0x00ebebeb, 0x00ebebeb,
  0xffebebeb, 0x00ebebeb, 0x00ebebeb, 0x00ebebeb, 0x00ebebeb, 0x00ebebeb, 0xffebebeb, 0x00ebebeb, 0x00ebebeb, 0x00ebebeb, 0x00ebebeb, 0x00ebebeb,
  0x00ebebeb, 0x00ebebeb, 0xffebebeb, 0x00ebebeb, 0x00ebebeb, 0xffebebeb, 0xffebebeb, 0xffebebeb, 0xffebebeb, 0xffebebeb, 0xffebebeb, 0x00ebebeb,
  0x00ebebeb, 0x00ebebeb, 0xffebebeb, 0x00ebebeb, 0x00ebebeb, 0xffebebeb, 0xffebebeb, 0xffebebeb, 0xffebebeb, 0xffebebeb, 0x00ebebeb, 0x00ebebeb,
  0xffebebeb, 0x00ebebeb, 0x00ebebeb, 0x00ebebeb, 0x00ebebeb, 0xffebebeb, 0x00ebebeb, 0xffebebeb, 0x00ebebeb, 0x00ebebeb, 0x00ebebeb, 0x00ebebeb,
  0xffebebeb, 0xffebebeb, 0xffebebeb, 0xffebebeb, 0xffebebeb, 0xffebebeb, 0xffebebeb, 0xffebebeb, 0xffebebeb, 0xffebebeb, 0xffebebeb, 0x00ebebeb,
  0x00ebebeb, 0xffebebeb, 0x00ebebeb, 0x00ebebeb, 0xffebebeb, 0xffebebeb, 0xffebebeb, 0xffebebeb, 0x00ebebeb, 0x00ebebeb, 0x00ebebeb, 0x00ebebeb,
  0xffebebeb, 0x00ebebeb, 0x00ebebeb, 0x00ebebeb, 0x00ebebeb, 0x00ebebeb, 0x00ebebeb, 0x00ebebeb, 0x00ebebeb, 0x00ebebeb, 0xffebebeb, 0x00ebebeb,
  0x00ebebeb, 0xffebebeb, 0x00ebebeb, 0x00ebebeb, 0x00ebebeb, 0x00ebebeb, 0x00ebebeb, 0x00ebebeb, 0x00ebebeb, 0xffebebeb, 0x00ebebeb, 0x00ebebeb,
  0x00ebebeb, 0x00ebebeb, 0x00ebebeb, 0x00ebebeb, 0x00ebebeb, 0x00ebebeb, 0x00ebebeb, 0x00ebebeb, 0x00ebebeb, 0x00ebebeb, 0x00ebebeb, 0x00ebebeb,
  0x00ebebeb, 0x00ebebeb, 0xffebebeb, 0x00ebebeb, 0xffebebeb, 0xffebebeb, 0xffebebeb, 0xffebebeb, 0xffebebeb, 0xffebebeb, 0xffebebeb, 0x00ebebeb,
  0x00ebebeb, 0x00ebebeb, 0x00ebebeb, 0x00ebebeb, 0x00ebebeb, 0x00ebebeb, 0x00ebebeb, 0xffebebeb, 0x00ebebeb, 0x00ebebeb, 0xffebebeb, 0x00ebebeb,
  0xffebebeb, 0xffebebeb, 0xffebebeb, 0xffebebeb, 0xffebebeb, 0xffebebeb, 0xffebebeb, 0xffebebeb, 0xffebebeb, 0xffebebeb, 0xffebebeb, 0x00ebebeb,
  0x00ebebeb, 0xffebebeb, 0x00ebebeb, 0x00ebebeb, 0x00ebebeb, 0x00ebebeb, 0xffebebeb, 0x00ebebeb, 0x00ebebeb, 0x00ebebeb, 0x00ebebeb, 0x00ebebeb,
  0x00ebebeb, 0x00ebebeb, 0xffebebeb, 0x00ebebeb, 0x00ebebeb, 0x00ebebeb, 0x00ebebeb, 0xffebebeb, 0x00ebebeb, 0x00ebebeb, 0x00ebebeb, 0x00ebebeb,
  0x00ebebeb, 0xffebebeb, 0x00ebebeb, 0x00ebebeb, 0x00ebebeb, 0x00ebebeb, 0x00ebebeb, 0xffebebeb, 0x00ebebeb, 0x00ebebeb, 0x00ebebeb, 0x00ebebeb,
  0x00ebebeb, 0x00ebebeb, 0xffebebeb, 0x00ebebeb, 0x00ebebeb, 0x00ebebeb, 0x00ebebeb, 0xffebebeb, 0x00ebebeb, 0x00ebebeb, 0x00ebebeb, 0x00ebebeb,
  0x00ebebeb, 0xffebebeb, 0x00ebebeb, 0x00ebebeb, 0x00ebebeb, 0x00ebebeb, 0xffebebeb, 0x00ebebeb, 0x00ebebeb, 0x00ebebeb, 0x00ebebeb, 0x00ebebeb,
  0x00ebebeb, 0xffebebeb, 0x00ebebeb, 0x00ebebeb, 0x00ebebeb, 0xffebebeb, 0x00ebebeb, 0x00ebebeb, 0x00ebebeb, 0xffebebeb, 0x00ebebeb, 0x00ebebeb,
  0x00ebebeb, 0x00ebebeb, 0xffebebeb, 0x00ebebeb, 0x00ebebeb, 0x00ebebeb, 0x00ebebeb, 0x00ebebeb, 0x00ebebeb, 0x00ebebeb, 0x00ebebeb, 0x00ebebeb,
  0x00ebebeb, 0xffebebeb, 0x00ebebeb, 0x00ebebeb, 0x00ebebeb, 0xffebebeb, 0x00ebebeb, 0x00ebebeb, 0xffebebeb, 0x00ebebeb, 0x00ebebeb, 0x00ebebeb,
  0x00ebebeb, 0x00ebebeb, 0xffebebeb, 0x00ebebeb, 0x00ebebeb, 0xffebebeb, 0x00ebebeb, 0x00ebebeb, 0xffebebeb, 0x00ebebeb, 0x00ebebeb, 0x00ebebeb,
  0x00ebebeb, 0x00ebebeb, 0x00ebebeb, 0x00ebebeb, 0xffebebeb, 0x00ebebeb, 0x00ebebeb, 0x00ebebeb, 0x00ebebeb, 0x00ebebeb, 0x00ebebeb, 0x00ebebeb,
  0xffebebeb, 0x00ebebeb, 0x00ebebeb, 0x00ebebeb, 0x00ebebeb, 0x00ebebeb, 0x00ebebeb, 0x00ebebeb, 0x00ebebeb, 0x00ebebeb, 0xffebebeb, 0x00ebebeb,
  0x00ebebeb, 0xffebebeb, 0xffebebeb, 0xffebebeb, 0xffebebeb, 0xffebebeb, 0xffebebeb, 0xffebebeb, 0xffebebeb, 0xffebebeb, 0x00ebebeb, 0x00ebebeb,
  0x00ebebeb, 0x00ebebeb, 0x00ebebeb, 0x00ebebeb, 0x00ebebeb, 0x00ebebeb, 0x00ebebeb, 0x00ebebeb, 0x00ebebeb, 0x00ebebeb, 0x00ebebeb, 0x00ebebeb,
  0xffebebeb, 0xffebebeb, 0xffebebeb, 0xffebebeb, 0x00ebebeb, 0x00ebebeb, 0xffebebeb, 0x00ebebeb, 0xffebebeb, 0x00ebebeb, 0x00ebebeb, 0x00ebebeb,
  0xffebebeb, 0xffebebeb, 0xffebebeb, 0xffebebeb, 0xffebebeb, 0xffebebeb, 0xffebebeb, 0xffebebeb, 0xffebebeb, 0xffebebeb, 0xffebebeb, 0x00ebebeb,
  0xffebebeb, 0x00ebebeb, 0x00ebebeb, 0xffebebeb, 0x00ebebeb, 0x00ebebeb, 0x00ebebeb, 0xffebebeb, 0x00ebebeb, 0x00ebebeb, 0xffebebeb, 0x00ebebeb,
  0x00ebebeb, 0xffebebeb, 0x00ebebeb, 0xffebebeb, 0xffebebeb, 0xffebebeb, 0xffebebeb, 0xffebebeb, 0xffebebeb, 0xffebebeb, 0x00ebebeb, 0x00ebebeb,
  0xffebebeb, 0xffebebeb, 0xffebebeb, 0xffebebeb, 0x00ebebeb, 0x00ebebeb, 0xffebebeb, 0x00ebebeb, 0x00ebebeb, 0xffebebeb, 0x00ebebeb, 0x00ebebeb,
  0xffebebeb, 0xffebebeb, 0xffebebeb, 0x00ebebeb, 0xffebebeb, 0xffebebeb, 0xffebebeb, 0xffebebeb, 0xffebebeb, 0xffebebeb, 0xffebebeb, 0x00ebebeb,
  0x00ebebeb, 0xffebebeb, 0x00ebebeb, 0x00ebebeb, 0xffebebeb, 0xffebebeb, 0xffebebeb, 0xffebebeb, 0xffebebeb, 0xffebebeb, 0xffebebeb, 0x00ebebeb,
  0x00ebebeb, 0x00ebebeb, 0x00ebebeb, 0x00ebebeb, 0xffebebeb, 0xffebebeb, 0xffebebeb, 0xffebebeb, 0xffebebeb, 0xffebebeb, 0xffebebeb, 0x00ebebeb,
  0xffebebeb, 0x00ebebeb, 0x00ebebeb, 0x00ebebeb, 0xffebebeb, 0xffebebeb, 0xffebebeb, 0xffebebeb, 0xffebebeb, 0xffebebeb, 0x00ebebeb, 0x00ebebeb,
  0xffebebeb, 0xffebebeb, 0xffebebeb, 0xffebebeb, 0x00ebebeb, 0x00ebebeb, 0x00ebebeb, 0x00ebebeb, 0x00ebebeb, 0x00ebebeb, 0x00ebebeb, 0x00ebebeb,
  0x00ebebeb, 0xffebebeb, 0x00ebebeb, 0x00ebebeb, 0xffebebeb, 0xffebebeb, 0xffebebeb, 0xffebebeb, 0xffebebeb, 0xffebebeb, 0xffebebeb, 0x00ebebeb,
  0x00ebebeb, 0x00ebebeb, 0x00ebebeb, 0x00ebebeb, 0x00ebebeb, 0x00ebebeb, 0x00ebebeb, 0x00ebebeb, 0x00ebebeb, 0x00ebebeb, 0x00ebebeb, 0x00ebebeb,
  0x00ebebeb, 0x00ebebeb, 0x00ebebeb, 0x00ebebeb, 0xffebebeb, 0x00ebebeb, 0x00ebebeb, 0x00ebebeb, 0x00ebebeb, 0x00ebebeb, 0x00ebebeb, 0x00ebebeb,
  0xffebebeb, 0x00ebebeb, 0x00ebebeb, 0xffebebeb, 0xffebebeb, 0xffebebeb, 0xffebebeb, 0xffebebeb, 0x00ebebeb, 0x00ebebeb, 0xffebebeb, 0x00ebebeb,
  0x00ebebeb, 0xffebebeb, 0x00ebebeb, 0x00ebebeb, 0x00ebebeb, 0x00ebebeb, 0x00ebebeb, 0x00ebebeb, 0x00ebebeb, 0xffebebeb, 0x00ebebeb, 0x00ebebeb,
  0xffebebeb, 0xffebebeb, 0xffebebeb, 0xffebebeb, 0xffebebeb, 0xffebebeb, 0xffebebeb, 0xffebebeb, 0xffebebeb, 0xffebebeb, 0xffebebeb, 0x00ebebeb,
  0x00ebebeb, 0x00ebebeb, 0xffebebeb, 0x00ebebeb, 0x00ebebeb, 0xffebebeb, 0xffebebeb, 0xffebebeb, 0xffebebeb, 0xffebebeb, 0x00ebebeb, 0x00ebebeb,
  0x00ebebeb, 0x00ebebeb, 0x00ebebeb, 0x00ebebeb, 0x00ebebeb, 0x00ebebeb, 0x00ebebeb, 0xffebebeb, 0x00ebebeb, 0x00ebebeb, 0x00ebebeb, 0x00ebebeb,
  0x00ebebeb, 0xffebebeb, 0xffebebeb, 0xffebebeb, 0xffebebeb, 0xffebebeb, 0xffebebeb, 0xffebebeb, 0xffebebeb, 0xffebebeb, 0x00ebebeb, 0x00ebebeb,
  0x00ebebeb, 0xffebebeb, 0x00ebebeb, 0xffebebeb, 0x00ebebeb, 0x00ebebeb, 0x00ebebeb, 0x00ebebeb, 0x00ebebeb, 0xffebebeb, 0x00ebebeb, 0x00ebebeb,
  0x00ebebeb, 0xffebebeb, 0x00ebebeb, 0xffebebeb, 0x00ebebeb, 0xffebebeb, 0x00ebebeb, 0x00ebebeb, 0x00ebebeb, 0xffebebeb, 0x00ebebeb, 0x00ebebeb,
  0x00ebebeb, 0xffebebeb, 0x00ebebeb, 0x00ebebeb, 0x00ebebeb, 0x00ebebeb, 0x00ebebeb, 0x00ebebeb, 0x00ebebeb, 0x00ebebeb, 0x00ebebeb, 0x00ebebeb,
  0x00ebebeb, 0xffebebeb, 0x00ebebeb, 0x00ebebeb, 0xffebebeb, 0x00ebebeb, 0x00ebebeb, 0xffebebeb, 0x00ebebeb, 0x00ebebeb, 0xffebebeb, 0x00ebebeb,
  0x00ebebeb, 0x00ebebeb, 0x00ebebeb, 0x00ebebeb, 0x00ebebeb, 0x00ebebeb, 0xffebebeb, 0x00ebebeb, 0x00ebebeb, 0x00ebebeb, 0xffebebeb, 0x00ebebeb,
  0xffebebeb, 0xffebebeb, 0xffebebeb, 0xffebebeb, 0x00ebebeb, 0x00ebebeb, 0x00ebebeb, 0x00ebebeb, 0xffebebeb, 0x00ebebeb, 0x00ebebeb, 0x00ebebeb,
  0x00ebebeb, 0x00ebebeb, 0xffebebeb, 0x00ebebeb, 0xffebebeb, 0xffebebeb, 0xffebebeb, 0xffebebeb, 0xffebebeb, 0xffebebeb, 0xffebebeb, 0x00ebebeb,
  0x00ebebeb, 0x00ebebeb, 0x00ebebeb, 0xffebebeb, 0xffebebeb, 0x00ebebeb, 0x00ebebeb, 0x00ebebeb, 0xffebebeb, 0x00ebebeb, 0x00ebebeb, 0x00ebebeb,
  0xffebebeb, 0xffebebeb, 0xffebebeb, 0xffebebeb, 0xffebebeb, 0xffebebeb, 0xffebebeb, 0xffebebeb, 0xffebebeb, 0xffebebeb, 0xffebebeb, 0x00ebebeb,
  0xffebebeb, 0xffebebeb, 0x00ebebeb, 0x00ebebeb, 0xffebebeb, 0xffebebeb, 0xffebebeb, 0xffebebeb, 0xffebebeb, 0xffebebeb, 0xffebebeb, 0x00ebebeb,
  0xffebebeb, 0x00ebebeb, 0x00ebebeb, 0xffebebeb, 0x00ebebeb, 0x00ebebeb, 0x00ebebeb, 0xffebebeb, 0x00ebebeb, 0x00ebebeb, 0xffebebeb, 0x00ebebeb,
  0x00ebebeb, 0xffebebeb, 0xffebebeb, 0xffebebeb, 0xffebebeb, 0xffebebeb, 0xffebebeb, 0xffebebeb, 0xffebebeb, 0xffebebeb, 0x00ebebeb, 0x00ebebeb,
  0x00ebebeb, 0x00ebebeb, 0x00ebebeb, 0x00ebebeb, 0x00ebebeb, 0xffebebeb, 0x00ebebeb, 0x00ebebeb, 0x00ebebeb, 0x00ebebeb, 0x00ebebeb, 0x00ebebeb,
  0x00ebebeb, 0x00ebebeb, 0xffebebeb, 0x00ebebeb, 0x00ebebeb, 0xffebebeb, 0x00ebebeb, 0x00ebebeb, 0x00ebebeb, 0xffebebeb, 0x00ebebeb, 0x00ebebeb,
  0x00ebebeb, 0x00ebebeb, 0x00ebebeb, 0x00ebebeb, 0x00ebebeb, 0x00ebebeb, 0x00ebebeb, 0xffebebeb, 0x00ebebeb, 0x00ebebeb, 0x00ebebeb, 0x00ebebeb,
  0x00ebebeb, 0x00ebebeb, 0x00ebebeb, 0xffebebeb, 0x00ebebeb, 0x00ebebeb, 0x00ebebeb, 0xffebebeb, 0x00ebebeb, 0x00ebebeb, 0x00ebebeb, 0x00ebebeb,
  0x00ebebeb, 0xffebebeb, 0x00ebebeb, 0xffebebeb, 0xffebebeb, 0xffebebeb, 0xffebebeb, 0xffebebeb, 0xffebebeb, 0xffebebeb, 0x00ebebeb, 0x00ebebeb,
  0x00ebebeb, 0xffebebeb, 0x00ebebeb, 0xffebebeb, 0xffebebeb, 0xffebebeb, 0xffebebeb, 0xffebebeb, 0xffebebeb, 0x00ebebeb, 0xffebebeb, 0x00ebebeb,
  0x00ebebeb, 0xffebebeb, 0x00ebebeb, 0x00ebebeb, 0x00ebebeb, 0xffebebeb, 0x00ebebeb, 0x00ebebeb, 0x00ebebeb, 0xffebebeb, 0x00ebebeb, 0x00ebebeb,
  0xffebebeb, 0xffebebeb, 0x00ebebeb, 0x00ebebeb, 0xffebebeb, 0x00ebebeb, 0x00ebebeb, 0xffebebeb, 0x00ebebeb, 0x00ebebeb, 0xffebebeb, 0x00ebebeb,
  0xffebebeb, 0xffebebeb, 0x00ebebeb, 0x00ebebeb, 0x00ebebeb, 0x00ebebeb, 0xffebebeb, 0x00ebebeb, 0x00ebebeb, 0x00ebebeb, 0xffebebeb, 0x00ebebeb,
  0x00ebebeb, 0x00ebebeb, 0xffebebeb, 0x00ebebeb, 0xffebebeb, 0xffebebeb, 0xffebebeb, 0xffebebeb, 0xffebebeb, 0xffebebeb, 0xffebebeb, 0x00ebebeb,
  0x00ebebeb, 0x00ebebeb, 0xffebebeb, 0x00ebebeb, 0x00ebebeb, 0x00ebebeb, 0x00ebebeb, 0xffebebeb, 0x00ebebeb, 0x00ebebeb, 0x00ebebeb, 0x00ebebeb,
  0x00ebebeb, 0x00ebebeb, 0x00ebebeb, 0x00ebebeb, 0xffebebeb, 0xffebebeb, 0xffebebeb, 0xffebebeb, 0xffebebeb, 0xffebebeb, 0xffebebeb, 0x00ebebeb,
  0xffebebeb, 0x00ebebeb, 0x00ebebeb, 0x00ebebeb, 0x00ebebeb, 0xffebebeb, 0x00ebebeb, 0x00ebebeb, 0x00ebebeb, 0x00ebebeb, 0xffebebeb, 0x00ebebeb,
  0x00ebebeb, 0xffebebeb, 0x00ebebeb, 0x00ebebeb, 0xffebebeb, 0xffebebeb, 0x00ebebeb, 0x00ebebeb, 0x00ebebeb, 0x00ebebeb, 0xffebebeb, 0x00ebebeb,
  0xffebebeb, 0x00ebebeb, 0x00ebebeb, 0xffebebeb, 0x00ebebeb, 0x00ebebeb, 0x00ebebeb, 0xffebebeb, 0x00ebebeb, 0x00ebebeb, 0xffebebeb, 0x00ebebeb,
  0x00ebebeb, 0x00ebebeb, 0x00ebebeb, 0xffebebeb, 0x00ebebeb, 0x00ebebeb, 0x00ebebeb, 0xffebebeb, 0x00ebebeb, 0x00ebebeb, 0x00ebebeb, 0x00ebebeb,
  0x00ebebeb, 0x00ebebeb, 0x00ebebeb, 0x00ebebeb, 0x00ebebeb, 0xffebebeb, 0x00ebebeb, 0x00ebebeb, 0x00ebebeb, 0x00ebebeb, 0x00ebebeb, 0x00ebebeb,
  0x00ebebeb, 0xffebebeb, 0xffebebeb, 0x00ebebeb, 0x00ebebeb, 0xffebebeb, 0xffebebeb, 0xffebebeb, 0xffebebeb, 0xffebebeb, 0x00ebebeb, 0x00ebebeb,
  0xffebebeb, 0xffebebeb, 0xffebebeb, 0xffebebeb, 0xffebebeb, 0xffebebeb, 0x00ebebeb, 0xffebebeb, 0x00ebebeb, 0x00ebebeb, 0x00ebebeb, 0x00ebebeb,
  0x00ebebeb, 0x00ebebeb, 0xffebebeb, 0xffebebeb, 0xffebebeb, 0xffebebeb, 0xffebebeb, 0xffebebeb, 0xffebebeb, 0x00ebebeb, 0x00ebebeb, 0x00ebebeb,
  0x00ebebeb, 0xffebebeb, 0x00ebebeb, 0xffebebeb, 0x00ebebeb, 0x00ebebeb, 0x00ebebeb, 0x00ebebeb, 0x00ebebeb, 0xffebebeb, 0x00ebebeb, 0x00ebebeb,
  0x00ebebeb, 0xffebebeb, 0x00ebebeb, 0xffebebeb, 0x00ebebeb, 0x00ebebeb, 0x00ebebeb, 0x00ebebeb, 0x00ebebeb, 0x00ebebeb, 0x00ebebeb, 0x00ebebeb,
  0x00ebebeb, 0xffebebeb, 0xffebebeb, 0x00ebebeb, 0x00ebebeb, 0xffebebeb, 0x00ebebeb, 0x00ebebeb, 0x00ebebeb, 0xffebebeb, 0x00ebebeb, 0x00ebebeb,
  0x00ebebeb, 0xffebebeb, 0x00ebebeb, 0x00ebebeb, 0xffebebeb, 0xffebebeb, 0xffebebeb, 0xffebebeb, 0xffebebeb, 0xffebebeb, 0xffebebeb, 0x00ebebeb,
  0x00ebebeb, 0xffebebeb, 0x00ebebeb, 0x00ebebeb, 0x00ebebeb, 0x00ebebeb, 0xffebebeb, 0x00ebebeb, 0x00ebebeb, 0x00ebebeb, 0xffebebeb, 0x00ebebeb,
  0x00ebebeb, 0xffebebeb, 0x00ebebeb, 0x00ebebeb, 0x00ebebeb, 0xffebebeb, 0x00ebebeb, 0xffebebeb, 0x00ebebeb, 0x00ebebeb, 0x00ebebeb, 0x00ebebeb,
  0x00ebebeb, 0xffebebeb, 0xffebebeb, 0x00ebebeb, 0x00ebebeb, 0x00ebebeb, 0x00ebebeb, 0xffebebeb, 0x00ebebeb, 0x00ebebeb, 0x00ebebeb, 0x00ebebeb,
  0x00ebebeb, 0x00ebebeb, 0x00ebebeb, 0x00ebebeb, 0xffebebeb, 0x00ebebeb, 0x00ebebeb, 0x00ebebeb, 0xffebebeb, 0x00ebebeb, 0x00ebebeb, 0x00ebebeb,
  0x00ebebeb, 0xffebebeb, 0xffebebeb, 0xffebebeb, 0xffebebeb, 0xffebebeb, 0xffebebeb, 0xffebebeb, 0xffebebeb, 0xffebebeb, 0x00ebebeb, 0x00ebebeb,
  0x00ebebeb, 0xffebebeb, 0x00ebebeb, 0x00ebebeb, 0xffebebeb, 0x00ebebeb, 0xffebebeb, 0x00ebebeb, 0x00ebebeb, 0xffebebeb, 0x00ebebeb, 0x00ebebeb,
  0xffebebeb, 0x00ebebeb, 0x00ebebeb, 0xffebebeb, 0x00ebebeb, 0x00ebebeb, 0x00ebebeb, 0xffebebeb, 0x00ebebeb, 0x00ebebeb, 0xffebebeb, 0x00ebebeb,
  0xffebebeb, 0x00ebebeb, 0x00ebebeb, 0xffebebeb, 0x00ebebeb, 0x00ebebeb, 0x00ebebeb, 0xffebebeb, 0x00ebebeb, 0x00ebebeb, 0xffebebeb, 0x00ebebeb,
  0x00ebebeb, 0x00ebebeb, 0xffebebeb, 0x00ebebeb, 0x00ebebeb, 0xffebebeb, 0x00ebebeb, 0x00ebebeb, 0xffebebeb, 0x00ebebeb, 0x00ebebeb, 0x00ebebeb,
  0x00ebebeb, 0xffebebeb, 0xffebebeb, 0xffebebeb, 0x00ebebeb, 0xffebebeb, 0x00ebebeb, 0x00ebebeb, 0x00ebebeb, 0xffebebeb, 0x00ebebeb, 0x00ebebeb,
  0x00ebebeb, 0x00ebebeb, 0x00ebebeb, 0xffebebeb, 0x00ebebeb, 0x00ebebeb, 0x00ebebeb, 0xffebebeb, 0x00ebebeb, 0x00ebebeb, 0x00ebebeb, 0x00ebebeb,
  0x00ebebeb, 0x00ebebeb, 0xffebebeb, 0x00ebebeb, 0x00ebebeb, 0x00ebebeb, 0x00ebebeb, 0x00ebebeb, 0xffebebeb, 0x00ebebeb, 0x00ebebeb, 0x00ebebeb,
  0x00ebebeb, 0xffebebeb, 0x00ebebeb, 0xffebebeb, 0xffebebeb, 0xffebebeb, 0xffebebeb, 0xffebebeb, 0xffebebeb, 0xffebebeb, 0x00ebebeb, 0x00ebebeb,
  0xffebebeb, 0x00ebebeb, 0x00ebebeb, 0xffebebeb, 0x00ebebeb, 0xffebebeb, 0xffebebeb, 0xffebebeb, 0xffebebeb, 0xffebebeb, 0xffebebeb, 0x00ebebeb,
  0xffebebeb, 0xffebebeb, 0x00ebebeb, 0x00ebebeb, 0x00ebebeb, 0x00ebebeb, 0xffebebeb, 0x00ebebeb, 0x00ebebeb, 0xffebebeb, 0x00ebebeb, 0x00ebebeb,
  0x00ebebeb, 0xffebebeb, 0x00ebebeb, 0x00ebebeb, 0xffebebeb, 0x00ebebeb, 0x00ebebeb, 0xffebebeb, 0x00ebebeb, 0x00ebebeb, 0xffebebeb, 0x00ebebeb,
  0x00ebebeb, 0xffebebeb, 0x00ebebeb, 0x00ebebeb, 0x00ebebeb, 0xffebebeb, 0x00ebebeb, 0x00ebebeb, 0x00ebebeb, 0x00ebebeb, 0xffebebeb, 0x00ebebeb,
  0xffebebeb, 0x00ebebeb, 0x00ebebeb, 0x00ebebeb, 0x00ebebeb, 0x00ebebeb, 0xffebebeb, 0xffebebeb, 0xffebebeb, 0x00ebebeb, 0xffebebeb, 0x00ebebeb,
  0x00ebebeb, 0xffebebeb, 0xffebebeb, 0xffebebeb, 0x00ebebeb, 0xffebebeb, 0x00ebebeb, 0xffebebeb, 0x00ebebeb, 0xffebebeb, 0x00ebebeb, 0x00ebebeb,
  0x00ebebeb, 0xffebebeb, 0x00ebebeb, 0x00ebebeb, 0xffebebeb, 0x00ebebeb, 0x00ebebeb, 0x00ebebeb, 0xffebebeb, 0x00ebebeb, 0x00ebebeb, 0x00ebebeb,
  0x00ebebeb, 0xffebebeb, 0x00ebebeb, 0x00ebebeb, 0x00ebebeb, 0xffebebeb, 0x00ebebeb, 0x00ebebeb, 0x00ebebeb, 0xffebebeb, 0x00ebebeb, 0x00ebebeb,
  0x00ebebeb, 0xffebebeb, 0x00ebebeb, 0x00ebebeb, 0xffebebeb, 0x00ebebeb, 0x00ebebeb, 0xffebebeb, 0xffebebeb, 0x00ebebeb, 0x00ebebeb, 0x00ebebeb,
  0xffebebeb, 0x00ebebeb, 0x00ebebeb, 0xffebebeb, 0xffebebeb, 0xffebebeb, 0xffebebeb, 0xffebebeb, 0x00ebebeb, 0x00ebebeb, 0xffebebeb, 0x00ebebeb,
  0x00ebebeb, 0xffebebeb, 0x00ebebeb, 0xffebebeb, 0x00ebebeb, 0x00ebebeb, 0x00ebebeb, 0xffebebeb, 0x00ebebeb, 0xffebebeb, 0x00ebebeb, 0x00ebebeb,
  0x00ebebeb, 0x00ebebeb, 0xffebebeb, 0x00ebebeb, 0x00ebebeb, 0xffebebeb, 0x00ebebeb, 0x00ebebeb, 0x00ebebeb, 0xffebebeb, 0x00ebebeb, 0x00ebebeb,
  0xffebebeb, 0x00ebebeb, 0xffebebeb, 0x00ebebeb, 0xffebebeb, 0xffebebeb, 0xffebebeb, 0xffebebeb, 0xffebebeb, 0xffebebeb, 0xffebebeb, 0x00ebebeb,
  0x00ebebeb, 0x00ebebeb, 0x00ebebeb, 0xffebebeb, 0x00ebebeb, 0x00ebebeb, 0x00ebebeb, 0x00ebebeb, 0xffebebeb, 0x00ebebeb, 0x00ebebeb, 0x00ebebeb,
  0x00ebebeb, 0x00ebebeb, 0xffebebeb, 0x00ebebeb, 0x00ebebeb, 0xffebebeb, 0x00ebebeb, 0x00ebebeb, 0xffebebeb, 0x00ebebeb, 0x00ebebeb, 0x00ebebeb,
  0x00ebebeb, 0xffebebeb, 0x00ebebeb, 0x00ebebeb, 0x00ebebeb, 0x00ebebeb, 0xffebebeb, 0x00ebebeb, 0x00ebebeb, 0x00ebebeb, 0x00ebebeb, 0x00ebebeb,
  0x00ebebeb, 0xffebebeb, 0x00ebebeb, 0xffebebeb, 0x00ebebeb, 0xffebebeb, 0x00ebebeb, 0x00ebebeb, 0x00ebebeb, 0x00ebebeb, 0xffebebeb, 0x00ebebeb,
  0x00ebebeb, 0xffebebeb, 0x00ebebeb, 0x00ebebeb, 0x00ebebeb, 0x00ebebeb, 0xffebebeb, 0x00ebebeb, 0x00ebebeb, 0xffebebeb, 0x00ebebeb, 0x00ebebeb,
  0x00ebebeb, 0xffebebeb, 0x00ebebeb, 0x00ebebeb, 0xffebebeb, 0x00ebebeb, 0x00ebebeb, 0xffebebeb, 0x00ebebeb, 0x00ebebeb, 0xffebebeb, 0x00ebebeb,
  0x00ebebeb, 0xffebebeb, 0x00ebebeb, 0x00ebebeb, 0x00ebebeb, 0xffebebeb, 0x00ebebeb, 0x00ebebeb, 0x00ebebeb, 0x00ebebeb, 0xffebebeb, 0x00ebebeb,
  0xffebebeb, 0xffebebeb, 0xffebebeb, 0x00ebebeb, 0xffebebeb, 0xffebebeb, 0x00ebebeb, 0x00ebebeb, 0xffebebeb, 0xffebebeb, 0x00ebebeb, 0x00ebebeb,
  0xffebebeb, 0x00ebebeb, 0xffebebeb, 0x00ebebeb, 0x00ebebeb, 0xffebebeb, 0x00ebebeb, 0xffebebeb, 0x00ebebeb, 0x00ebebeb, 0xffebebeb, 0x00ebebeb,
  0x00ebebeb, 0xffebebeb, 0x00ebebeb, 0x00ebebeb, 0xffebebeb, 0xffebebeb, 0xffebebeb, 0xffebebeb, 0xffebebeb, 0xffebebeb, 0xffebebeb, 0x00ebebeb,
  0x00ebebeb, 0xffebebeb, 0x00ebebeb, 0x00ebebeb, 0x00ebebeb, 0xffebebeb, 0x00ebebeb, 0x00ebebeb, 0x00ebebeb, 0xffebebeb, 0x00ebebeb, 0x00ebebeb,
  0x00ebebeb, 0xffebebeb, 0x00ebebeb, 0xffebebeb, 0x00ebebeb, 0xffebebeb, 0xffebebeb, 0x00ebebeb, 0x00ebebeb, 0xffebebeb, 0xffebebeb, 0x00ebebeb,
  0xffebebeb, 0x00ebebeb, 0x00ebebeb, 0x00ebebeb, 0x00ebebeb, 0x00ebebeb, 0x00ebebeb, 0x00ebebeb, 0x00ebebeb, 0x00ebebeb, 0xffebebeb, 0x00ebebeb,
  0x00ebebeb, 0x00ebebeb, 0xffebebeb, 0xffebebeb, 0x00ebebeb, 0x00ebebeb, 0x00ebebeb, 0xffebebeb, 0xffebebeb, 0x00ebebeb, 0x00ebebeb, 0x00ebebeb,
  0x00ebebeb, 0xffebebeb, 0x00ebebeb, 0x00ebebeb, 0x00ebebeb, 0xffebebeb, 0x00ebebeb, 0x00ebebeb, 0x00ebebeb, 0x00ebebeb, 0xffebebeb, 0x00ebebeb,
  0x00ebebeb, 0x00ebebeb, 0xffebebeb, 0x00ebebeb, 0x00ebebeb, 0x00ebebeb, 0x00ebebeb, 0xffebebeb, 0x00ebebeb, 0x00ebebeb, 0x00ebebeb, 0x00ebebeb,
  0x00ebebeb, 0x00ebebeb, 0x00ebebeb, 0xffebebeb, 0x00ebebeb, 0x00ebebeb, 0x00ebebeb, 0x00ebebeb, 0xffebebeb, 0x00ebebeb, 0xffebebeb, 0x00ebebeb,
  0x00ebebeb, 0x00ebebeb, 0xffebebeb, 0x00ebebeb, 0x00ebebeb, 0xffebebeb, 0x00ebebeb, 0x00ebebeb, 0xffebebeb, 0x00ebebeb, 0x00ebebeb, 0x00ebebeb,
  0x00ebebeb, 0xffebebeb, 0x00ebebeb, 0xffebebeb, 0x00ebebeb, 0x00ebebeb, 0xffebebeb, 0x00ebebeb, 0x00ebebeb, 0xffebebeb, 0x00ebebeb, 0x00ebebeb,
  0x00ebebeb, 0x00ebebeb, 0xffebebeb, 0x00ebebeb, 0x00ebebeb, 0xffebebeb, 0x00ebebeb, 0x00ebebeb, 0x00ebebeb, 0x00ebebeb, 0xffebebeb, 0x00ebebeb,
  0x00ebebeb, 0xffebebeb, 0x00ebebeb, 0x00ebebeb, 0x00ebebeb, 0x00ebebeb, 0xffebebeb, 0x00ebebeb, 0xffebebeb, 0x00ebebeb, 0x00ebebeb, 0x00ebebeb,
  0x00ebebeb, 0xffebebeb, 0x00ebebeb, 0x00ebebeb, 0xffebebeb, 0xffebebeb, 0xffebebeb, 0xffebebeb, 0xffebebeb, 0xffebebeb, 0xffebebeb, 0x00ebebeb,
  0x00ebebeb, 0xffebebeb, 0x00ebebeb, 0x00ebebeb, 0xffebebeb, 0x00ebebeb, 0x00ebebeb, 0x00ebebeb, 0xffebebeb, 0xffebebeb, 0x00ebebeb, 0x00ebebeb,
  0x00ebebeb, 0x00ebebeb, 0x00ebebeb, 0x00ebebeb, 0x00ebebeb, 0x00ebebeb, 0xffebebeb, 0xffebebeb, 0xffebebeb, 0x00ebebeb, 0xffebebeb, 0x00ebebeb,
  0x00ebebeb, 0x00ebebeb, 0xffebebeb, 0x00ebebeb, 0x00ebebeb, 0xffebebeb, 0x00ebebeb, 0xffebebeb, 0x00ebebeb, 0x00ebebeb, 0xffebebeb, 0x00ebebeb,
  0x00ebebeb, 0xffebebeb, 0x00ebebeb, 0x00ebebeb, 0xffebebeb, 0x00ebebeb, 0x00ebebeb, 0x00ebebeb, 0xffebebeb, 0x00ebebeb, 0x00ebebeb, 0x00ebebeb,
  0x00ebebeb, 0xffebebeb, 0x00ebebeb, 0x00ebebeb, 0x00ebebeb, 0xffebebeb, 0x00ebebeb, 0x00ebebeb, 0xffebebeb, 0xffebebeb, 0x00ebebeb, 0x00ebebeb,
  0xffebebeb, 0x00ebebeb, 0xffebebeb, 0x00ebebeb, 0x00ebebeb, 0x00ebebeb, 0x00ebebeb, 0x00ebebeb, 0x00ebebeb, 0x00ebebeb, 0x00ebebeb, 0x00ebebeb,
  0xffebebeb, 0x00ebebeb, 0x00ebebeb, 0x00ebebeb, 0x00ebebeb, 0x00ebebeb, 0x00ebebeb, 0x00ebebeb, 0x00ebebeb, 0x00ebebeb, 0xffebebeb, 0x00ebebeb,
  0x00ebebeb, 0x00ebebeb, 0x00ebebeb, 0xffebebeb, 0x00ebebeb, 0x00ebebeb, 0x00ebebeb, 0xffebebeb, 0x00ebebeb, 0x00ebebeb, 0x00ebebeb, 0x00ebebeb,
  0xffebebeb, 0x00ebebeb, 0x00ebebeb, 0x00ebebeb, 0x00ebebeb, 0xffebebeb, 0x00ebebeb, 0x00ebebeb, 0x00ebebeb, 0x00ebebeb, 0xffebebeb, 0x00ebebeb,
  0x00ebebeb, 0x00ebebeb, 0xffebebeb, 0x00ebebeb, 0x00ebebeb, 0x00ebebeb, 0xffebebeb, 0x00ebebeb, 0xffebebeb, 0x00ebebeb, 0x00ebebeb, 0x00ebebeb,
  0x00ebebeb, 0x00ebebeb, 0x00ebebeb, 0xffebebeb, 0xffebebeb, 0xffebebeb, 0x00ebebeb, 0x00ebebeb, 0x00ebebeb, 0xffebebeb, 0xffebebeb, 0x00ebebeb,
  0x00ebebeb, 0x00ebebeb, 0x00ebebeb, 0x00ebebeb, 0xffebebeb, 0x00ebebeb, 0xffebebeb, 0x00ebebeb, 0x00ebebeb, 0x00ebebeb, 0xffebebeb, 0x00ebebeb,
  0x00ebebeb, 0xffebebeb, 0x00ebebeb, 0xffebebeb, 0x00ebebeb, 0x00ebebeb, 0xffebebeb, 0x00ebebeb, 0x00ebebeb, 0x00ebebeb, 0xffebebeb, 0x00ebebeb,
  0x00ebebeb, 0xffebebeb, 0x00ebebeb, 0xffebebeb, 0x00ebebeb, 0xffebebeb, 0x00ebebeb, 0x00ebebeb, 0x00ebebeb, 0x00ebebeb, 0xffebebeb, 0x00ebebeb,
  0x00ebebeb, 0xffebebeb, 0x00ebebeb, 0x00ebebeb, 0x00ebebeb, 0x00ebebeb, 0x00ebebeb, 0x00ebebeb, 0xffebebeb, 0x00ebebeb, 0x00ebebeb, 0x00ebebeb,
  0x00ebebeb, 0xffebebeb, 0x00ebebeb, 0x00ebebeb, 0x00ebebeb, 0x00ebebeb, 0x00ebebeb, 0xffebebeb, 0x00ebebeb, 0x00ebebeb, 0x00ebebeb, 0x00ebebeb,
  0xffebebeb, 0x00ebebeb, 0xffebebeb, 0x00ebebeb, 0x00ebebeb, 0x00ebebeb, 0x00ebebeb, 0x00ebebeb, 0x00ebebeb, 0x00ebebeb, 0x00ebebeb, 0x00ebebeb,
  0x00ebebeb, 0x00ebebeb, 0xffebebeb, 0x00ebebeb, 0xffebebeb, 0xffebebeb, 0x00ebebeb, 0x00ebebeb, 0xffebebeb, 0x00ebebeb, 0xffebebeb, 0x00ebebeb,
  0x00ebebeb, 0x00ebebeb, 0xffebebeb, 0x00ebebeb, 0xffebebeb, 0x00ebebeb, 0x00ebebeb, 0xffebebeb, 0x00ebebeb, 0x00ebebeb, 0xffebebeb, 0x00ebebeb,
  0xffebebeb, 0x00ebebeb, 0x00ebebeb, 0x00ebebeb, 0xffebebeb, 0x00ebebeb, 0x00ebebeb, 0x00ebebeb, 0xffebebeb, 0x00ebebeb, 0x00ebebeb, 0x00ebebeb,
  0x00ebebeb, 0x00ebebeb, 0x00ebebeb, 0x00ebebeb, 0x00ebebeb, 0xffebebeb, 0x00ebebeb, 0x00ebebeb, 0x00ebebeb, 0x00ebebeb, 0x00ebebeb, 0x00ebebeb,
  0xffebebeb, 0x00ebebeb, 0x00ebebeb, 0xffebebeb, 0xffebebeb, 0xffebebeb, 0xffebebeb, 0xffebebeb, 0xffebebeb, 0xffebebeb, 0xffebebeb, 0x00ebebeb,
  0xffebebeb, 0xffebebeb, 0xffebebeb, 0xffebebeb, 0xffebebeb, 0xffebebeb, 0xffebebeb, 0xffebebeb, 0xffebebeb, 0xffebebeb, 0xffebebeb, 0x00ebebeb,
  0xffebebeb, 0xffebebeb, 0xffebebeb, 0xffebebeb, 0xffebebeb, 0xffebebeb, 0xffebebeb, 0xffebebeb, 0xffebebeb, 0xffebebeb, 0xffebebeb, 0x00ebebeb,
  0x00ebebeb, 0x00ebebeb, 0x00ebebeb, 0xffebebeb, 0xffebebeb, 0xffebebeb, 0x00ebebeb, 0x00ebebeb, 0x00ebebeb, 0x00ebebeb, 0x00ebebeb, 0x00ebebeb,
  0x00ebebeb, 0x00ebebeb, 0xffebebeb, 0x00ebebeb, 0xffebebeb, 0xffebebeb, 0x00ebebeb, 0x00ebebeb, 0x00ebebeb, 0xffebebeb, 0xffebebeb, 0x00ebebeb,
  0xffebebeb, 0xffebebeb, 0xffebebeb, 0x00ebebeb, 0x00ebebeb, 0x00ebebeb, 0x00ebebeb, 0x00ebebeb, 0x00ebebeb, 0x00ebebeb, 0xffebebeb, 0x00ebebeb,
  0xffebebeb, 0xffebebeb, 0xffebebeb, 0xffebebeb, 0x00ebebeb, 0x00ebebeb, 0xffebebeb, 0xffebebeb, 0xffebebeb, 0xffebebeb, 0xffebebeb, 0x00ebebeb,
  0xffebebeb, 0x00ebebeb, 0xffebebeb, 0x00ebebeb, 0x00ebebeb, 0xffebebeb, 0xffebebeb, 0x00ebebeb, 0x00ebebeb, 0x00ebebeb, 0xffebebeb, 0x00ebebeb,
  0xffebebeb, 0x00ebebeb, 0x00ebebeb, 0x00ebebeb, 0x00ebebeb, 0xffebebeb, 0xffebebeb, 0xffebebeb, 0xffebebeb, 0xffebebeb, 0xffebebeb, 0x00ebebeb,
  0xffebebeb, 0xffebebeb, 0x00ebebeb, 0x00ebebeb, 0xffebebeb, 0xffebebeb, 0xffebebeb, 0xffebebeb, 0xffebebeb, 0xffebebeb, 0xffebebeb, 0x00ebebeb,
  0x00ebebeb, 0xffebebeb, 0x00ebebeb, 0x00ebebeb, 0x00ebebeb, 0x00ebebeb, 0x00ebebeb, 0xffebebeb, 0x00ebebeb, 0x00ebebeb, 0x00ebebeb, 0x00ebebeb,
  0xffebebeb, 0x00ebebeb, 0x00ebebeb, 0xffebebeb, 0xffebebeb, 0xffebebeb, 0xffebebeb, 0xffebebeb, 0xffebebeb, 0xffebebeb, 0xffebebeb, 0x00ebebeb,
  0xffebebeb, 0xffebebeb, 0x00ebebeb, 0x00ebebeb, 0x00ebebeb, 0x00ebebeb, 0xffebebeb, 0xffebebeb, 0x00ebebeb, 0x00ebebeb, 0x00ebebeb, 0x00ebebeb,
  0x00ebebeb, 0x00ebebeb, 0xffebebeb, 0x00ebebeb, 0x00ebebeb, 0x00ebebeb, 0xffebebeb, 0xffebebeb, 0x00ebebeb, 0x00ebebeb, 0x00ebebeb, 0x00ebebeb,
  0xffebebeb, 0x00ebebeb, 0x00ebebeb, 0x00ebebeb, 0xffebebeb, 0xffebebeb, 0xffebebeb, 0xffebebeb, 0xffebebeb, 0xffebebeb, 0xffebebeb, 0x00ebebeb,
  0x00ebebeb, 0x00ebebeb, 0x00ebebeb, 0x00ebebeb, 0x00ebebeb, 0x00ebebeb, 0x00ebebeb, 0x00ebebeb, 0x00ebebeb, 0x00ebebeb, 0x00ebebeb, 0x00ebebeb,
  0x00ebebeb, 0x00ebebeb, 0x00ebebeb, 0x00ebebeb, 0x00ebebeb, 0x00ebebeb, 0x00ebebeb, 0x00ebebeb, 0x00ebebeb, 0x00ebebeb, 0x00ebebeb, 0x00ebebeb,
  0x00ebebeb, 0x00ebebeb, 0x00ebebeb, 0x00ebebeb, 0x00ebebeb, 0x00ebebeb, 0x00ebebeb, 0x00ebebeb, 0x00ebebeb, 0x00ebebeb, 0x00ebebeb, 0x00ebebeb,
  0x00ebebeb, 0x00ebebeb, 0x00ebebeb, 0x00ebebeb, 0x00ebebeb, 0x00ebebeb, 0x00ebebeb, 0x00ebebeb, 0x00ebebeb, 0x00ebebeb, 0x00ebebeb, 0x00ebebeb,
  0x00ebebeb, 0x00ebebeb, 0x00ebebeb, 0x00ebebeb, 0x00ebebeb, 0x00ebebeb, 0x00ebebeb, 0x00ebebeb, 0x00ebebeb, 0x00ebebeb, 0x00ebebeb, 0x00ebebeb,
  0x00ebebeb, 0x00ebebeb, 0x00ebebeb, 0x00ebebeb, 0x00ebebeb, 0x00ebebeb, 0x00ebebeb, 0x00ebebeb, 0x00ebebeb, 0x00ebebeb, 0x00ebebeb, 0x00ebebeb,
  0x00ebebeb, 0x00ebebeb, 0x00ebebeb, 0x00ebebeb, 0x00ebebeb, 0x00ebebeb, 0x00ebebeb, 0x00ebebeb, 0x00ebebeb, 0x00ebebeb, 0x00ebebeb, 0x00ebebeb,
  0x00ebebeb, 0x00ebebeb, 0x00ebebeb, 0x00ebebeb, 0x00ebebeb, 0x00ebebeb, 0x00ebebeb, 0x00ebebeb, 0x00ebebeb, 0x00ebebeb, 0x00ebebeb, 0x00ebebeb,
  0x00ebebeb, 0x00ebebeb, 0x00ebebeb, 0x00ebebeb, 0x00ebebeb, 0x00ebebeb, 0x00ebebeb, 0x00ebebeb, 0x00ebebeb, 0x00ebebeb, 0x00ebebeb, 0x00ebebeb,
  0x00ebebeb, 0x00ebebeb, 0x00ebebeb, 0x00ebebeb, 0x00ebebeb, 0x00ebebeb, 0x00ebebeb, 0x00ebebeb, 0x00ebebeb, 0x00ebebeb, 0x00ebebeb, 0x00ebebeb,
  0x00ebebeb, 0x00ebebeb, 0x00ebebeb, 0x00ebebeb, 0x00ebebeb, 0x00ebebeb, 0x00ebebeb, 0x00ebebeb, 0x00ebebeb, 0x00ebebeb, 0x00ebebeb, 0x00ebebeb,
  0x00ebebeb, 0x00ebebeb, 0x00ebebeb, 0x00ebebeb, 0x00ebebeb, 0x00ebebeb, 0x00ebebeb, 0x00ebebeb, 0x00ebebeb, 0x00ebebeb, 0x00ebebeb, 0x00ebebeb,
  0x00ebebeb, 0x00ebebeb, 0x00ebebeb, 0x00ebebeb, 0x00ebebeb, 0x00ebebeb, 0x00ebebeb, 0x00ebebeb, 0x00ebebeb, 0x00ebebeb, 0x00ebebeb, 0x00ebebeb,
  0x00ebebeb, 0x00ebebeb, 0x00ebebeb, 0x00ebebeb, 0x00ebebeb, 0x00ebebeb, 0x00ebebeb, 0x00ebebeb, 0x00ebebeb, 0x00ebebeb, 0x00ebebeb, 0x00ebebeb,
  0x00ebebeb, 0x00ebebeb, 0x00ebebeb, 0x00ebebeb, 0x00ebebeb, 0x00ebebeb, 0x00ebebeb, 0x00ebebeb, 0x00ebebeb, 0x00ebebeb, 0x00ebebeb, 0x00ebebeb,
  0x00ebebeb, 0x00ebebeb, 0x00ebebeb, 0x00ebebeb, 0x00ebebeb, 0x00ebebeb, 0x00ebebeb, 0x00ebebeb, 0x00ebebeb, 0x00ebebeb, 0x00ebebeb, 0x00ebebeb,
  0xffebebeb, 0xffebebeb, 0xffebebeb, 0xffebebeb, 0xffebebeb, 0xffebebeb, 0xffebebeb, 0xffebebeb, 0xffebebeb, 0xffebebeb, 0xffebebeb, 0x00ebebeb,
  0x00ebebeb, 0x00ebebeb, 0x00ebebeb, 0x00ebebeb, 0x00ebebeb, 0xffebebeb, 0x00ebebeb, 0x00ebebeb, 0x00ebebeb, 0x00ebebeb, 0x00ebebeb, 0x00ebebeb,
  0x00ebebeb, 0xffebebeb, 0x00ebebeb, 0x00ebebeb, 0x00ebebeb, 0x00ebebeb, 0x00ebebeb, 0xffebebeb, 0x00ebebeb, 0x00ebebeb, 0x00ebebeb, 0x00ebebeb,
  0x00ebebeb, 0x00ebebeb, 0xffebebeb, 0x00ebebeb, 0x00ebebeb, 0x00ebebeb, 0xffebebeb, 0x00ebebeb, 0x00ebebeb, 0x00ebebeb, 0x00ebebeb, 0x00ebebeb,
  0x00ebebeb, 0xffebebeb, 0x00ebebeb, 0x00ebebeb, 0x00ebebeb, 0x00ebebeb, 0xffebebeb, 0x00ebebeb, 0x00ebebeb, 0x00ebebeb, 0x00ebebeb, 0x00ebebeb,
  0x00ebebeb, 0xffebebeb, 0x00ebebeb, 0x00ebebeb, 0x00ebebeb, 0x00ebebeb, 0xffebebeb, 0x00ebebeb, 0x00ebebeb, 0x00ebebeb, 0x00ebebeb, 0x00ebebeb,
  0x00ebebeb, 0x00ebebeb, 0x00ebebeb, 0xffebebeb, 0x00ebebeb, 0x00ebebeb, 0x00ebebeb, 0xffebebeb, 0xffebebeb, 0xffebebeb, 0xffebebeb, 0x00ebebeb,
  0x00ebebeb, 0x00ebebeb, 0xffebebeb, 0x00ebebeb, 0x00ebebeb, 0x00ebebeb, 0x00ebebeb, 0x00ebebeb, 0xffebebeb, 0x00ebebeb, 0x00ebebeb, 0x00ebebeb,
  0xffebebeb, 0xffebebeb, 0xffebebeb, 0xffebebeb, 0xffebebeb, 0xffebebeb, 0xffebebeb, 0xffebebeb, 0xffebebeb, 0xffebebeb, 0xffebebeb, 0x00ebebeb,
  0x00ebebeb, 0x00ebebeb, 0x00ebebeb, 0x00ebebeb, 0x00ebebeb, 0xffebebeb, 0x00ebebeb, 0x00ebebeb, 0x00ebebeb, 0x00ebebeb, 0x00ebebeb, 0x00ebebeb,
  0x00ebebeb, 0x00ebebeb, 0x00ebebeb, 0x00ebebeb, 0x00ebebeb, 0xffebebeb, 0x00ebebeb, 0x00ebebeb, 0x00ebebeb, 0x00ebebeb, 0x00ebebeb, 0x00ebebeb,
  0xffebebeb, 0xffebebeb, 0xffebebeb, 0xffebebeb, 0xffebebeb, 0xffebebeb, 0xffebebeb, 0xffebebeb, 0xffebebeb, 0xffebebeb, 0xffebebeb, 0x00ebebeb,
  0x00ebebeb, 0x00ebebeb, 0x00ebebeb, 0x00ebebeb, 0xffebebeb, 0x00ebebeb, 0x00ebebeb, 0x00ebebeb, 0x00ebebeb, 0x00ebebeb, 0x00ebebeb, 0x00ebebeb,
  0x00ebebeb, 0x00ebebeb, 0x00ebebeb, 0x00ebebeb, 0xffebebeb, 0x00ebebeb, 0x00ebebeb, 0x00ebebeb, 0x00ebebeb, 0x00ebebeb, 0x00ebebeb, 0x00ebebeb,
  0x00ebebeb, 0x00ebebeb, 0x00ebebeb, 0x00ebebeb, 0x00ebebeb, 0xffebebeb, 0x00ebebeb, 0x00ebebeb, 0x00ebebeb, 0x00ebebeb, 0x00ebebeb, 0x00ebebeb,
  0x00ebebeb, 0x00ebebeb, 0x00ebebeb, 0x00ebebeb, 0xffebebeb, 0x00ebebeb, 0x00ebebeb, 0x00ebebeb, 0x00ebebeb, 0x00ebebeb, 0x00ebebeb, 0x00ebebeb,
  0xffebebeb, 0x00ebebeb, 0x00ebebeb, 0x00ebebeb, 0x00ebebeb, 0xffebebeb, 0x00ebebeb, 0x00ebebeb, 0x00ebebeb, 0x00ebebeb, 0xffebebeb, 0x00ebebeb,
  0xffebebeb, 0xffebebeb, 0xffebebeb, 0xffebebeb, 0xffebebeb, 0xffebebeb, 0xffebebeb, 0xffebebeb, 0xffebebeb, 0xffebebeb, 0xffebebeb, 0x00ebebeb,
  0x00ebebeb, 0xffebebeb, 0xffebebeb, 0x00ebebeb, 0xffebebeb, 0xffebebeb, 0xffebebeb, 0xffebebeb, 0xffebebeb, 0xffebebeb, 0x00ebebeb, 0x00ebebeb,
  0x00ebebeb, 0x00ebebeb, 0x00ebebeb, 0xffebebeb, 0x00ebebeb, 0x00ebebeb, 0xffebebeb, 0x00ebebeb, 0x00ebebeb, 0x00ebebeb, 0x00ebebeb, 0x00ebebeb,
  0x00ebebeb, 0xffebebeb, 0x00ebebeb, 0xffebebeb, 0xffebebeb, 0xffebebeb, 0xffebebeb, 0xffebebeb, 0xffebebeb, 0xffebebeb, 0xffebebeb, 0x00ebebeb,
  0x00ebebeb, 0x00ebebeb, 0xffebebeb, 0x00ebebeb, 0x00ebebeb, 0x00ebebeb, 0xffebebeb, 0x00ebebeb, 0x00ebebeb, 0x00ebebeb, 0x00ebebeb, 0x00ebebeb,
  0x00ebebeb, 0xffebebeb, 0xffebebeb, 0xffebebeb, 0xffebebeb, 0xffebebeb, 0x00ebebeb, 0xffebebeb, 0x00ebebeb, 0x00ebebeb, 0xffebebeb, 0x00ebebeb,
  0x00ebebeb, 0x00ebebeb, 0x00ebebeb, 0xffebebeb, 0x00ebebeb, 0x00ebebeb, 0x00ebebeb, 0xffebebeb, 0x00ebebeb, 0x00ebebeb, 0x00ebebeb, 0x00ebebeb,
  0x00ebebeb, 0x00ebebeb, 0x00ebebeb, 0x00ebebeb, 0x00ebebeb, 0xffebebeb, 0x00ebebeb, 0x00ebebeb, 0x00ebebeb, 0x00ebebeb, 0x00ebebeb, 0x00ebebeb,
  0x00ebebeb, 0x00ebebeb, 0x00ebebeb, 0x00ebebeb, 0xffebebeb, 0xffebebeb, 0xffebebeb, 0xffebebeb, 0xffebebeb, 0x00ebebeb, 0x00ebebeb, 0x00ebebeb,
  0x00ebebeb, 0x00ebebeb, 0x00ebebeb, 0x00ebebeb, 0x00ebebeb, 0xffebebeb, 0x00ebebeb, 0x00ebebeb, 0x00ebebeb, 0x00ebebeb, 0x00ebebeb, 0x00ebebeb,
  0x00ebebeb, 0x00ebebeb, 0x00ebebeb, 0x00ebebeb, 0x00ebebeb, 0xffebebeb, 0x00ebebeb, 0x00ebebeb, 0x00ebebeb, 0x00ebebeb, 0x00ebebeb, 0x00ebebeb,
  0x00ebebeb, 0x00ebebeb, 0x00ebebeb, 0x00ebebeb, 0xffebebeb, 0x00ebebeb, 0x00ebebeb, 0x00ebebeb, 0x00ebebeb, 0x00ebebeb, 0x00ebebeb, 0x00ebebeb,
  0x00ebebeb, 0x00ebebeb, 0x00ebebeb, 0x00ebebeb, 0xffebebeb, 0x00ebebeb, 0x00ebebeb, 0x00ebebeb, 0x00ebebeb, 0x00ebebeb, 0x00ebebeb, 0x00ebebeb,
  0x00ebebeb, 0x00ebebeb, 0x00ebebeb, 0x00ebebeb, 0x00ebebeb, 0xffebebeb, 0x00ebebeb, 0x00ebebeb, 0x00ebebeb, 0x00ebebeb, 0x00ebebeb, 0x00ebebeb,
  0xffebebeb, 0xffebebeb, 0xffebebeb, 0xffebebeb, 0xffebebeb, 0xffebebeb, 0xffebebeb, 0xffebebeb, 0xffebebeb, 0xffebebeb, 0xffebebeb, 0x00ebebeb,
  0xffebebeb, 0x00ebebeb, 0x00ebebeb, 0x00ebebeb, 0x00ebebeb, 0xffebebeb, 0x00ebebeb, 0x00ebebeb, 0x00ebebeb, 0x00ebebeb, 0xffebebeb, 0x00ebebeb,
  0xffebebeb, 0x00ebebeb, 0x00ebebeb, 0x00ebebeb, 0x00ebebeb, 0x00ebebeb, 0x00ebebeb, 0x00ebebeb, 0x00ebebeb, 0x00ebebeb, 0xffebebeb, 0x00ebebeb,
  0xffebebeb, 0x00ebebeb, 0x00ebebeb, 0x00ebebeb, 0x00ebebeb, 0xffebebeb, 0x00ebebeb, 0x00ebebeb, 0xffebebeb, 0x00ebebeb, 0x00ebebeb, 0x00ebebeb,
  0x00ebebeb, 0xffebebeb, 0x00ebebeb, 0x00ebebeb, 0x00ebebeb, 0x00ebebeb, 0xffebebeb, 0x00ebebeb, 0x00ebebeb, 0x00ebebeb, 0x00ebebeb, 0x00ebebeb,
  0xffebebeb, 0x00ebebeb, 0x00ebebeb, 0xffebebeb, 0x00ebebeb, 0x00ebebeb, 0x00ebebeb, 0x00ebebeb, 0x00ebebeb, 0x00ebebeb, 0xffebebeb, 0x00ebebeb,
  0xffebebeb, 0xffebebeb, 0xffebebeb, 0xffebebeb, 0xffebebeb, 0x00ebebeb, 0xffebebeb, 0xffebebeb, 0xffebebeb, 0xffebebeb, 0xffebebeb, 0x00ebebeb,
  0x00ebebeb, 0x00ebebeb, 0x00ebebeb, 0x00ebebeb, 0x00ebebeb, 0x00ebebeb, 0x00ebebeb, 0xffebebeb, 0x00ebebeb, 0x00ebebeb, 0xffebebeb, 0x00ebebeb,
  0x00ebebeb, 0xffebebeb, 0xffebebeb, 0xffebebeb, 0xffebebeb, 0xffebebeb, 0xffebebeb, 0xffebebeb, 0xffebebeb, 0xffebebeb, 0x00ebebeb, 0x00ebebeb,
  0x00ebebeb, 0xffebebeb, 0xffebebeb, 0xffebebeb, 0xffebebeb, 0xffebebeb, 0xffebebeb, 0xffebebeb, 0xffebebeb, 0xffebebeb, 0x00ebebeb, 0x00ebebeb,
  0x00ebebeb, 0xffebebeb, 0xffebebeb, 0xffebebeb, 0x00ebebeb, 0x00ebebeb, 0x00ebebeb, 0x00ebebeb, 0xffebebeb, 0x00ebebeb, 0x00ebebeb, 0x00ebebeb,
  0x00ebebeb, 0x00ebebeb, 0x00ebebeb, 0x00ebebeb, 0x00ebebeb, 0xffebebeb, 0x00ebebeb, 0x00ebebeb, 0x00ebebeb, 0x00ebebeb, 0x00ebebeb, 0x00ebebeb,
  0x00ebebeb, 0x00ebebeb, 0x00ebebeb, 0x00ebebeb, 0x00ebebeb, 0xffebebeb, 0x00ebebeb, 0x00ebebeb, 0x00ebebeb, 0x00ebebeb, 0x00ebebeb, 0x00ebebeb,
  0xffebebeb, 0xffebebeb, 0xffebebeb, 0xffebebeb, 0xffebebeb, 0xffebebeb, 0xffebebeb, 0xffebebeb, 0xffebebeb, 0xffebebeb, 0xffebebeb, 0x00ebebeb,
  0xffebebeb, 0xffebebeb, 0xffebebeb, 0xffebebeb, 0xffebebeb, 0xffebebeb, 0xffebebeb, 0xffebebeb, 0xffebebeb, 0xffebebeb, 0xffebebeb, 0x00ebebeb,
  0xffebebeb, 0xffebebeb, 0xffebebeb, 0xffebebeb, 0xffebebeb, 0xffebebeb, 0xffebebeb, 0xffebebeb, 0xffebebeb, 0xffebebeb, 0xffebebeb, 0x00ebebeb,
  0x00ebebeb, 0x00ebebeb, 0x00ebebeb, 0xffebebeb, 0x00ebebeb, 0x00ebebeb, 0x00ebebeb, 0x00ebebeb, 0x00ebebeb, 0x00ebebeb, 0x00ebebeb, 0x00ebebeb,
  0xffebebeb, 0x00ebebeb, 0xffebebeb, 0xffebebeb, 0xffebebeb, 0xffebebeb, 0xffebebeb, 0xffebebeb, 0xffebebeb, 0x00ebebeb, 0xffebebeb, 0x00ebebeb,
  0x00ebebeb, 0x00ebebeb, 0x00ebebeb, 0x00ebebeb, 0x00ebebeb, 0x00ebebeb, 0x00ebebeb, 0x00ebebeb, 0x00ebebeb, 0x00ebebeb, 0x00ebebeb, 0x00ebebeb,
  0xffebebeb, 0xffebebeb, 0xffebebeb, 0xffebebeb, 0xffebebeb, 0xffebebeb, 0xffebebeb, 0xffebebeb, 0xffebebeb, 0xffebebeb, 0xffebebeb, 0x00ebebeb,
  0x00ebebeb, 0x00ebebeb, 0xffebebeb, 0x00ebebeb, 0x00ebebeb, 0x00ebebeb, 0xffebebeb, 0x00ebebeb, 0x00ebebeb, 0x00ebebeb, 0x00ebebeb, 0x00ebebeb,
  0xffebebeb, 0x00ebebeb, 0xffebebeb, 0x00ebebeb, 0x00ebebeb, 0xffebebeb, 0x00ebebeb, 0xffebebeb, 0xffebebeb, 0xffebebeb, 0x00ebebeb, 0x00ebebeb,
  0x00ebebeb, 0xffebebeb, 0x00ebebeb, 0x00ebebeb, 0x00ebebeb, 0xffebebeb, 0x00ebebeb, 0x00ebebeb, 0x00ebebeb, 0xffebebeb, 0x00ebebeb, 0x00ebebeb,
  0x00ebebeb, 0xffebebeb, 0x00ebebeb, 0x00ebebeb, 0x00ebebeb, 0xffebebeb, 0x00ebebeb, 0xffebebeb, 0x00ebebeb, 0xffebebeb, 0x00ebebeb, 0x00ebebeb,
  0x00ebebeb, 0x00ebebeb, 0x00ebebeb, 0x00ebebeb, 0x00ebebeb, 0xffebebeb, 0x00ebebeb, 0x00ebebeb, 0x00ebebeb, 0x00ebebeb, 0x00ebebeb, 0x00ebebeb,
  0x00ebebeb, 0xffebebeb, 0x00ebebeb, 0x00ebebeb, 0x00ebebeb, 0xffebebeb, 0x00ebebeb, 0x00ebebeb, 0x00ebebeb, 0xffebebeb, 0x00ebebeb, 0x00ebebeb,
  0x00ebebeb, 0x00ebebeb, 0x00ebebeb, 0x00ebebeb, 0xffebebeb, 0x00ebebeb, 0x00ebebeb, 0xffebebeb, 0x00ebebeb, 0x00ebebeb, 0x00ebebeb, 0x00ebebeb,
  0x00ebebeb, 0x00ebebeb, 0x00ebebeb, 0x00ebebeb, 0x00ebebeb, 0xffebebeb, 0x00ebebeb, 0x00ebebeb, 0x00ebebeb, 0x00ebebeb, 0x00ebebeb, 0x00ebebeb,
  0x00ebebeb, 0x00ebebeb, 0x00ebebeb, 0x00ebebeb, 0x00ebebeb, 0xffebebeb, 0x00ebebeb, 0x00ebebeb, 0x00ebebeb, 0x00ebebeb, 0x00ebebeb, 0x00ebebeb,
  0x00ebebeb, 0x00ebebeb, 0x00ebebeb, 0x00ebebeb, 0xffebebeb, 0x00ebebeb, 0x00ebebeb, 0x00ebebeb, 0x00ebebeb, 0x00ebebeb, 0x00ebebeb, 0x00ebebeb,
  0x00ebebeb, 0x00ebebeb, 0x00ebebeb, 0xffebebeb, 0x00ebebeb, 0x00ebebeb, 0x00ebebeb, 0x00ebebeb, 0x00ebebeb, 0x00ebebeb, 0x00ebebeb, 0x00ebebeb,
  0xffebebeb, 0x00ebebeb, 0x00ebebeb, 0x00ebebeb, 0x00ebebeb, 0xffebebeb, 0x00ebebeb, 0x00ebebeb, 0x00ebebeb, 0x00ebebeb, 0xffebebeb, 0x00ebebeb,
  0x00ebebeb, 0x00ebebeb, 0xffebebeb, 0x00ebebeb, 0x00ebebeb, 0xffebebeb, 0xffebebeb, 0xffebebeb, 0xffebebeb, 0xffebebeb, 0x00ebebeb, 0x00ebebeb,
  0xffebebeb, 0x00ebebeb, 0x00ebebeb, 0x00ebebeb, 0x00ebebeb, 0xffebebeb, 0x00ebebeb, 0x00ebebeb, 0x00ebebeb, 0x00ebebeb, 0xffebebeb, 0x00ebebeb,
  0x00ebebeb, 0xffebebeb, 0xffebebeb, 0xffebebeb, 0xffebebeb, 0xffebebeb, 0xffebebeb, 0xffebebeb, 0xffebebeb, 0xffebebeb, 0x00ebebeb, 0x00ebebeb,
  0x00ebebeb, 0xffebebeb, 0x00ebebeb, 0x00ebebeb, 0xffebebeb, 0x00ebebeb, 0x00ebebeb, 0x00ebebeb, 0x00ebebeb, 0xffebebeb, 0x00ebebeb, 0x00ebebeb,
  0x00ebebeb, 0x00ebebeb, 0x00ebebeb, 0x00ebebeb, 0x00ebebeb, 0x00ebebeb, 0xffebebeb, 0x00ebebeb, 0x00ebebeb, 0x00ebebeb, 0x00ebebeb, 0x00ebebeb,
  0xffebebeb, 0xffebebeb, 0x00ebebeb, 0x00ebebeb, 0x00ebebeb, 0xffebebeb, 0x00ebebeb, 0x00ebebeb, 0xffebebeb, 0x00ebebeb, 0x00ebebeb, 0x00ebebeb,
  0x00ebebeb, 0xffebebeb, 0x00ebebeb, 0x00ebebeb, 0x00ebebeb, 0x00ebebeb, 0xffebebeb, 0x00ebebeb, 0x00ebebeb, 0xffebebeb, 0x00ebebeb, 0x00ebebeb,
  0x00ebebeb, 0x00ebebeb, 0xffebebeb, 0x00ebebeb, 0xffebebeb, 0x00ebebeb, 0x00ebebeb, 0xffebebeb, 0x00ebebeb, 0xffebebeb, 0x00ebebeb, 0x00ebebeb,
  0x00ebebeb, 0x00ebebeb, 0x00ebebeb, 0x00ebebeb, 0x00ebebeb, 0xffebebeb, 0x00ebebeb, 0x00ebebeb, 0x00ebebeb, 0x00ebebeb, 0x00ebebeb, 0x00ebebeb,
  0x00ebebeb, 0xffebebeb, 0xffebebeb, 0xffebebeb, 0xffebebeb, 0xffebebeb, 0xffebebeb, 0xffebebeb, 0xffebebeb, 0xffebebeb, 0x00ebebeb, 0x00ebebeb,
  0x00ebebeb, 0x00ebebeb, 0x00ebebeb, 0x00ebebeb, 0x00ebebeb, 0xffebebeb, 0xffebebeb, 0x00ebebeb, 0xffebebeb, 0x00ebebeb, 0x00ebebeb, 0x00ebebeb,
  0x00ebebeb, 0x00ebebeb, 0x00ebebeb, 0x00ebebeb, 0x00ebebeb, 0xffebebeb, 0xffebebeb, 0xffebebeb, 0xffebebeb, 0xffebebeb, 0x00ebebeb, 0x00ebebeb,
  0x00ebebeb, 0x00ebebeb, 0x00ebebeb, 0x00ebebeb, 0x00ebebeb, 0xffebebeb, 0x00ebebeb, 0xffebebeb, 0x00ebebeb, 0x00ebebeb, 0x00ebebeb, 0x00ebebeb,
  0x00ebebeb, 0x00ebebeb, 0x00ebebeb, 0xffebebeb, 0x00ebebeb, 0x00ebebeb, 0x00ebebeb, 0x00ebebeb, 0x00ebebeb, 0x00ebebeb, 0x00ebebeb, 0x00ebebeb,
  0x00ebebeb, 0x00ebebeb, 0x00ebebeb, 0xffebebeb, 0x00ebebeb, 0x00ebebeb, 0x00ebebeb, 0x00ebebeb, 0x00ebebeb, 0x00ebebeb, 0x00ebebeb, 0x00ebebeb,
  0xffebebeb, 0x00ebebeb, 0x00ebebeb, 0x00ebebeb, 0x00ebebeb, 0xffebebeb, 0x00ebebeb, 0x00ebebeb, 0x00ebebeb, 0x00ebebeb, 0xffebebeb, 0x00ebebeb,
  0x00ebebeb, 0x00ebebeb, 0xffebebeb, 0x00ebebeb, 0x00ebebeb, 0x00ebebeb, 0x00ebebeb, 0x00ebebeb, 0xffebebeb, 0x00ebebeb, 0x00ebebeb, 0x00ebebeb,
  0xffebebeb, 0x00ebebeb, 0x00ebebeb, 0xffebebeb, 0xffebebeb, 0xffebebeb, 0xffebebeb, 0xffebebeb, 0x00ebebeb, 0x00ebebeb, 0xffebebeb, 0x00ebebeb,
  0x00ebebeb, 0x00ebebeb, 0x00ebebeb, 0x00ebebeb, 0x00ebebeb, 0xffebebeb, 0x00ebebeb, 0x00ebebeb, 0x00ebebeb, 0x00ebebeb, 0x00ebebeb, 0x00ebebeb,
  0x00ebebeb, 0xffebebeb, 0x00ebebeb, 0x00ebebeb, 0xffebebeb, 0xffebebeb, 0xffebebeb, 0xffebebeb, 0xffebebeb, 0xffebebeb, 0x00ebebeb, 0x00ebebeb,
  0xffebebeb, 0xffebebeb, 0xffebebeb, 0xffebebeb, 0xffebebeb, 0xffebebeb, 0xffebebeb, 0xffebebeb, 0xffebebeb, 0xffebebeb, 0xffebebeb, 0x00ebebeb,
  0x00ebebeb, 0xffebebeb, 0x00ebebeb, 0x00ebebeb, 0xffebebeb, 0x00ebebeb, 0x00ebebeb, 0xffebebeb, 0x00ebebeb, 0x00ebebeb, 0x00ebebeb, 0x00ebebeb,
  0x00ebebeb, 0xffebebeb, 0xffebebeb, 0xffebebeb, 0xffebebeb, 0x00ebebeb, 0xffebebeb, 0x00ebebeb, 0x00ebebeb, 0xffebebeb, 0x00ebebeb, 0x00ebebeb,
  0xffebebeb, 0xffebebeb, 0xffebebeb, 0xffebebeb, 0xffebebeb, 0xffebebeb, 0xffebebeb, 0xffebebeb, 0x00ebebeb, 0x00ebebeb, 0xffebebeb, 0x00ebebeb,
  0x00ebebeb, 0x00ebebeb, 0x00ebebeb, 0x00ebebeb, 0x00ebebeb, 0xffebebeb, 0x00ebebeb, 0x00ebebeb, 0x00ebebeb, 0x00ebebeb, 0x00ebebeb, 0x00ebebeb,
  0x00ebebeb, 0xffebebeb, 0x00ebebeb, 0x00ebebeb, 0x00ebebeb, 0xffebebeb, 0x00ebebeb, 0x00ebebeb, 0x00ebebeb, 0xffebebeb, 0x00ebebeb, 0x00ebebeb,
  0x00ebebeb, 0x00ebebeb, 0x00ebebeb, 0xffebebeb, 0xffebebeb, 0x00ebebeb, 0x00ebebeb, 0xffebebeb, 0xffebebeb, 0xffebebeb, 0xffebebeb, 0x00ebebeb,
  0x00ebebeb, 0x00ebebeb, 0x00ebebeb, 0x00ebebeb, 0x00ebebeb, 0xffebebeb, 0x00ebebeb, 0x00ebebeb, 0x00ebebeb, 0x00ebebeb, 0x00ebebeb, 0x00ebebeb,
  0x00ebebeb, 0x00ebebeb, 0x00ebebeb, 0x00ebebeb, 0x00ebebeb, 0xffebebeb, 0x00ebebeb, 0x00ebebeb, 0xffebebeb, 0x00ebebeb, 0x00ebebeb, 0x00ebebeb,
  0x00ebebeb, 0x00ebebeb, 0x00ebebeb, 0xffebebeb, 0x00ebebeb, 0x00ebebeb, 0x00ebebeb, 0x00ebebeb, 0x00ebebeb, 0x00ebebeb, 0x00ebebeb, 0x00ebebeb,
  0x00ebebeb, 0x00ebebeb, 0xffebebeb, 0x00ebebeb, 0x00ebebeb, 0x00ebebeb, 0x00ebebeb, 0x00ebebeb, 0x00ebebeb, 0x00ebebeb, 0x00ebebeb, 0x00ebebeb,
  0xffebebeb, 0x00ebebeb, 0x00ebebeb, 0x00ebebeb, 0xffebebeb, 0x00ebebeb, 0xffebebeb, 0x00ebebeb, 0x00ebebeb, 0x00ebebeb, 0xffebebeb, 0x00ebebeb,
  0x00ebebeb, 0xffebebeb, 0xffebebeb, 0x00ebebeb, 0x00ebebeb, 0x00ebebeb, 0x00ebebeb, 0xffebebeb, 0x00ebebeb, 0x00ebebeb, 0x00ebebeb, 0x00ebebeb,
  0xffebebeb, 0x00ebebeb, 0x00ebebeb, 0xffebebeb, 0x00ebebeb, 0x00ebebeb, 0x00ebebeb, 0xffebebeb, 0x00ebebeb, 0x00ebebeb, 0xffebebeb, 0x00ebebeb,
  0x00ebebeb, 0x00ebebeb, 0xffebebeb, 0x00ebebeb, 0x00ebebeb, 0xffebebeb, 0x00ebebeb, 0x00ebebeb, 0x00ebebeb, 0x00ebebeb, 0x00ebebeb, 0x00ebebeb,
  0xffebebeb, 0xffebebeb, 0xffebebeb, 0x00ebebeb, 0xffebebeb, 0x00ebebeb, 0x00ebebeb, 0x00ebebeb, 0x00ebebeb, 0xffebebeb, 0x00ebebeb, 0x00ebebeb,
  0x00ebebeb, 0x00ebebeb, 0x00ebebeb, 0x00ebebeb, 0x00ebebeb, 0xffebebeb, 0x00ebebeb, 0x00ebebeb, 0x00ebebeb, 0x00ebebeb, 0x00ebebeb, 0x00ebebeb,
  0xffebebeb, 0x00ebebeb, 0x00ebebeb, 0xffebebeb, 0xffebebeb, 0x00ebebeb, 0xffebebeb, 0xffebebeb, 0xffebebeb, 0xffebebeb, 0xffebebeb, 0x00ebebeb,
  0x00ebebeb, 0xffebebeb, 0x00ebebeb, 0x00ebebeb, 0xffebebeb, 0x00ebebeb, 0xffebebeb, 0x00ebebeb, 0xffebebeb, 0x00ebebeb, 0x00ebebeb, 0x00ebebeb,
  0x00ebebeb, 0x00ebebeb, 0x00ebebeb, 0x00ebebeb, 0x00ebebeb, 0x00ebebeb, 0x00ebebeb, 0xffebebeb, 0x00ebebeb, 0x00ebebeb, 0xffebebeb, 0x00ebebeb,
  0xffebebeb, 0xffebebeb, 0xffebebeb, 0xffebebeb, 0xffebebeb, 0xffebebeb, 0xffebebeb, 0xffebebeb, 0xffebebeb, 0xffebebeb, 0xffebebeb, 0x00ebebeb,
  0x00ebebeb, 0xffebebeb, 0xffebebeb, 0xffebebeb, 0xffebebeb, 0xffebebeb, 0xffebebeb, 0xffebebeb, 0xffebebeb, 0xffebebeb, 0x00ebebeb, 0x00ebebeb,
  0xffebebeb, 0xffebebeb, 0xffebebeb, 0x00ebebeb, 0x00ebebeb, 0x00ebebeb, 0xffebebeb, 0x00ebebeb, 0x00ebebeb, 0x00ebebeb, 0xffebebeb, 0x00ebebeb,
  0x00ebebeb, 0x00ebebeb, 0x00ebebeb, 0x00ebebeb, 0x00ebebeb, 0xffebebeb, 0x00ebebeb, 0x00ebebeb, 0x00ebebeb, 0x00ebebeb, 0x00ebebeb, 0x00ebebeb,
  0x00ebebeb, 0x00ebebeb, 0x00ebebeb, 0x00ebebeb, 0x00ebebeb, 0xffebebeb, 0x00ebebeb, 0x00ebebeb, 0x00ebebeb, 0xffebebeb, 0x00ebebeb, 0x00ebebeb,
  0x00ebebeb, 0x00ebebeb, 0xffebebeb, 0x00ebebeb, 0xffebebeb, 0xffebebeb, 0xffebebeb, 0xffebebeb, 0xffebebeb, 0xffebebeb, 0xffebebeb, 0x00ebebeb,
  0x00ebebeb, 0x00ebebeb, 0xffebebeb, 0xffebebeb, 0xffebebeb, 0xffebebeb, 0xffebebeb, 0xffebebeb, 0xffebebeb, 0xffebebeb, 0x00ebebeb, 0x00ebebeb,
  0xffebebeb, 0x00ebebeb, 0x00ebebeb, 0xffebebeb, 0x00ebebeb, 0x00ebebeb, 0x00ebebeb, 0xffebebeb, 0x00ebebeb, 0x00ebebeb, 0xffebebeb, 0x00ebebeb,
  0xffebebeb, 0x00ebebeb, 0xffebebeb, 0x00ebebeb, 0x00ebebeb, 0x00ebebeb, 0x00ebebeb, 0xffebebeb, 0x00ebebeb, 0x00ebebeb, 0x00ebebeb, 0x00ebebeb,
  0xffebebeb, 0x00ebebeb, 0x00ebebeb, 0xffebebeb, 0x00ebebeb, 0x00ebebeb, 0x00ebebeb, 0xffebebeb, 0x00ebebeb, 0x00ebebeb, 0xffebebeb, 0x00ebebeb,
  0x00ebebeb, 0x00ebebeb, 0xffebebeb, 0x00ebebeb, 0x00ebebeb, 0xffebebeb, 0xffebebeb, 0xffebebeb, 0xffebebeb, 0xffebebeb, 0x00ebebeb, 0x00ebebeb,
  0x00ebebeb, 0xffebebeb, 0x00ebebeb, 0x00ebebeb, 0xffebebeb, 0xffebebeb, 0xffebebeb, 0xffebebeb, 0xffebebeb, 0xffebebeb, 0x00ebebeb, 0x00ebebeb,
  0x00ebebeb, 0x00ebebeb, 0x00ebebeb, 0x00ebebeb, 0x00ebebeb, 0xffebebeb, 0x00ebebeb, 0xffebebeb, 0x00ebebeb, 0x00ebebeb, 0x00ebebeb, 0x00ebebeb,
  0xffebebeb, 0xffebebeb, 0xffebebeb, 0x00ebebeb, 0xffebebeb, 0x00ebebeb, 0xffebebeb, 0x00ebebeb, 0x00ebebeb, 0x00ebebeb, 0xffebebeb, 0x00ebebeb,
  0x00ebebeb, 0xffebebeb, 0x00ebebeb, 0x00ebebeb, 0xffebebeb, 0x00ebebeb, 0xffebebeb, 0x00ebebeb, 0xffebebeb, 0x00ebebeb, 0x00ebebeb, 0x00ebebeb,
  0x00ebebeb, 0xffebebeb, 0xffebebeb, 0xffebebeb, 0xffebebeb, 0xffebebeb, 0x00ebebeb, 0xffebebeb, 0x00ebebeb, 0x00ebebeb, 0xffebebeb, 0x00ebebeb,
  0x00ebebeb, 0x00ebebeb, 0x00ebebeb, 0x00ebebeb, 0xffebebeb, 0x00ebebeb, 0xffebebeb, 0x00ebebeb, 0x00ebebeb, 0x00ebebeb, 0x00ebebeb, 0x00ebebeb,
  0x00ebebeb, 0xffebebeb, 0x00ebebeb, 0x00ebebeb, 0x00ebebeb, 0xffebebeb, 0x00ebebeb, 0x00ebebeb, 0x00ebebeb, 0x00ebebeb, 0x00ebebeb, 0x00ebebeb,
  0x00ebebeb, 0x00ebebeb, 0x00ebebeb, 0xffebebeb, 0xffebebeb, 0xffebebeb, 0x00ebebeb, 0x00ebebeb, 0x00ebebeb, 0x00ebebeb, 0xffebebeb, 0x00ebebeb,
  0x00ebebeb, 0x00ebebeb, 0x00ebebeb, 0x00ebebeb, 0x00ebebeb, 0xffebebeb, 0x00ebebeb, 0x00ebebeb, 0x00ebebeb, 0x00ebebeb, 0x00ebebeb, 0x00ebebeb,
  0x00ebebeb, 0x00ebebeb, 0x00ebebeb, 0x00ebebeb, 0x00ebebeb, 0xffebebeb, 0x00ebebeb, 0x00ebebeb, 0x00ebebeb, 0x00ebebeb, 0x00ebebeb, 0x00ebebeb,
  0x00ebebeb, 0x00ebebeb, 0xffebebeb, 0x00ebebeb, 0x00ebebeb, 0x00ebebeb, 0x00ebebeb, 0xffebebeb, 0x00ebebeb, 0x00ebebeb, 0x00ebebeb, 0x00ebebeb,
  0x00ebebeb, 0xffebebeb, 0xffebebeb, 0x00ebebeb, 0x00ebebeb, 0x00ebebeb, 0x00ebebeb, 0x00ebebeb, 0x00ebebeb, 0xffebebeb, 0x00ebebeb, 0x00ebebeb,
  0xffebebeb, 0x00ebebeb, 0xffebebeb, 0x00ebebeb, 0x00ebebeb, 0x00ebebeb, 0x00ebebeb, 0x00ebebeb, 0xffebebeb, 0x00ebebeb, 0xffebebeb, 0x00ebebeb,
  0x00ebebeb, 0x00ebebeb, 0xffebebeb, 0x00ebebeb, 0xffebebeb, 0xffebebeb, 0xffebebeb, 0xffebebeb, 0xffebebeb, 0xffebebeb, 0xffebebeb, 0x00ebebeb,
  0xffebebeb, 0x00ebebeb, 0x00ebebeb, 0xffebebeb, 0xffebebeb, 0xffebebeb, 0xffebebeb, 0xffebebeb, 0x00ebebeb, 0x00ebebeb, 0xffebebeb, 0x00ebebeb,
  0x00ebebeb, 0x00ebebeb, 0xffebebeb, 0x00ebebeb, 0x00ebebeb, 0xffebebeb, 0x00ebebeb, 0x00ebebeb, 0x00ebebeb, 0x00ebebeb, 0x00ebebeb, 0x00ebebeb,
  0x00ebebeb, 0xffebebeb, 0x00ebebeb, 0x00ebebeb, 0x00ebebeb, 0xffebebeb, 0x00ebebeb, 0x00ebebeb, 0xffebebeb, 0x00ebebeb, 0x00ebebeb, 0x00ebebeb,
  0x00ebebeb, 0x00ebebeb, 0x00ebebeb, 0x00ebebeb, 0xffebebeb, 0x00ebebeb, 0x00ebebeb, 0x00ebebeb, 0xffebebeb, 0x00ebebeb, 0x00ebebeb, 0x00ebebeb,
  0x00ebebeb, 0x00ebebeb, 0x00ebebeb, 0x00ebebeb, 0xffebebeb, 0x00ebebeb, 0xffebebeb, 0xffebebeb, 0xffebebeb, 0xffebebeb, 0xffebebeb, 0x00ebebeb,
  0x00ebebeb, 0xffebebeb, 0x00ebebeb, 0x00ebebeb, 0xffebebeb, 0x00ebebeb, 0x00ebebeb, 0xffebebeb, 0x00ebebeb, 0x00ebebeb, 0x00ebebeb, 0x00ebebeb,
  0x00ebebeb, 0xffebebeb, 0x00ebebeb, 0x00ebebeb, 0x00ebebeb, 0xffebebeb, 0x00ebebeb, 0xffebebeb, 0xffebebeb, 0xffebebeb, 0x00ebebeb, 0x00ebebeb,
  0x00ebebeb, 0x00ebebeb, 0x00ebebeb, 0xffebebeb, 0x00ebebeb, 0x00ebebeb, 0x00ebebeb, 0xffebebeb, 0x00ebebeb, 0x00ebebeb, 0x00ebebeb, 0x00ebebeb,
  0x00ebebeb, 0x00ebebeb, 0xffebebeb, 0x00ebebeb, 0x00ebebeb, 0xffebebeb, 0x00ebebeb, 0x00ebebeb, 0x00ebebeb, 0x00ebebeb, 0x00ebebeb, 0x00ebebeb,
  0x00ebebeb, 0x00ebebeb, 0x00ebebeb, 0x00ebebeb, 0x00ebebeb, 0x00ebebeb, 0xffebebeb, 0x00ebebeb, 0x00ebebeb, 0xffebebeb, 0x00ebebeb, 0x00ebebeb,
  0x00ebebeb, 0x00ebebeb, 0x00ebebeb, 0x00ebebeb, 0x00ebebeb, 0xffebebeb, 0x00ebebeb, 0x00ebebeb, 0x00ebebeb, 0x00ebebeb, 0x00ebebeb, 0x00ebebeb,
  0x00ebebeb, 0x00ebebeb, 0x00ebebeb, 0x00ebebeb, 0x00ebebeb, 0xffebebeb, 0x00ebebeb, 0x00ebebeb, 0x00ebebeb, 0x00ebebeb, 0x00ebebeb, 0x00ebebeb,
  0x00ebebeb, 0xffebebeb, 0x00ebebeb, 0x00ebebeb, 0x00ebebeb, 0x00ebebeb, 0x00ebebeb, 0xffebebeb, 0x00ebebeb, 0x00ebebeb, 0x00ebebeb, 0x00ebebeb,
  0xffebebeb, 0x00ebebeb, 0xffebebeb, 0x00ebebeb, 0x00ebebeb, 0x00ebebeb, 0x00ebebeb, 0x00ebebeb, 0x00ebebeb, 0xffebebeb, 0x00ebebeb, 0x00ebebeb,
  0xffebebeb, 0x00ebebeb, 0x00ebebeb, 0x00ebebeb, 0x00ebebeb, 0x00ebebeb, 0x00ebebeb, 0x00ebebeb, 0x00ebebeb, 0x00ebebeb, 0xffebebeb, 0x00ebebeb,
  0x00ebebeb, 0x00ebebeb, 0xffebebeb, 0x00ebebeb, 0x00ebebeb, 0x00ebebeb, 0x00ebebeb, 0xffebebeb, 0x00ebebeb, 0x00ebebeb, 0x00ebebeb, 0x00ebebeb,
  0xffebebeb, 0x00ebebeb, 0x00ebebeb, 0x00ebebeb, 0x00ebebeb, 0x00ebebeb, 0x00ebebeb, 0x00ebebeb, 0x00ebebeb, 0x00ebebeb, 0xffebebeb, 0x00ebebeb,
  0x00ebebeb, 0xffebebeb, 0x00ebebeb, 0xffebebeb, 0xffebebeb, 0xffebebeb, 0x00ebebeb, 0x00ebebeb, 0x00ebebeb, 0x00ebebeb, 0x00ebebeb, 0x00ebebeb,
  0x00ebebeb, 0xffebebeb, 0xffebebeb, 0x00ebebeb, 0xffebebeb, 0x00ebebeb, 0x00ebebeb, 0x00ebebeb, 0xffebebeb, 0x00ebebeb, 0xffebebeb, 0x00ebebeb,
  0x00ebebeb, 0x00ebebeb, 0xffebebeb, 0xffebebeb, 0x00ebebeb, 0x00ebebeb, 0x00ebebeb, 0x00ebebeb, 0x00ebebeb, 0xffebebeb, 0x00ebebeb, 0x00ebebeb,
  0x00ebebeb, 0x00ebebeb, 0xffebebeb, 0x00ebebeb, 0xffebebeb, 0x00ebebeb, 0xffebebeb, 0x00ebebeb, 0x00ebebeb, 0x00ebebeb, 0xffebebeb, 0x00ebebeb,
  0x00ebebeb, 0xffebebeb, 0x00ebebeb, 0x00ebebeb, 0xffebebeb, 0x00ebebeb, 0xffebebeb, 0x00ebebeb, 0xffebebeb, 0x00ebebeb, 0x00ebebeb, 0x00ebebeb,
  0x00ebebeb, 0xffebebeb, 0x00ebebeb, 0x00ebebeb, 0x00ebebeb, 0xffebebeb, 0x00ebebeb, 0xffebebeb, 0x00ebebeb, 0x00ebebeb, 0x00ebebeb, 0x00ebebeb,
  0x00ebebeb, 0x00ebebeb, 0xffebebeb, 0x00ebebeb, 0x00ebebeb, 0x00ebebeb, 0x00ebebeb, 0x00ebebeb, 0xffebebeb, 0x00ebebeb, 0x00ebebeb, 0x00ebebeb,
  0x00ebebeb, 0x00ebebeb, 0x00ebebeb, 0xffebebeb, 0xffebebeb, 0x00ebebeb, 0x00ebebeb, 0x00ebebeb, 0x00ebebeb, 0x00ebebeb, 0x00ebebeb, 0x00ebebeb,
  0x00ebebeb, 0x00ebebeb, 0x00ebebeb, 0x00ebebeb, 0x00ebebeb, 0x00ebebeb, 0x00ebebeb, 0xffebebeb, 0xffebebeb, 0x00ebebeb, 0x00ebebeb, 0x00ebebeb,
  0x00ebebeb, 0x00ebebeb, 0x00ebebeb, 0x00ebebeb, 0x00ebebeb, 0xffebebeb, 0x00ebebeb, 0x00ebebeb, 0x00ebebeb, 0x00ebebeb, 0x00ebebeb, 0x00ebebeb,
  0x00ebebeb, 0x00ebebeb, 0x00ebebeb, 0x00ebebeb, 0x00ebebeb, 0xffebebeb, 0x00ebebeb, 0x00ebebeb, 0x00ebebeb, 0x00ebebeb, 0x00ebebeb, 0x00ebebeb,
  0xffebebeb, 0x00ebebeb, 0x00ebebeb, 0x00ebebeb, 0x00ebebeb, 0x00ebebeb, 0x00ebebeb, 0xffebebeb, 0x00ebebeb, 0x00ebebeb, 0x00ebebeb, 0x00ebebeb,
  0x00ebebeb, 0x00ebebeb, 0xffebebeb, 0x00ebebeb, 0x00ebebeb, 0x00ebebeb, 0x00ebebeb, 0x00ebebeb, 0x00ebebeb, 0xffebebeb, 0x00ebebeb, 0x00ebebeb,
  0xffebebeb, 0x00ebebeb, 0x00ebebeb, 0x00ebebeb, 0x00ebebeb, 0x00ebebeb, 0x00ebebeb, 0x00ebebeb, 0x00ebebeb, 0x00ebebeb, 0xffebebeb, 0x00ebebeb,
  0x00ebebeb, 0x00ebebeb, 0xffebebeb, 0x00ebebeb, 0x00ebebeb, 0x00ebebeb, 0x00ebebeb, 0xffebebeb, 0x00ebebeb, 0x00ebebeb, 0x00ebebeb, 0x00ebebeb,
  0xffebebeb, 0xffebebeb, 0xffebebeb, 0xffebebeb, 0xffebebeb, 0xffebebeb, 0xffebebeb, 0xffebebeb, 0xffebebeb, 0xffebebeb, 0xffebebeb, 0x00ebebeb,
  0xffebebeb, 0x00ebebeb, 0x00ebebeb, 0x00ebebeb, 0x00ebebeb, 0x00ebebeb, 0xffebebeb, 0xffebebeb, 0xffebebeb, 0xffebebeb, 0xffebebeb, 0x00ebebeb,
  0x00ebebeb, 0xffebebeb, 0x00ebebeb, 0xffebebeb, 0x00ebebeb, 0x00ebebeb, 0x00ebebeb, 0x00ebebeb, 0xffebebeb, 0xffebebeb, 0xffebebeb, 0x00ebebeb,
  0xffebebeb, 0xffebebeb, 0x00ebebeb, 0x00ebebeb, 0x00ebebeb, 0x00ebebeb, 0x00ebebeb, 0x00ebebeb, 0x00ebebeb, 0x00ebebeb, 0xffebebeb, 0x00ebebeb,
  0xffebebeb, 0xffebebeb, 0x00ebebeb, 0x00ebebeb, 0xffebebeb, 0x00ebebeb, 0xffebebeb, 0xffebebeb, 0xffebebeb, 0xffebebeb, 0xffebebeb, 0x00ebebeb,
  0xffebebeb, 0x00ebebeb, 0x00ebebeb, 0xffebebeb, 0xffebebeb, 0xffebebeb, 0x00ebebeb, 0x00ebebeb, 0x00ebebeb, 0xffebebeb, 0xffebebeb, 0x00ebebeb,
  0x00ebebeb, 0xffebebeb, 0xffebebeb, 0xffebebeb, 0xffebebeb, 0xffebebeb, 0x00ebebeb, 0xffebebeb, 0x00ebebeb, 0x00ebebeb, 0x00ebebeb, 0x00ebebeb,
  0xffebebeb, 0xffebebeb, 0x00ebebeb, 0x00ebebeb, 0x00ebebeb, 0x00ebebeb, 0x00ebebeb, 0x00ebebeb, 0x00ebebeb, 0xffebebeb, 0xffebebeb, 0x00ebebeb,
  0xffebebeb, 0xffebebeb, 0xffebebeb, 0x00ebebeb, 0x00ebebeb, 0xffebebeb, 0xffebebeb, 0xffebebeb, 0xffebebeb, 0xffebebeb, 0xffebebeb, 0x00ebebeb,
  0x00ebebeb, 0x00ebebeb, 0xffebebeb, 0xffebebeb, 0xffebebeb, 0xffebebeb, 0xffebebeb, 0x00ebebeb, 0x00ebebeb, 0x00ebebeb, 0x00ebebeb, 0x00ebebeb,
  0xffebebeb, 0xffebebeb, 0xffebebeb, 0xffebebeb, 0xffebebeb, 0xffebebeb, 0xffebebeb, 0xffebebeb, 0xffebebeb, 0xffebebeb, 0xffebebeb, 0x00ebebeb,
  0x00ebebeb, 0x00ebebeb, 0x00ebebeb, 0x00ebebeb, 0x00ebebeb, 0xffebebeb, 0x00ebebeb, 0x00ebebeb, 0x00ebebeb, 0x00ebebeb, 0x00ebebeb, 0x00ebebeb,
  0x00ebebeb, 0x00ebebeb, 0x00ebebeb, 0xffebebeb, 0xffebebeb, 0xffebebeb, 0xffebebeb, 0xffebebeb, 0xffebebeb, 0xffebebeb, 0xffebebeb, 0x00ebebeb,
  0x00ebebeb, 0x00ebebeb, 0xffebebeb, 0xffebebeb, 0xffebebeb, 0xffebebeb, 0xffebebeb, 0xffebebeb, 0xffebebeb, 0xffebebeb, 0x00ebebeb, 0x00ebebeb,
  0xffebebeb, 0x00ebebeb, 0x00ebebeb, 0x00ebebeb, 0x00ebebeb, 0x00ebebeb, 0x00ebebeb, 0x00ebebeb, 0xffebebeb, 0xffebebeb, 0xffebebeb, 0x00ebebeb,
  0x00ebebeb, 0x00ebebeb, 0xffebebeb, 0x00ebebeb, 0x00ebebeb, 0x00ebebeb, 0xffebebeb, 0xffebebeb, 0x00ebebeb, 0x00ebebeb, 0x00ebebeb, 0x00ebebeb,
  0x00ebebeb, 0x00ebebeb, 0x00ebebeb, 0x00ebebeb, 0x00ebebeb, 0x00ebebeb, 0x00ebebeb, 0x00ebebeb, 0x00ebebeb, 0x00ebebeb, 0x00ebebeb, 0x00ebebeb,
  0x00ebebeb, 0x00ebebeb, 0x00ebebeb, 0x00ebebeb, 0x00ebebeb, 0x00ebebeb, 0x00ebebeb, 0x00ebebeb, 0x00ebebeb, 0x00ebebeb, 0x00ebebeb, 0x00ebebeb,
  0x00ebebeb, 0x00ebebeb, 0x00ebebeb, 0x00ebebeb, 0x00ebebeb, 0x00ebebeb, 0x00ebebeb, 0x00ebebeb, 0x00ebebeb, 0x00ebebeb, 0x00ebebeb, 0x00ebebeb,
  0x00ebebeb, 0x00ebebeb, 0x00ebebeb, 0x00ebebeb, 0x00ebebeb, 0x00ebebeb, 0x00ebebeb, 0x00ebebeb, 0x00ebebeb, 0x00ebebeb, 0x00ebebeb, 0x00ebebeb,
  0x00ebebeb, 0x00ebebeb, 0x00ebebeb, 0x00ebebeb, 0x00ebebeb, 0x00ebebeb, 0x00ebebeb, 0x00ebebeb, 0x00ebebeb, 0x00ebebeb, 0x00ebebeb, 0x00ebebeb,
  0x00ebebeb, 0x00ebebeb, 0x00ebebeb, 0x00ebebeb, 0x00ebebeb, 0x00ebebeb, 0x00ebebeb, 0x00ebebeb, 0x00ebebeb, 0x00ebebeb, 0x00ebebeb, 0x00ebebeb,
  0x00ebebeb, 0x00ebebeb, 0x00ebebeb, 0x00ebebeb, 0x00ebebeb, 0x00ebebeb, 0x00ebebeb, 0x00ebebeb, 0x00ebebeb, 0x00ebebeb, 0x00ebebeb, 0x00ebebeb,
  0x00ebebeb, 0x00ebebeb, 0x00ebebeb, 0x00ebebeb, 0x00ebebeb, 0x00ebebeb, 0x00ebebeb, 0x00ebebeb, 0x00ebebeb, 0x00ebebeb, 0x00ebebeb, 0x00ebebeb,
  0x00ebebeb, 0x00ebebeb, 0x00ebebeb, 0x00ebebeb, 0x00ebebeb, 0x00ebebeb, 0x00ebebeb, 0x00ebebeb, 0x00ebebeb, 0x00ebebeb, 0x00ebebeb, 0x00ebebeb,
  0x00ebebeb, 0x00ebebeb, 0x00ebebeb, 0x00ebebeb, 0x00ebebeb, 0x00ebebeb, 0x00ebebeb, 0x00ebebeb, 0x00ebebeb, 0x00ebebeb, 0x00ebebeb, 0x00ebebeb,
  0x00ebebeb, 0x00ebebeb, 0x00ebebeb, 0x00ebebeb, 0x00ebebeb, 0x00ebebeb, 0x00ebebeb, 0x00ebebeb, 0x00ebebeb, 0x00ebebeb, 0x00ebebeb, 0x00ebebeb,
  0x00ebebeb, 0x00ebebeb, 0x00ebebeb, 0x00ebebeb, 0x00ebebeb, 0x00ebebeb, 0x00ebebeb, 0x00ebebeb, 0x00ebebeb, 0x00ebebeb, 0x00ebebeb, 0x00ebebeb,
  0x00ebebeb, 0x00ebebeb, 0x00ebebeb, 0x00ebebeb, 0x00ebebeb, 0x00ebebeb, 0x00ebebeb, 0x00ebebeb, 0x00ebebeb, 0x00ebebeb, 0x00ebebeb, 0x00ebebeb,
  0x00ebebeb, 0x00ebebeb, 0x00ebebeb, 0x00ebebeb, 0x00ebebeb, 0x00ebebeb, 0x00ebebeb, 0x00ebebeb, 0x00ebebeb, 0x00ebebeb, 0x00ebebeb, 0x00ebebeb,
  0x00ebebeb, 0x00ebebeb, 0x00ebebeb, 0x00ebebeb, 0x00ebebeb, 0x00ebebeb, 0x00ebebeb, 0x00ebebeb, 0x00ebebeb, 0x00ebebeb, 0x00ebebeb, 0x00ebebeb,
  0x00ebebeb, 0x00ebebeb, 0x00ebebeb, 0x00ebebeb, 0x00ebebeb, 0x00ebebeb, 0x00ebebeb, 0x00ebebeb, 0x00ebebeb, 0x00ebebeb, 0x00ebebeb, 0x00ebebeb,
  0x00ebebeb, 0x00ebebeb, 0xffebebeb, 0x00ebebeb, 0x00ebebeb, 0x00ebebeb, 0x00ebebeb, 0xffebebeb, 0x00ebebeb, 0x00ebebeb, 0x00ebebeb, 0x00ebebeb,
  0x00ebebeb, 0x00ebebeb, 0xffebebeb, 0x00ebebeb, 0x00ebebeb, 0x00ebebeb, 0x00ebebeb, 0x00ebebeb, 0xffebebeb, 0x00ebebeb, 0x00ebebeb, 0x00ebebeb,
  0x00ebebeb, 0x00ebebeb, 0xffebebeb, 0xffebebeb, 0xffebebeb, 0xffebebeb, 0xffebebeb, 0xffebebeb, 0xffebebeb, 0x00ebebeb, 0x00ebebeb, 0x00ebebeb,
  0x00ebebeb, 0x00ebebeb, 0xffebebeb, 0x00ebebeb, 0x00ebebeb, 0x00ebebeb, 0x00ebebeb, 0x00ebebeb, 0x00ebebeb, 0x00ebebeb, 0x00ebebeb, 0x00ebebeb,
  0x00ebebeb, 0x00ebebeb, 0xffebebeb, 0x00ebebeb, 0x00ebebeb, 0xffebebeb, 0xffebebeb, 0xffebebeb, 0xffebebeb, 0xffebebeb, 0xffebebeb, 0x00ebebeb,
  0xffebebeb, 0xffebebeb, 0xffebebeb, 0xffebebeb, 0xffebebeb, 0xffebebeb, 0xffebebeb, 0xffebebeb, 0xffebebeb, 0xffebebeb, 0xffebebeb, 0x00ebebeb,
  0x00ebebeb, 0x00ebebeb, 0x00ebebeb, 0x00ebebeb, 0x00ebebeb, 0xffebebeb, 0x00ebebeb, 0x00ebebeb, 0x00ebebeb, 0x00ebebeb, 0x00ebebeb, 0x00ebebeb,
  0x00ebebeb, 0xffebebeb, 0x00ebebeb, 0x00ebebeb, 0x00ebebeb, 0x00ebebeb, 0xffebebeb, 0x00ebebeb, 0x00ebebeb, 0x00ebebeb, 0x00ebebeb, 0x00ebebeb,
  0xffebebeb, 0x00ebebeb, 0x00ebebeb, 0x00ebebeb, 0xffebebeb, 0x00ebebeb, 0x00ebebeb, 0x00ebebeb, 0x00ebebeb, 0x00ebebeb, 0x00ebebeb, 0x00ebebeb,
  0x00ebebeb, 0x00ebebeb, 0xffebebeb, 0xffebebeb, 0xffebebeb, 0xffebebeb, 0xffebebeb, 0xffebebeb, 0x00ebebeb, 0x00ebebeb, 0x00ebebeb, 0x00ebebeb,
  0x00ebebeb, 0xffebebeb, 0x00ebebeb, 0x00ebebeb, 0x00ebebeb, 0x00ebebeb, 0x00ebebeb, 0x00ebebeb, 0xffebebeb, 0x00ebebeb, 0xffebebeb, 0x00ebebeb,
  0x00ebebeb, 0x00ebebeb, 0xffebebeb, 0x00ebebeb, 0xffebebeb, 0xffebebeb, 0xffebebeb, 0xffebebeb, 0xffebebeb, 0xffebebeb, 0x00ebebeb, 0x00ebebeb,
  0x00ebebeb, 0x00ebebeb, 0x00ebebeb, 0x00ebebeb, 0xffebebeb, 0x00ebebeb, 0x00ebebeb, 0x00ebebeb, 0x00ebebeb, 0x00ebebeb, 0x00ebebeb, 0x00ebebeb,
  0x00ebebeb, 0x00ebebeb, 0x00ebebeb, 0x00ebebeb, 0xffebebeb, 0x00ebebeb, 0x00ebebeb, 0x00ebebeb, 0x00ebebeb, 0x00ebebeb, 0x00ebebeb, 0x00ebebeb,
  0xffebebeb, 0x00ebebeb, 0x00ebebeb, 0x00ebebeb, 0x00ebebeb, 0x00ebebeb, 0x00ebebeb, 0xffebebeb, 0x00ebebeb, 0x00ebebeb, 0x00ebebeb, 0x00ebebeb,
  0xffebebeb, 0xffebebeb, 0xffebebeb, 0xffebebeb, 0xffebebeb, 0xffebebeb, 0x00ebebeb, 0xffebebeb, 0xffebebeb, 0xffebebeb, 0x00ebebeb, 0x00ebebeb,
  0xffebebeb, 0xffebebeb, 0xffebebeb, 0xffebebeb, 0x00ebebeb, 0xffebebeb, 0xffebebeb, 0xffebebeb, 0xffebebeb, 0xffebebeb, 0x00ebebeb, 0x00ebebeb,
  0x00ebebeb, 0x00ebebeb, 0xffebebeb, 0xffebebeb, 0x00ebebeb, 0x00ebebeb, 0xffebebeb, 0xffebebeb, 0xffebebeb, 0xffebebeb, 0xffebebeb, 0x00ebebeb,
  0x00ebebeb, 0x00ebebeb, 0x00ebebeb, 0xffebebeb, 0x00ebebeb, 0x00ebebeb, 0x00ebebeb, 0xffebebeb, 0x00ebebeb, 0x00ebebeb, 0x00ebebeb, 0x00ebebeb,
  0x00ebebeb, 0x00ebebeb, 0xffebebeb, 0x00ebebeb, 0x00ebebeb, 0x00ebebeb, 0x00ebebeb, 0xffebebeb, 0xffebebeb, 0xffebebeb, 0xffebebeb, 0x00ebebeb,
  0x00ebebeb, 0x00ebebeb, 0xffebebeb, 0x00ebebeb, 0x00ebebeb, 0x00ebebeb, 0x00ebebeb, 0x00ebebeb, 0xffebebeb, 0x00ebebeb, 0x00ebebeb, 0x00ebebeb,
  0xffebebeb, 0x00ebebeb, 0x00ebebeb, 0x00ebebeb, 0x00ebebeb, 0x00ebebeb, 0x00ebebeb, 0x00ebebeb, 0x00ebebeb, 0x00ebebeb, 0xffebebeb, 0x00ebebeb,
  0xffebebeb, 0xffebebeb, 0xffebebeb, 0xffebebeb, 0xffebebeb, 0xffebebeb, 0xffebebeb, 0xffebebeb, 0xffebebeb, 0xffebebeb, 0xffebebeb, 0x00ebebeb,
  0x00ebebeb, 0xffebebeb, 0x00ebebeb, 0x00ebebeb, 0x00ebebeb, 0x00ebebeb, 0xffebebeb, 0x00ebebeb, 0x00ebebeb, 0x00ebebeb, 0x00ebebeb, 0x00ebebeb,
  0x00ebebeb, 0xffebebeb, 0x00ebebeb, 0x00ebebeb, 0xffebebeb, 0xffebebeb, 0xffebebeb, 0xffebebeb, 0xffebebeb, 0xffebebeb, 0xffebebeb, 0x00ebebeb,
  0x00ebebeb, 0xffebebeb, 0x00ebebeb, 0x00ebebeb, 0x00ebebeb, 0x00ebebeb, 0x00ebebeb, 0xffebebeb, 0x00ebebeb, 0x00ebebeb, 0x00ebebeb, 0x00ebebeb,
  0x00ebebeb, 0xffebebeb, 0x00ebebeb, 0x00ebebeb, 0x00ebebeb, 0x00ebebeb, 0x00ebebeb, 0x00ebebeb, 0xffebebeb, 0x00ebebeb, 0xffebebeb, 0x00ebebeb,
  0x00ebebeb, 0x00ebebeb, 0xffebebeb, 0x00ebebeb, 0xffebebeb, 0x00ebebeb, 0x00ebebeb, 0x00ebebeb, 0x00ebebeb, 0xffebebeb, 0x00ebebeb, 0x00ebebeb,
  0xffebebeb, 0xffebebeb, 0xffebebeb, 0xffebebeb, 0xffebebeb, 0xffebebeb, 0xffebebeb, 0xffebebeb, 0xffebebeb, 0xffebebeb, 0xffebebeb, 0x00ebebeb,
  0x00ebebeb, 0x00ebebeb, 0x00ebebeb, 0x00ebebeb, 0x00ebebeb, 0xffebebeb, 0x00ebebeb, 0x00ebebeb, 0x00ebebeb, 0x00ebebeb, 0x00ebebeb, 0x00ebebeb,
  0x00ebebeb, 0xffebebeb, 0x00ebebeb, 0x00ebebeb, 0x00ebebeb, 0x00ebebeb, 0x00ebebeb, 0xffebebeb, 0x00ebebeb, 0x00ebebeb, 0x00ebebeb, 0x00ebebeb,
  0xffebebeb, 0x00ebebeb, 0x00ebebeb, 0x00ebebeb, 0x00ebebeb, 0xffebebeb, 0x00ebebeb, 0xffebebeb, 0x00ebebeb, 0xffebebeb, 0x00ebebeb, 0x00ebebeb,
  0x00ebebeb, 0xffebebeb, 0x00ebebeb, 0x00ebebeb, 0x00ebebeb, 0x00ebebeb, 0x00ebebeb, 0xffebebeb, 0x00ebebeb, 0x00ebebeb, 0x00ebebeb, 0x00ebebeb,
  0x00ebebeb, 0xffebebeb, 0x00ebebeb, 0x00ebebeb, 0xffebebeb, 0x00ebebeb, 0x00ebebeb, 0x00ebebeb, 0xffebebeb, 0x00ebebeb, 0xffebebeb, 0x00ebebeb,
  0x00ebebeb, 0x00ebebeb, 0x00ebebeb, 0x00ebebeb, 0xffebebeb, 0xffebebeb, 0xffebebeb, 0x00ebebeb, 0x00ebebeb, 0x00ebebeb, 0x00ebebeb, 0x00ebebeb,
  0xffebebeb, 0xffebebeb, 0xffebebeb, 0xffebebeb, 0xffebebeb, 0xffebebeb, 0x00ebebeb, 0xffebebeb, 0x00ebebeb, 0x00ebebeb, 0xffebebeb, 0x00ebebeb,
  0xffebebeb, 0xffebebeb, 0xffebebeb, 0xffebebeb, 0x00ebebeb, 0x00ebebeb, 0x00ebebeb, 0x00ebebeb, 0xffebebeb, 0x00ebebeb, 0x00ebebeb, 0x00ebebeb,
  0xffebebeb, 0x00ebebeb, 0x00ebebeb, 0xffebebeb, 0x00ebebeb, 0x00ebebeb, 0x00ebebeb, 0x00ebebeb, 0x00ebebeb, 0x00ebebeb, 0xffebebeb, 0x00ebebeb,
  0xffebebeb, 0x00ebebeb, 0x00ebebeb, 0x00ebebeb, 0x00ebebeb, 0x00ebebeb, 0x00ebebeb, 0x00ebebeb, 0x00ebebeb, 0x00ebebeb, 0xffebebeb, 0x00ebebeb,
  0xffebebeb, 0xffebebeb, 0xffebebeb, 0x00ebebeb, 0x00ebebeb, 0xffebebeb, 0x00ebebeb, 0x00ebebeb, 0x00ebebeb, 0xffebebeb, 0x00ebebeb, 0x00ebebeb,
  0x00ebebeb, 0x00ebebeb, 0x00ebebeb, 0xffebebeb, 0x00ebebeb, 0x00ebebeb, 0x00ebebeb, 0x00ebebeb, 0x00ebebeb, 0x00ebebeb, 0x00ebebeb, 0x00ebebeb,
  0xffebebeb, 0xffebebeb, 0xffebebeb, 0xffebebeb, 0xffebebeb, 0xffebebeb, 0xffebebeb, 0xffebebeb, 0xffebebeb, 0xffebebeb, 0x00ebebeb, 0x00ebebeb,
  0x00ebebeb, 0xffebebeb, 0x00ebebeb, 0x00ebebeb, 0xffebebeb, 0xffebebeb, 0xffebebeb, 0xffebebeb, 0xffebebeb, 0xffebebeb, 0xffebebeb, 0x00ebebeb,
  0x00ebebeb, 0xffebebeb, 0x00ebebeb, 0x00ebebeb, 0xffebebeb, 0xffebebeb, 0xffebebeb, 0xffebebeb, 0xffebebeb, 0xffebebeb, 0x00ebebeb, 0x00ebebeb,
  0x00ebebeb, 0x00ebebeb, 0x00ebebeb, 0xffebebeb, 0x00ebebeb, 0x00ebebeb, 0x00ebebeb, 0x00ebebeb, 0x00ebebeb, 0x00ebebeb, 0x00ebebeb, 0x00ebebeb,
  0xffebebeb, 0xffebebeb, 0xffebebeb, 0xffebebeb, 0xffebebeb, 0xffebebeb, 0xffebebeb, 0xffebebeb, 0xffebebeb, 0xffebebeb, 0xffebebeb, 0x00ebebeb,
  0xffebebeb, 0xffebebeb, 0xffebebeb, 0x00ebebeb, 0xffebebeb, 0xffebebeb, 0xffebebeb, 0xffebebeb, 0xffebebeb, 0xffebebeb, 0xffebebeb, 0x00ebebeb,
  0xffebebeb, 0xffebebeb, 0xffebebeb, 0xffebebeb, 0xffebebeb, 0xffebebeb, 0x00ebebeb, 0xffebebeb, 0x00ebebeb, 0xffebebeb, 0x00ebebeb, 0x00ebebeb,
  0xffebebeb, 0x00ebebeb, 0xffebebeb, 0x00ebebeb, 0x00ebebeb, 0x00ebebeb, 0x00ebebeb, 0xffebebeb, 0x00ebebeb, 0x00ebebeb, 0x00ebebeb, 0x00ebebeb,
  0x00ebebeb, 0xffebebeb, 0x00ebebeb, 0x00ebebeb, 0x00ebebeb, 0x00ebebeb, 0x00ebebeb, 0x00ebebeb, 0xffebebeb, 0xffebebeb, 0x00ebebeb, 0x00ebebeb,
  0xffebebeb, 0xffebebeb, 0xffebebeb, 0xffebebeb, 0xffebebeb, 0x00ebebeb, 0xffebebeb, 0xffebebeb, 0xffebebeb, 0xffebebeb, 0xffebebeb, 0x00ebebeb,
  0x00ebebeb, 0x00ebebeb, 0xffebebeb, 0x00ebebeb, 0x00ebebeb, 0xffebebeb, 0x00ebebeb, 0xffebebeb, 0x00ebebeb, 0x00ebebeb, 0xffebebeb, 0x00ebebeb,
  0x00ebebeb, 0x00ebebeb, 0xffebebeb, 0x00ebebeb, 0x00ebebeb, 0x00ebebeb, 0x00ebebeb, 0x00ebebeb, 0xffebebeb, 0x00ebebeb, 0x00ebebeb, 0x00ebebeb,
  0x00ebebeb, 0x00ebebeb, 0x00ebebeb, 0xffebebeb, 0xffebebeb, 0xffebebeb, 0xffebebeb, 0xffebebeb, 0xffebebeb, 0x00ebebeb, 0x00ebebeb, 0x00ebebeb,
  0xffebebeb, 0x00ebebeb, 0xffebebeb, 0xffebebeb, 0xffebebeb, 0xffebebeb, 0xffebebeb, 0xffebebeb, 0xffebebeb, 0x00ebebeb, 0xffebebeb, 0x00ebebeb,
  0x00ebebeb, 0xffebebeb, 0x00ebebeb, 0x00ebebeb, 0xffebebeb, 0x00ebebeb, 0x00ebebeb, 0x00ebebeb, 0x00ebebeb, 0xffebebeb, 0x00ebebeb, 0x00ebebeb,
  0xffebebeb, 0x00ebebeb, 0x00ebebeb, 0x00ebebeb, 0xffebebeb, 0xffebebeb, 0xffebebeb, 0xffebebeb, 0xffebebeb, 0xffebebeb, 0x00ebebeb, 0x00ebebeb,
  0x00ebebeb, 0xffebebeb, 0x00ebebeb, 0x00ebebeb, 0x00ebebeb, 0xffebebeb, 0x00ebebeb, 0x00ebebeb, 0x00ebebeb, 0xffebebeb, 0x00ebebeb, 0x00ebebeb,
  0xffebebeb, 0xffebebeb, 0xffebebeb, 0x00ebebeb, 0xffebebeb, 0x00ebebeb, 0x00ebebeb, 0x00ebebeb, 0xffebebeb, 0x00ebebeb, 0x00ebebeb, 0x00ebebeb,
  0xffebebeb, 0xffebebeb, 0x00ebebeb, 0x00ebebeb, 0x00ebebeb, 0x00ebebeb, 0x00ebebeb, 0xffebebeb, 0x00ebebeb, 0x00ebebeb, 0x00ebebeb, 0x00ebebeb,
  0x00ebebeb, 0x00ebebeb, 0xffebebeb, 0x00ebebeb, 0x00ebebeb, 0xffebebeb, 0x00ebebeb, 0x00ebebeb, 0x00ebebeb, 0x00ebebeb, 0x00ebebeb, 0x00ebebeb,
  0x00ebebeb, 0x00ebebeb, 0x00ebebeb, 0x00ebebeb, 0xffebebeb, 0x00ebebeb, 0x00ebebeb, 0x00ebebeb, 0x00ebebeb, 0x00ebebeb, 0x00ebebeb, 0x00ebebeb,
  0x00ebebeb, 0x00ebebeb, 0xffebebeb, 0x00ebebeb, 0xffebebeb, 0x00ebebeb, 0x00ebebeb, 0xffebebeb, 0x00ebebeb, 0x00ebebeb, 0xffebebeb, 0x00ebebeb,
  0xffebebeb, 0x00ebebeb, 0x00ebebeb, 0x00ebebeb, 0x00ebebeb, 0x00ebebeb, 0x00ebebeb, 0xffebebeb, 0x00ebebeb, 0xffebebeb, 0x00ebebeb, 0x00ebebeb,
  0xffebebeb, 0x00ebebeb, 0xffebebeb, 0x00ebebeb, 0xffebebeb, 0xffebebeb, 0xffebebeb, 0xffebebeb, 0xffebebeb, 0xffebebeb, 0xffebebeb, 0x00ebebeb,
  0xffebebeb, 0xffebebeb, 0x00ebebeb, 0x00ebebeb, 0x00ebebeb, 0x00ebebeb, 0xffebebeb, 0xffebebeb, 0xffebebeb, 0xffebebeb, 0xffebebeb, 0x00ebebeb,
  0x00ebebeb, 0xffebebeb, 0x00ebebeb, 0xffebebeb, 0x00ebebeb, 0x00ebebeb, 0x00ebebeb, 0xffebebeb, 0x00ebebeb, 0xffebebeb, 0x00ebebeb, 0x00ebebeb,
  0x00ebebeb, 0x00ebebeb, 0xffebebeb, 0x00ebebeb, 0x00ebebeb, 0xffebebeb, 0x00ebebeb, 0xffebebeb, 0x00ebebeb, 0x00ebebeb, 0xffebebeb, 0x00ebebeb,
  0x00ebebeb, 0x00ebebeb, 0xffebebeb, 0x00ebebeb, 0x00ebebeb, 0x00ebebeb, 0x00ebebeb, 0x00ebebeb, 0xffebebeb, 0x00ebebeb, 0x00ebebeb, 0x00ebebeb,
  0x00ebebeb, 0x00ebebeb, 0xffebebeb, 0x00ebebeb, 0x00ebebeb, 0x00ebebeb, 0x00ebebeb, 0x00ebebeb, 0x00ebebeb, 0x00ebebeb, 0x00ebebeb, 0x00ebebeb,
  0x00ebebeb, 0x00ebebeb, 0x00ebebeb, 0x00ebebeb, 0x00ebebeb, 0x00ebebeb, 0x00ebebeb, 0x00ebebeb, 0x00ebebeb, 0x00ebebeb, 0x00ebebeb, 0x00ebebeb,
  0x00ebebeb, 0xffebebeb, 0x00ebebeb, 0xffebebeb, 0xffebebeb, 0xffebebeb, 0xffebebeb, 0xffebebeb, 0xffebebeb, 0x00ebebeb, 0xffebebeb, 0x00ebebeb,
  0x00ebebeb, 0xffebebeb, 0x00ebebeb, 0x00ebebeb, 0xffebebeb, 0x00ebebeb, 0xffebebeb, 0x00ebebeb, 0x00ebebeb, 0xffebebeb, 0x00ebebeb, 0x00ebebeb,
  0x00ebebeb, 0xffebebeb, 0xffebebeb, 0xffebebeb, 0xffebebeb, 0xffebebeb, 0xffebebeb, 0xffebebeb, 0xffebebeb, 0xffebebeb, 0x00ebebeb, 0x00ebebeb,
  0x00ebebeb, 0xffebebeb, 0x00ebebeb, 0x00ebebeb, 0xffebebeb, 0xffebebeb, 0xffebebeb, 0x00ebebeb, 0xffebebeb, 0x00ebebeb, 0xffebebeb, 0x00ebebeb,
  0x00ebebeb, 0xffebebeb, 0x00ebebeb, 0xffebebeb, 0xffebebeb, 0xffebebeb, 0xffebebeb, 0xffebebeb, 0xffebebeb, 0xffebebeb, 0xffebebeb, 0x00ebebeb,
  0x00ebebeb, 0xffebebeb, 0x00ebebeb, 0x00ebebeb, 0x00ebebeb, 0xffebebeb, 0x00ebebeb, 0x00ebebeb, 0x00ebebeb, 0x00ebebeb, 0x00ebebeb, 0x00ebebeb,
  0x00ebebeb, 0x00ebebeb, 0x00ebebeb, 0x00ebebeb, 0xffebebeb, 0x00ebebeb, 0x00ebebeb, 0x00ebebeb, 0x00ebebeb, 0x00ebebeb, 0x00ebebeb, 0x00ebebeb,
  0x00ebebeb, 0xffebebeb, 0x00ebebeb, 0x00ebebeb, 0xffebebeb, 0x00ebebeb, 0x00ebebeb, 0xffebebeb, 0x00ebebeb, 0x00ebebeb, 0xffebebeb, 0x00ebebeb,
  0xffebebeb, 0x00ebebeb, 0xffebebeb, 0x00ebebeb, 0xffebebeb, 0x00ebebeb, 0xffebebeb, 0x00ebebeb, 0x00ebebeb, 0xffebebeb, 0xffebebeb, 0x00ebebeb,
  0xffebebeb, 0xffebebeb, 0xffebebeb, 0xffebebeb, 0x00ebebeb, 0x00ebebeb, 0xffebebeb, 0x00ebebeb, 0x00ebebeb, 0x00ebebeb, 0x00ebebeb, 0x00ebebeb,
  0x00ebebeb, 0xffebebeb, 0x00ebebeb, 0xffebebeb, 0xffebebeb, 0x00ebebeb, 0x00ebebeb, 0x00ebebeb, 0xffebebeb, 0x00ebebeb, 0x00ebebeb, 0x00ebebeb,
  0x00ebebeb, 0x00ebebeb, 0xffebebeb, 0x00ebebeb, 0x00ebebeb, 0x00ebebeb, 0x00ebebeb, 0x00ebebeb, 0xffebebeb, 0x00ebebeb, 0x00ebebeb, 0x00ebebeb,
  0x00ebebeb, 0x00ebebeb, 0xffebebeb, 0x00ebebeb, 0x00ebebeb, 0xffebebeb, 0x00ebebeb, 0xffebebeb, 0x00ebebeb, 0x00ebebeb, 0xffebebeb, 0x00ebebeb,
  0x00ebebeb, 0x00ebebeb, 0xffebebeb, 0xffebebeb, 0x00ebebeb, 0x00ebebeb, 0x00ebebeb, 0x00ebebeb, 0xffebebeb, 0x00ebebeb, 0x00ebebeb, 0x00ebebeb,
  0x00ebebeb, 0x00ebebeb, 0xffebebeb, 0xffebebeb, 0xffebebeb, 0xffebebeb, 0xffebebeb, 0xffebebeb, 0xffebebeb, 0xffebebeb, 0x00ebebeb, 0x00ebebeb,
  0x00ebebeb, 0x00ebebeb, 0x00ebebeb, 0x00ebebeb, 0x00ebebeb, 0x00ebebeb, 0x00ebebeb, 0x00ebebeb, 0x00ebebeb, 0x00ebebeb, 0x00ebebeb, 0x00ebebeb,
  0x00ebebeb, 0xffebebeb, 0xffebebeb, 0x00ebebeb, 0x00ebebeb, 0x00ebebeb, 0x00ebebeb, 0x00ebebeb, 0x00ebebeb, 0x00ebebeb, 0xffebebeb, 0x00ebebeb,
  0x00ebebeb, 0x00ebebeb, 0x00ebebeb, 0x00ebebeb, 0xffebebeb, 0x00ebebeb, 0x00ebebeb, 0xffebebeb, 0x00ebebeb, 0xffebebeb, 0x00ebebeb, 0x00ebebeb,
  0x00ebebeb, 0xffebebeb, 0x00ebebeb, 0x00ebebeb, 0x00ebebeb, 0xffebebeb, 0x00ebebeb, 0x00ebebeb, 0x00ebebeb, 0xffebebeb, 0x00ebebeb, 0x00ebebeb,
  0x00ebebeb, 0xffebebeb, 0x00ebebeb, 0x00ebebeb, 0xffebebeb, 0x00ebebeb, 0xffebebeb, 0x00ebebeb, 0xffebebeb, 0x00ebebeb, 0xffebebeb, 0x00ebebeb,
  0x00ebebeb, 0xffebebeb, 0x00ebebeb, 0x00ebebeb, 0x00ebebeb, 0xffebebeb, 0x00ebebeb, 0xffebebeb, 0x00ebebeb, 0xffebebeb, 0x00ebebeb, 0x00ebebeb,
  0x00ebebeb, 0xffebebeb, 0xffebebeb, 0xffebebeb, 0xffebebeb, 0xffebebeb, 0xffebebeb, 0xffebebeb, 0xffebebeb, 0xffebebeb, 0x00ebebeb, 0x00ebebeb,
  0x00ebebeb, 0x00ebebeb, 0x00ebebeb, 0x00ebebeb, 0xffebebeb, 0xffebebeb, 0xffebebeb, 0xffebebeb, 0xffebebeb, 0xffebebeb, 0x00ebebeb, 0x00ebebeb,
  0x00ebebeb, 0xffebebeb, 0xffebebeb, 0x00ebebeb, 0xffebebeb, 0xffebebeb, 0xffebebeb, 0xffebebeb, 0xffebebeb, 0xffebebeb, 0xffebebeb, 0x00ebebeb,
  0xffebebeb, 0xffebebeb, 0xffebebeb, 0xffebebeb, 0xffebebeb, 0xffebebeb, 0x00ebebeb, 0x00ebebeb, 0x00ebebeb, 0x00ebebeb, 0x00ebebeb, 0x00ebebeb,
  0x00ebebeb, 0x00ebebeb, 0xffebebeb, 0x00ebebeb, 0x00ebebeb, 0xffebebeb, 0xffebebeb, 0xffebebeb, 0xffebebeb, 0xffebebeb, 0x00ebebeb, 0x00ebebeb,
  0x00ebebeb, 0xffebebeb, 0x00ebebeb, 0x00ebebeb, 0xffebebeb, 0x00ebebeb, 0x00ebebeb, 0xffebebeb, 0xffebebeb, 0xffebebeb, 0xffebebeb, 0x00ebebeb,
  0xffebebeb, 0xffebebeb, 0xffebebeb, 0xffebebeb, 0xffebebeb, 0xffebebeb, 0xffebebeb, 0xffebebeb, 0xffebebeb, 0xffebebeb, 0xffebebeb, 0x00ebebeb,
  0x00ebebeb, 0x00ebebeb, 0xffebebeb, 0x00ebebeb, 0x00ebebeb, 0xffebebeb, 0x00ebebeb, 0xffebebeb, 0x00ebebeb, 0x00ebebeb, 0xffebebeb, 0x00ebebeb,
  0xffebebeb, 0xffebebeb, 0xffebebeb, 0x00ebebeb, 0x00ebebeb, 0x00ebebeb, 0x00ebebeb, 0x00ebebeb, 0xffebebeb, 0x00ebebeb, 0x00ebebeb, 0x00ebebeb,
  0x00ebebeb, 0x00ebebeb, 0x00ebebeb, 0x00ebebeb, 0x00ebebeb, 0x00ebebeb, 0x00ebebeb, 0x00ebebeb, 0x00ebebeb, 0xffebebeb, 0x00ebebeb, 0x00ebebeb,
  0xffebebeb, 0xffebebeb, 0xffebebeb, 0xffebebeb, 0xffebebeb, 0xffebebeb, 0xffebebeb, 0xffebebeb, 0xffebebeb, 0xffebebeb, 0xffebebeb, 0x00ebebeb,
  0xffebebeb, 0xffebebeb, 0x00ebebeb, 0x00ebebeb, 0xffebebeb, 0xffebebeb, 0xffebebeb, 0xffebebeb, 0xffebebeb, 0xffebebeb, 0x00ebebeb, 0x00ebebeb,
  0x00ebebeb, 0x00ebebeb, 0x00ebebeb, 0xffebebeb, 0xffebebeb, 0xffebebeb, 0xffebebeb, 0xffebebeb, 0xffebebeb, 0xffebebeb, 0xffebebeb, 0x00ebebeb,
  0xffebebeb, 0xffebebeb, 0xffebebeb, 0xffebebeb, 0xffebebeb, 0xffebebeb, 0xffebebeb, 0xffebebeb, 0xffebebeb, 0xffebebeb, 0xffebebeb, 0x00ebebeb,
  0x00ebebeb, 0xffebebeb, 0x00ebebeb, 0x00ebebeb, 0xffebebeb, 0x00ebebeb, 0xffebebeb, 0x00ebebeb, 0xffebebeb, 0x00ebebeb, 0xffebebeb, 0x00ebebeb,
  0x00ebebeb, 0xffebebeb, 0x00ebebeb, 0xffebebeb, 0xffebebeb, 0x00ebebeb, 0x00ebebeb, 0xffebebeb, 0x00ebebeb, 0x00ebebeb, 0xffebebeb, 0x00ebebeb,
  0x00ebebeb, 0x00ebebeb, 0x00ebebeb, 0x00ebebeb, 0x00ebebeb, 0xffebebeb, 0x00ebebeb, 0x00ebebeb, 0x00ebebeb, 0x00ebebeb, 0x00ebebeb, 0x00ebebeb,
  0x00ebebeb, 0x00ebebeb, 0x00ebebeb, 0x00ebebeb, 0xffebebeb, 0x00ebebeb, 0x00ebebeb, 0x00ebebeb, 0x00ebebeb, 0xffebebeb, 0x00ebebeb, 0x00ebebeb,
  0xffebebeb, 0xffebebeb, 0x00ebebeb, 0xffebebeb, 0xffebebeb, 0x00ebebeb, 0x00ebebeb, 0xffebebeb, 0x00ebebeb, 0x00ebebeb, 0xffebebeb, 0x00ebebeb,
  0xffebebeb, 0x00ebebeb, 0xffebebeb, 0x00ebebeb, 0xffebebeb, 0x00ebebeb, 0xffebebeb, 0xffebebeb, 0xffebebeb, 0xffebebeb, 0xffebebeb, 0x00ebebeb,
  0x00ebebeb, 0x00ebebeb, 0xffebebeb, 0xffebebeb, 0x00ebebeb, 0x00ebebeb, 0x00ebebeb, 0x00ebebeb, 0x00ebebeb, 0xffebebeb, 0x00ebebeb, 0x00ebebeb,
  0x00ebebeb, 0xffebebeb, 0x00ebebeb, 0x00ebebeb, 0xffebebeb, 0x00ebebeb, 0xffebebeb, 0xffebebeb, 0x00ebebeb, 0x00ebebeb, 0xffebebeb, 0x00ebebeb,
  0xffebebeb, 0x00ebebeb, 0xffebebeb, 0x00ebebeb, 0x00ebebeb, 0x00ebebeb, 0x00ebebeb, 0x00ebebeb, 0xffebebeb, 0x00ebebeb, 0xffebebeb, 0x00ebebeb,
  0x00ebebeb, 0x00ebebeb, 0xffebebeb, 0x00ebebeb, 0x00ebebeb, 0xffebebeb, 0x00ebebeb, 0xffebebeb, 0x00ebebeb, 0x00ebebeb, 0xffebebeb, 0x00ebebeb,
  0x00ebebeb, 0x00ebebeb, 0xffebebeb, 0x00ebebeb, 0x00ebebeb, 0x00ebebeb, 0x00ebebeb, 0x00ebebeb, 0xffebebeb, 0x00ebebeb, 0x00ebebeb, 0x00ebebeb,
  0x00ebebeb, 0x00ebebeb, 0x00ebebeb, 0x00ebebeb, 0x00ebebeb, 0x00ebebeb, 0x00ebebeb, 0x00ebebeb, 0x00ebebeb, 0xffebebeb, 0x00ebebeb, 0x00ebebeb,
  0x00ebebeb, 0x00ebebeb, 0x00ebebeb, 0xffebebeb, 0x00ebebeb, 0x00ebebeb, 0x00ebebeb, 0xffebebeb, 0x00ebebeb, 0x00ebebeb, 0x00ebebeb, 0x00ebebeb,
  0x00ebebeb, 0xffebebeb, 0x00ebebeb, 0x00ebebeb, 0xffebebeb, 0x00ebebeb, 0x00ebebeb, 0x00ebebeb, 0x00ebebeb, 0xffebebeb, 0x00ebebeb, 0x00ebebeb,
  0x00ebebeb, 0xffebebeb, 0x00ebebeb, 0x00ebebeb, 0xffebebeb, 0x00ebebeb, 0xffebebeb, 0x00ebebeb, 0x00ebebeb, 0xffebebeb, 0x00ebebeb, 0x00ebebeb,
  0x00ebebeb, 0x00ebebeb, 0xffebebeb, 0x00ebebeb, 0x00ebebeb, 0x00ebebeb, 0x00ebebeb, 0x00ebebeb, 0xffebebeb, 0x00ebebeb, 0x00ebebeb, 0x00ebebeb,
  0x00ebebeb, 0xffebebeb, 0xffebebeb, 0x00ebebeb, 0xffebebeb, 0x00ebebeb, 0xffebebeb, 0x00ebebeb, 0x00ebebeb, 0xffebebeb, 0x00ebebeb, 0x00ebebeb,
  0x00ebebeb, 0x00ebebeb, 0x00ebebeb, 0x00ebebeb, 0x00ebebeb, 0xffebebeb, 0x00ebebeb, 0x00ebebeb, 0x00ebebeb, 0x00ebebeb, 0x00ebebeb, 0x00ebebeb,
  0x00ebebeb, 0x00ebebeb, 0xffebebeb, 0x00ebebeb, 0x00ebebeb, 0xffebebeb, 0x00ebebeb, 0x00ebebeb, 0xffebebeb, 0x00ebebeb, 0x00ebebeb, 0x00ebebeb,
  0x00ebebeb, 0x00ebebeb, 0x00ebebeb, 0xffebebeb, 0x00ebebeb, 0x00ebebeb, 0x00ebebeb, 0x00ebebeb, 0x00ebebeb, 0xffebebeb, 0x00ebebeb, 0x00ebebeb,
  0x00ebebeb, 0xffebebeb, 0x00ebebeb, 0x00ebebeb, 0xffebebeb, 0x00ebebeb, 0x00ebebeb, 0xffebebeb, 0x00ebebeb, 0x00ebebeb, 0xffebebeb, 0x00ebebeb,
  0xffebebeb, 0xffebebeb, 0xffebebeb, 0xffebebeb, 0xffebebeb, 0xffebebeb, 0xffebebeb, 0x00ebebeb, 0x00ebebeb, 0x00ebebeb, 0xffebebeb, 0x00ebebeb,
  0xffebebeb, 0xffebebeb, 0xffebebeb, 0x00ebebeb, 0x00ebebeb, 0x00ebebeb, 0xffebebeb, 0x00ebebeb, 0xffebebeb, 0x00ebebeb, 0x00ebebeb, 0x00ebebeb,
  0x00ebebeb, 0xffebebeb, 0x00ebebeb, 0x00ebebeb, 0xffebebeb, 0x00ebebeb, 0x00ebebeb, 0xffebebeb, 0xffebebeb, 0xffebebeb, 0xffebebeb, 0x00ebebeb,
  0x00ebebeb, 0x00ebebeb, 0xffebebeb, 0xffebebeb, 0xffebebeb, 0xffebebeb, 0xffebebeb, 0xffebebeb, 0xffebebeb, 0x00ebebeb, 0x00ebebeb, 0x00ebebeb,
  0x00ebebeb, 0xffebebeb, 0x00ebebeb, 0x00ebebeb, 0x00ebebeb, 0xffebebeb, 0x00ebebeb, 0xffebebeb, 0x00ebebeb, 0x00ebebeb, 0xffebebeb, 0x00ebebeb,
  0x00ebebeb, 0x00ebebeb, 0xffebebeb, 0x00ebebeb, 0x00ebebeb, 0x00ebebeb, 0x00ebebeb, 0x00ebebeb, 0xffebebeb, 0x00ebebeb, 0x00ebebeb, 0x00ebebeb,
  0xffebebeb, 0xffebebeb, 0xffebebeb, 0xffebebeb, 0xffebebeb, 0xffebebeb, 0xffebebeb, 0xffebebeb, 0x00ebebeb, 0xffebebeb, 0x00ebebeb, 0x00ebebeb,
  0x00ebebeb, 0x00ebebeb, 0x00ebebeb, 0xffebebeb, 0x00ebebeb, 0x00ebebeb, 0x00ebebeb, 0xffebebeb, 0x00ebebeb, 0x00ebebeb, 0x00ebebeb, 0x00ebebeb,
  0x00ebebeb, 0xffebebeb, 0x00ebebeb, 0x00ebebeb, 0xffebebeb, 0x00ebebeb, 0x00ebebeb, 0x00ebebeb, 0x00ebebeb, 0xffebebeb, 0x00ebebeb, 0x00ebebeb,
  0x00ebebeb, 0xffebebeb, 0x00ebebeb, 0x00ebebeb, 0xffebebeb, 0x00ebebeb, 0x00ebebeb, 0xffebebeb, 0x00ebebeb, 0xffebebeb, 0x00ebebeb, 0x00ebebeb,
  0x00ebebeb, 0x00ebebeb, 0xffebebeb, 0xffebebeb, 0xffebebeb, 0xffebebeb, 0xffebebeb, 0xffebebeb, 0xffebebeb, 0x00ebebeb, 0x00ebebeb, 0x00ebebeb,
  0xffebebeb, 0xffebebeb, 0x00ebebeb, 0x00ebebeb, 0xffebebeb, 0xffebebeb, 0xffebebeb, 0x00ebebeb, 0x00ebebeb, 0xffebebeb, 0x00ebebeb, 0x00ebebeb,
  0x00ebebeb, 0xffebebeb, 0xffebebeb, 0xffebebeb, 0xffebebeb, 0xffebebeb, 0xffebebeb, 0xffebebeb, 0xffebebeb, 0xffebebeb, 0x00ebebeb, 0x00ebebeb,
  0x00ebebeb, 0xffebebeb, 0x00ebebeb, 0x00ebebeb, 0x00ebebeb, 0xffebebeb, 0x00ebebeb, 0x00ebebeb, 0x00ebebeb, 0xffebebeb, 0x00ebebeb, 0x00ebebeb,
  0x00ebebeb, 0x00ebebeb, 0x00ebebeb, 0xffebebeb, 0x00ebebeb, 0x00ebebeb, 0x00ebebeb, 0x00ebebeb, 0x00ebebeb, 0xffebebeb, 0x00ebebeb, 0x00ebebeb,
  0x00ebebeb, 0xffebebeb, 0x00ebebeb, 0x00ebebeb, 0xffebebeb, 0xffebebeb, 0xffebebeb, 0xffebebeb, 0xffebebeb, 0xffebebeb, 0xffebebeb, 0x00ebebeb,
  0xffebebeb, 0x00ebebeb, 0x00ebebeb, 0x00ebebeb, 0x00ebebeb, 0x00ebebeb, 0x00ebebeb, 0xffebebeb, 0x00ebebeb, 0xffebebeb, 0x00ebebeb, 0x00ebebeb,
  0x00ebebeb, 0x00ebebeb, 0xffebebeb, 0x00ebebeb, 0x00ebebeb, 0x00ebebeb, 0x00ebebeb, 0xffebebeb, 0x00ebebeb, 0x00ebebeb, 0x00ebebeb, 0x00ebebeb,
  0x00ebebeb, 0xffebebeb, 0x00ebebeb, 0x00ebebeb, 0xffebebeb, 0xffebebeb, 0x00ebebeb, 0xffebebeb, 0x00ebebeb, 0x00ebebeb, 0xffebebeb, 0x00ebebeb,
  0x00ebebeb, 0x00ebebeb, 0xffebebeb, 0x00ebebeb, 0x00ebebeb, 0x00ebebeb, 0x00ebebeb, 0x00ebebeb, 0xffebebeb, 0x00ebebeb, 0x00ebebeb, 0x00ebebeb,
  0x00ebebeb, 0xffebebeb, 0x00ebebeb, 0x00ebebeb, 0x00ebebeb, 0xffebebeb, 0x00ebebeb, 0xffebebeb, 0x00ebebeb, 0x00ebebeb, 0xffebebeb, 0x00ebebeb,
  0x00ebebeb, 0x00ebebeb, 0xffebebeb, 0x00ebebeb, 0x00ebebeb, 0x00ebebeb, 0x00ebebeb, 0x00ebebeb, 0xffebebeb, 0x00ebebeb, 0x00ebebeb, 0x00ebebeb,
  0x00ebebeb, 0x00ebebeb, 0x00ebebeb, 0x00ebebeb, 0x00ebebeb, 0x00ebebeb, 0x00ebebeb, 0x00ebebeb, 0x00ebebeb, 0xffebebeb, 0x00ebebeb, 0x00ebebeb,
  0x00ebebeb, 0x00ebebeb, 0xffebebeb, 0x00ebebeb, 0x00ebebeb, 0x00ebebeb, 0x00ebebeb, 0xffebebeb, 0x00ebebeb, 0x00ebebeb, 0xffebebeb, 0x00ebebeb,
  0x00ebebeb, 0xffebebeb, 0x00ebebeb, 0x00ebebeb, 0xffebebeb, 0x00ebebeb, 0x00ebebeb, 0x00ebebeb, 0x00ebebeb, 0xffebebeb, 0x00ebebeb, 0x00ebebeb,
  0xffebebeb, 0x00ebebeb, 0x00ebebeb, 0x00ebebeb, 0xffebebeb, 0xffebebeb, 0xffebebeb, 0xffebebeb, 0xffebebeb, 0xffebebeb, 0xffebebeb, 0x00ebebeb,
  0x00ebebeb, 0x00ebebeb, 0xffebebeb, 0x00ebebeb, 0x00ebebeb, 0x00ebebeb, 0x00ebebeb, 0x00ebebeb, 0xffebebeb, 0x00ebebeb, 0x00ebebeb, 0x00ebebeb,
  0x00ebebeb, 0x00ebebeb, 0x00ebebeb, 0x00ebebeb, 0xffebebeb, 0x00ebebeb, 0x00ebebeb, 0x00ebebeb, 0xffebebeb, 0x00ebebeb, 0xffebebeb, 0x00ebebeb,
  0x00ebebeb, 0x00ebebeb, 0x00ebebeb, 0x00ebebeb, 0x00ebebeb, 0xffebebeb, 0x00ebebeb, 0x00ebebeb, 0x00ebebeb, 0x00ebebeb, 0x00ebebeb, 0x00ebebeb,
  0xffebebeb, 0x00ebebeb, 0x00ebebeb, 0x00ebebeb, 0x00ebebeb, 0xffebebeb, 0x00ebebeb, 0x00ebebeb, 0x00ebebeb, 0x00ebebeb, 0xffebebeb, 0x00ebebeb,
  0x00ebebeb, 0x00ebebeb, 0xffebebeb, 0x00ebebeb, 0x00ebebeb, 0x00ebebeb, 0x00ebebeb, 0x00ebebeb, 0x00ebebeb, 0xffebebeb, 0x00ebebeb, 0x00ebebeb,
  0x00ebebeb, 0xffebebeb, 0x00ebebeb, 0x00ebebeb, 0x00ebebeb, 0x00ebebeb, 0x00ebebeb, 0xffebebeb, 0x00ebebeb, 0x00ebebeb, 0x00ebebeb, 0x00ebebeb,
  0xffebebeb, 0x00ebebeb, 0xffebebeb, 0x00ebebeb, 0xffebebeb, 0x00ebebeb, 0x00ebebeb, 0x00ebebeb, 0xffebebeb, 0x00ebebeb, 0x00ebebeb, 0x00ebebeb,
  0x00ebebeb, 0x00ebebeb, 0xffebebeb, 0x00ebebeb, 0x00ebebeb, 0x00ebebeb, 0x00ebebeb, 0x00ebebeb, 0xffebebeb, 0x00ebebeb, 0x00ebebeb, 0x00ebebeb,
  0x00ebebeb, 0xffebebeb, 0x00ebebeb, 0x00ebebeb, 0xffebebeb, 0x00ebebeb, 0x00ebebeb, 0xffebebeb, 0xffebebeb, 0xffebebeb, 0xffebebeb, 0x00ebebeb,
  0xffebebeb, 0xffebebeb, 0xffebebeb, 0xffebebeb, 0xffebebeb, 0xffebebeb, 0xffebebeb, 0xffebebeb, 0xffebebeb, 0xffebebeb, 0xffebebeb, 0x00ebebeb,
  0xffebebeb, 0x00ebebeb, 0x00ebebeb, 0xffebebeb, 0xffebebeb, 0x00ebebeb, 0x00ebebeb, 0xffebebeb, 0xffebebeb, 0xffebebeb, 0xffebebeb, 0x00ebebeb,
  0xffebebeb, 0xffebebeb, 0xffebebeb, 0x00ebebeb, 0x00ebebeb, 0x00ebebeb, 0xffebebeb, 0xffebebeb, 0xffebebeb, 0x00ebebeb, 0x00ebebeb, 0x00ebebeb,
  0x00ebebeb, 0x00ebebeb, 0x00ebebeb, 0x00ebebeb, 0x00ebebeb, 0x00ebebeb, 0xffebebeb, 0xffebebeb, 0xffebebeb, 0x00ebebeb, 0x00ebebeb, 0x00ebebeb,
  0xffebebeb, 0xffebebeb, 0x00ebebeb, 0x00ebebeb, 0x00ebebeb, 0x00ebebeb, 0x00ebebeb, 0xffebebeb, 0xffebebeb, 0xffebebeb, 0xffebebeb, 0x00ebebeb,
  0xffebebeb, 0xffebebeb, 0x00ebebeb, 0x00ebebeb, 0xffebebeb, 0xffebebeb, 0xffebebeb, 0xffebebeb, 0xffebebeb, 0xffebebeb, 0x00ebebeb, 0x00ebebeb,
  0xffebebeb, 0x00ebebeb, 0x00ebebeb, 0x00ebebeb, 0x00ebebeb, 0x00ebebeb, 0x00ebebeb, 0x00ebebeb, 0x00ebebeb, 0xffebebeb, 0x00ebebeb, 0x00ebebeb,
  0x00ebebeb, 0x00ebebeb, 0xffebebeb, 0xffebebeb, 0xffebebeb, 0xffebebeb, 0xffebebeb, 0xffebebeb, 0xffebebeb, 0x00ebebeb, 0x00ebebeb, 0x00ebebeb,
  0x00ebebeb, 0x00ebebeb, 0x00ebebeb, 0xffebebeb, 0x00ebebeb, 0x00ebebeb, 0xffebebeb, 0xffebebeb, 0x00ebebeb, 0x00ebebeb, 0xffebebeb, 0x00ebebeb,
  0xffebebeb, 0xffebebeb, 0xffebebeb, 0xffebebeb, 0xffebebeb, 0xffebebeb, 0xffebebeb, 0xffebebeb, 0xffebebeb, 0xffebebeb, 0xffebebeb, 0x00ebebeb,
  0x00ebebeb, 0x00ebebeb, 0x00ebebeb, 0xffebebeb, 0xffebebeb, 0xffebebeb, 0x00ebebeb, 0x00ebebeb, 0x00ebebeb, 0x00ebebeb, 0x00ebebeb, 0x00ebebeb,
  0xffebebeb, 0xffebebeb, 0x00ebebeb, 0x00ebebeb, 0x00ebebeb, 0x00ebebeb, 0x00ebebeb, 0xffebebeb, 0xffebebeb, 0x00ebebeb, 0x00ebebeb, 0x00ebebeb,
  0x00ebebeb, 0xffebebeb, 0x00ebebeb, 0x00ebebeb, 0x00ebebeb, 0x00ebebeb, 0x00ebebeb, 0xffebebeb, 0x00ebebeb, 0x00ebebeb, 0x00ebebeb, 0x00ebebeb,
  0x00ebebeb, 0xffebebeb, 0x00ebebeb, 0x00ebebeb, 0x00ebebeb, 0xffebebeb, 0xffebebeb, 0xffebebeb, 0x00ebebeb, 0xffebebeb, 0xffebebeb, 0x00ebebeb,
  0x00ebebeb, 0x00ebebeb, 0x00ebebeb, 0x00ebebeb, 0x00ebebeb, 0x00ebebeb, 0x00ebebeb, 0x00ebebeb, 0x00ebebeb, 0x00ebebeb, 0x00ebebeb, 0x00ebebeb,
  0x00ebebeb, 0x00ebebeb, 0x00ebebeb, 0x00ebebeb, 0x00ebebeb, 0x00ebebeb, 0x00ebebeb, 0x00ebebeb, 0x00ebebeb, 0x00ebebeb, 0x00ebebeb, 0x00ebebeb,
  0x00ebebeb, 0x00ebebeb, 0x00ebebeb, 0x00ebebeb, 0x00ebebeb, 0x00ebebeb, 0x00ebebeb, 0x00ebebeb, 0x00ebebeb, 0x00ebebeb, 0x00ebebeb, 0x00ebebeb,
  0x00ebebeb, 0x00ebebeb, 0x00ebebeb, 0x00ebebeb, 0x00ebebeb, 0x00ebebeb, 0x00ebebeb, 0x00ebebeb, 0x00ebebeb, 0x00ebebeb, 0x00ebebeb, 0x00ebebeb,
  0x00ebebeb, 0x00ebebeb, 0x00ebebeb, 0x00ebebeb, 0x00ebebeb, 0x00ebebeb, 0x00ebebeb, 0x00ebebeb, 0x00ebebeb, 0x00ebebeb, 0x00ebebeb, 0x00ebebeb,
  0x00ebebeb, 0x00ebebeb, 0x00ebebeb, 0x00ebebeb, 0x00ebebeb, 0x00ebebeb, 0x00ebebeb, 0x00ebebeb, 0x00ebebeb, 0x00ebebeb, 0x00ebebeb, 0x00ebebeb,
  0x00ebebeb, 0x00ebebeb, 0x00ebebeb, 0x00ebebeb, 0x00ebebeb, 0x00ebebeb, 0x00ebebeb, 0x00ebebeb, 0x00ebebeb, 0x00ebebeb, 0x00ebebeb, 0x00ebebeb,
  0x00ebebeb, 0x00ebebeb, 0x00ebebeb, 0x00ebebeb, 0x00ebebeb, 0x00ebebeb, 0x00ebebeb, 0x00ebebeb, 0x00ebebeb, 0x00ebebeb, 0x00ebebeb, 0x00ebebeb,
  0x00ebebeb, 0x00ebebeb, 0x00ebebeb, 0x00ebebeb, 0x00ebebeb, 0x00ebebeb, 0x00ebebeb, 0x00ebebeb, 0x00ebebeb, 0x00ebebeb, 0x00ebebeb, 0x00ebebeb,
  0x00ebebeb, 0x00ebebeb, 0x00ebebeb, 0x00ebebeb, 0x00ebebeb, 0x00ebebeb, 0x00ebebeb, 0x00ebebeb, 0x00ebebeb, 0x00ebebeb, 0x00ebebeb, 0x00ebebeb,
  0x00ebebeb, 0x00ebebeb, 0x00ebebeb, 0x00ebebeb, 0x00ebebeb, 0x00ebebeb, 0x00ebebeb, 0x00ebebeb, 0x00ebebeb, 0x00ebebeb, 0x00ebebeb, 0x00ebebeb,
  0x00ebebeb, 0x00ebebeb, 0x00ebebeb, 0x00ebebeb, 0x00ebebeb, 0x00ebebeb, 0x00ebebeb, 0x00ebebeb, 0x00ebebeb, 0x00ebebeb, 0x00ebebeb, 0x00ebebeb,
  0x00ebebeb, 0x00ebebeb, 0x00ebebeb, 0x00ebebeb, 0x00ebebeb, 0x00ebebeb, 0x00ebebeb, 0x00ebebeb, 0x00ebebeb, 0x00ebebeb, 0x00ebebeb, 0x00ebebeb,
  0x00ebebeb, 0x00ebebeb, 0x00ebebeb, 0x00ebebeb, 0x00ebebeb, 0x00ebebeb, 0x00ebebeb, 0x00ebebeb, 0x00ebebeb, 0x00ebebeb, 0x00ebebeb, 0x00ebebeb,
  0x00ebebeb, 0x00ebebeb, 0x00ebebeb, 0x00ebebeb, 0x00ebebeb, 0x00ebebeb, 0x00ebebeb, 0x00ebebeb, 0x00ebebeb, 0x00ebebeb, 0x00ebebeb, 0x00ebebeb,
  0x00ebebeb, 0x00ebebeb, 0x00ebebeb, 0x00ebebeb, 0x00ebebeb, 0x00ebebeb, 0x00ebebeb, 0x00ebebeb, 0x00ebebeb, 0x00ebebeb, 0x00ebebeb, 0x00ebebeb,
  0x00ebebeb, 0xffebebeb, 0x00ebebeb, 0x00ebebeb, 0x00ebebeb, 0x00ebebeb, 0x00ebebeb, 0xffebebeb, 0x00ebebeb, 0x00ebebeb, 0x00ebebeb, 0x00ebebeb,
  0xffebebeb, 0x00ebebeb, 0x00ebebeb, 0x00ebebeb, 0x00ebebeb, 0xffebebeb, 0x00ebebeb, 0x00ebebeb, 0xffebebeb, 0x00ebebeb, 0x00ebebeb, 0x00ebebeb,
  0x00ebebeb, 0x00ebebeb, 0x00ebebeb, 0x00ebebeb, 0x00ebebeb, 0x00ebebeb, 0x00ebebeb, 0xffebebeb, 0x00ebebeb, 0x00ebebeb, 0x00ebebeb, 0x00ebebeb,
  0x00ebebeb, 0x00ebebeb, 0x00ebebeb, 0x00ebebeb, 0xffebebeb, 0x00ebebeb, 0x00ebebeb, 0x00ebebeb, 0x00ebebeb, 0x00ebebeb, 0x00ebebeb, 0x00ebebeb,
  0x00ebebeb, 0x00ebebeb, 0xffebebeb, 0x00ebebeb, 0x00ebebeb, 0x00ebebeb, 0x00ebebeb, 0x00ebebeb, 0xffebebeb, 0x00ebebeb, 0x00ebebeb, 0x00ebebeb,
  0x00ebebeb, 0xffebebeb, 0x00ebebeb, 0x00ebebeb, 0x00ebebeb, 0xffebebeb, 0x00ebebeb, 0x00ebebeb, 0x00ebebeb, 0xffebebeb, 0x00ebebeb, 0x00ebebeb,
  0x00ebebeb, 0xffebebeb, 0x00ebebeb, 0x00ebebeb, 0x00ebebeb, 0xffebebeb, 0xffebebeb, 0xffebebeb, 0xffebebeb, 0xffebebeb, 0xffebebeb, 0x00ebebeb,
  0x00ebebeb, 0xffebebeb, 0x00ebebeb, 0x00ebebeb, 0x00ebebeb, 0xffebebeb, 0x00ebebeb, 0x00ebebeb, 0x00ebebeb, 0xffebebeb, 0x00ebebeb, 0x00ebebeb,
  0x00ebebeb, 0x00ebebeb, 0xffebebeb, 0xffebebeb, 0xffebebeb, 0xffebebeb, 0xffebebeb, 0xffebebeb, 0xffebebeb, 0x00ebebeb, 0x00ebebeb, 0x00ebebeb,
  0x00ebebeb, 0x00ebebeb, 0x00ebebeb, 0x00ebebeb, 0x00ebebeb, 0xffebebeb, 0x00ebebeb, 0x00ebebeb, 0x00ebebeb, 0x00ebebeb, 0x00ebebeb, 0x00ebebeb,
  0x00ebebeb, 0xffebebeb, 0x00ebebeb, 0x00ebebeb, 0x00ebebeb, 0xffebebeb, 0x00ebebeb, 0x00ebebeb, 0x00ebebeb, 0x00ebebeb, 0x00ebebeb, 0x00ebebeb,
  0xffebebeb, 0xffebebeb, 0xffebebeb, 0xffebebeb, 0xffebebeb, 0x00ebebeb, 0x00ebebeb, 0x00ebebeb, 0xffebebeb, 0x00ebebeb, 0xffebebeb, 0x00ebebeb,
  0x00ebebeb, 0x00ebebeb, 0xffebebeb, 0x00ebebeb, 0x00ebebeb, 0x00ebebeb, 0x00ebebeb, 0x00ebebeb, 0x00ebebeb, 0xffebebeb, 0x00ebebeb, 0x00ebebeb,
  0xffebebeb, 0x00ebebeb, 0x00ebebeb, 0x00ebebeb, 0x00ebebeb, 0x00ebebeb, 0xffebebeb, 0x00ebebeb, 0x00ebebeb, 0x00ebebeb, 0x00ebebeb, 0x00ebebeb,
  0x00ebebeb, 0xffebebeb, 0xffebebeb, 0xffebebeb, 0xffebebeb, 0xffebebeb, 0xffebebeb, 0xffebebeb, 0xffebebeb, 0xffebebeb, 0x00ebebeb, 0x00ebebeb,
  0x00ebebeb, 0x00ebebeb, 0x00ebebeb, 0x00ebebeb, 0x00ebebeb, 0x00ebebeb, 0xffebebeb, 0x00ebebeb, 0x00ebebeb, 0x00ebebeb, 0x00ebebeb, 0x00ebebeb,
  0x00ebebeb, 0x00ebebeb, 0xffebebeb, 0x00ebebeb, 0x00ebebeb, 0x00ebebeb, 0x00ebebeb, 0xffebebeb, 0x00ebebeb, 0x00ebebeb, 0x00ebebeb, 0x00ebebeb,
  0x00ebebeb, 0xffebebeb, 0x00ebebeb, 0xffebebeb, 0xffebebeb, 0xffebebeb, 0xffebebeb, 0xffebebeb, 0xffebebeb, 0xffebebeb, 0xffebebeb, 0x00ebebeb,
  0xffebebeb, 0xffebebeb, 0xffebebeb, 0x00ebebeb, 0xffebebeb, 0xffebebeb, 0xffebebeb, 0xffebebeb, 0xffebebeb, 0xffebebeb, 0xffebebeb, 0x00ebebeb,
  0x00ebebeb, 0x00ebebeb, 0x00ebebeb, 0x00ebebeb, 0x00ebebeb, 0xffebebeb, 0x00ebebeb, 0x00ebebeb, 0x00ebebeb, 0x00ebebeb, 0x00ebebeb, 0x00ebebeb,
  0xffebebeb, 0xffebebeb, 0xffebebeb, 0xffebebeb, 0xffebebeb, 0x00ebebeb, 0xffebebeb, 0xffebebeb, 0xffebebeb, 0xffebebeb, 0xffebebeb, 0x00ebebeb,
  0x00ebebeb, 0xffebebeb, 0x00ebebeb, 0xffebebeb, 0xffebebeb, 0xffebebeb, 0xffebebeb, 0xffebebeb, 0xffebebeb, 0xffebebeb, 0xffebebeb, 0x00ebebeb,
  0x00ebebeb, 0x00ebebeb, 0xffebebeb, 0x00ebebeb, 0x00ebebeb, 0x00ebebeb, 0x00ebebeb, 0x00ebebeb, 0x00ebebeb, 0x00ebebeb, 0xffebebeb, 0x00ebebeb,
  0x00ebebeb, 0x00ebebeb, 0xffebebeb, 0x00ebebeb, 0x00ebebeb, 0xffebebeb, 0x00ebebeb, 0x00ebebeb, 0xffebebeb, 0x00ebebeb, 0x00ebebeb, 0x00ebebeb,
  0x00ebebeb, 0x00ebebeb, 0xffebebeb, 0x00ebebeb, 0x00ebebeb, 0x00ebebeb, 0x00ebebeb, 0x00ebebeb, 0xffebebeb, 0x00ebebeb, 0x00ebebeb, 0x00ebebeb,
  0xffebebeb, 0xffebebeb, 0xffebebeb, 0xffebebeb, 0xffebebeb, 0xffebebeb, 0xffebebeb, 0xffebebeb, 0xffebebeb, 0xffebebeb, 0xffebebeb, 0x00ebebeb,
  0x00ebebeb, 0x00ebebeb, 0xffebebeb, 0x00ebebeb, 0x00ebebeb, 0xffebebeb, 0xffebebeb, 0xffebebeb, 0xffebebeb, 0xffebebeb, 0xffebebeb, 0x00ebebeb,
  0xffebebeb, 0x00ebebeb, 0x00ebebeb, 0x00ebebeb, 0xffebebeb, 0x00ebebeb, 0x00ebebeb, 0x00ebebeb, 0xffebebeb, 0x00ebebeb, 0xffebebeb, 0x00ebebeb,
  0x00ebebeb, 0x00ebebeb, 0xffebebeb, 0x00ebebeb, 0x00ebebeb, 0x00ebebeb, 0x00ebebeb, 0x00ebebeb, 0x00ebebeb, 0xffebebeb, 0x00ebebeb, 0x00ebebeb,
  0x00ebebeb, 0xffebebeb, 0x00ebebeb, 0x00ebebeb, 0x00ebebeb, 0x00ebebeb, 0xffebebeb, 0x00ebebeb, 0x00ebebeb, 0x00ebebeb, 0x00ebebeb, 0x00ebebeb,
  0x00ebebeb, 0x00ebebeb, 0x00ebebeb, 0x00ebebeb, 0xffebebeb, 0x00ebebeb, 0xffebebeb, 0x00ebebeb, 0x00ebebeb, 0x00ebebeb, 0x00ebebeb, 0x00ebebeb,
  0x00ebebeb, 0xffebebeb, 0xffebebeb, 0xffebebeb, 0xffebebeb, 0xffebebeb, 0xffebebeb, 0xffebebeb, 0xffebebeb, 0xffebebeb, 0xffebebeb, 0x00ebebeb,
  0x00ebebeb, 0x00ebebeb, 0x00ebebeb, 0x00ebebeb, 0xffebebeb, 0x00ebebeb, 0x00ebebeb, 0xffebebeb, 0x00ebebeb, 0xffebebeb, 0x00ebebeb, 0x00ebebeb,
  0x00ebebeb, 0x00ebebeb, 0x00ebebeb, 0x00ebebeb, 0x00ebebeb, 0xffebebeb, 0x00ebebeb, 0x00ebebeb, 0xffebebeb, 0x00ebebeb, 0x00ebebeb, 0x00ebebeb,
  0xffebebeb, 0x00ebebeb, 0xffebebeb, 0x00ebebeb, 0x00ebebeb, 0xffebebeb, 0x00ebebeb, 0x00ebebeb, 0x00ebebeb, 0xffebebeb, 0x00ebebeb, 0x00ebebeb,
  0xffebebeb, 0xffebebeb, 0xffebebeb, 0xffebebeb, 0xffebebeb, 0xffebebeb, 0xffebebeb, 0xffebebeb, 0xffebebeb, 0xffebebeb, 0x00ebebeb, 0x00ebebeb,
  0x00ebebeb, 0x00ebebeb, 0xffebebeb, 0x00ebebeb, 0x00ebebeb, 0x00ebebeb, 0x00ebebeb, 0x00ebebeb, 0xffebebeb, 0x00ebebeb, 0x00ebebeb, 0x00ebebeb,
  0x00ebebeb, 0xffebebeb, 0x00ebebeb, 0x00ebebeb, 0x00ebebeb, 0xffebebeb, 0x00ebebeb, 0x00ebebeb, 0x00ebebeb, 0xffebebeb, 0x00ebebeb, 0x00ebebeb,
  0xffebebeb, 0xffebebeb, 0xffebebeb, 0xffebebeb, 0x00ebebeb, 0xffebebeb, 0xffebebeb, 0xffebebeb, 0xffebebeb, 0x00ebebeb, 0xffebebeb, 0x00ebebeb,
  0xffebebeb, 0xffebebeb, 0xffebebeb, 0xffebebeb, 0xffebebeb, 0xffebebeb, 0xffebebeb, 0xffebebeb, 0xffebebeb, 0xffebebeb, 0xffebebeb, 0x00ebebeb,
  0x00ebebeb, 0x00ebebeb, 0xffebebeb, 0xffebebeb, 0xffebebeb, 0xffebebeb, 0x00ebebeb, 0x00ebebeb, 0xffebebeb, 0x00ebebeb, 0x00ebebeb, 0x00ebebeb,
  0x00ebebeb, 0x00ebebeb, 0x00ebebeb, 0xffebebeb, 0x00ebebeb, 0xffebebeb, 0x00ebebeb, 0xffebebeb, 0x00ebebeb, 0x00ebebeb, 0x00ebebeb, 0x00ebebeb,
  0x00ebebeb, 0x00ebebeb, 0x00ebebeb, 0x00ebebeb, 0xffebebeb, 0x00ebebeb, 0x00ebebeb, 0xffebebeb, 0x00ebebeb, 0x00ebebeb, 0xffebebeb, 0x00ebebeb,
  0xffebebeb, 0x00ebebeb, 0xffebebeb, 0x00ebebeb, 0xffebebeb, 0xffebebeb, 0xffebebeb, 0xffebebeb, 0xffebebeb, 0xffebebeb, 0xffebebeb, 0x00ebebeb,
  0xffebebeb, 0xffebebeb, 0xffebebeb, 0xffebebeb, 0xffebebeb, 0x00ebebeb, 0xffebebeb, 0xffebebeb, 0xffebebeb, 0xffebebeb, 0xffebebeb, 0x00ebebeb,
  0x00ebebeb, 0xffebebeb, 0x00ebebeb, 0x00ebebeb, 0x00ebebeb, 0x00ebebeb, 0xffebebeb, 0x00ebebeb, 0x00ebebeb, 0x00ebebeb, 0xffebebeb, 0x00ebebeb,
  0x00ebebeb, 0xffebebeb, 0x00ebebeb, 0x00ebebeb, 0xffebebeb, 0x00ebebeb, 0xffebebeb, 0x00ebebeb, 0x00ebebeb, 0xffebebeb, 0x00ebebeb, 0x00ebebeb,
  0x00ebebeb, 0xffebebeb, 0x00ebebeb, 0x00ebebeb, 0xffebebeb, 0x00ebebeb, 0x00ebebeb, 0x00ebebeb, 0xffebebeb, 0x00ebebeb, 0x00ebebeb, 0x00ebebeb,
  0xffebebeb, 0x00ebebeb, 0x00ebebeb, 0x00ebebeb, 0xffebebeb, 0x00ebebeb, 0x00ebebeb, 0xffebebeb, 0x00ebebeb, 0x00ebebeb, 0xffebebeb, 0x00ebebeb,
  0xffebebeb, 0x00ebebeb, 0x00ebebeb, 0x00ebebeb, 0xffebebeb, 0xffebebeb, 0xffebebeb, 0xffebebeb, 0xffebebeb, 0xffebebeb, 0x00ebebeb, 0x00ebebeb,
  0xffebebeb, 0x00ebebeb, 0xffebebeb, 0x00ebebeb, 0x00ebebeb, 0x00ebebeb, 0xffebebeb, 0x00ebebeb, 0xffebebeb, 0x00ebebeb, 0x00ebebeb, 0x00ebebeb,
  0x00ebebeb, 0x00ebebeb, 0x00ebebeb, 0x00ebebeb, 0x00ebebeb, 0x00ebebeb, 0x00ebebeb, 0x00ebebeb, 0xffebebeb, 0x00ebebeb, 0x00ebebeb, 0x00ebebeb,
  0x00ebebeb, 0x00ebebeb, 0xffebebeb, 0x00ebebeb, 0x00ebebeb, 0x00ebebeb, 0x00ebebeb, 0x00ebebeb, 0xffebebeb, 0x00ebebeb, 0x00ebebeb, 0x00ebebeb,
  0xffebebeb, 0xffebebeb, 0xffebebeb, 0x00ebebeb, 0x00ebebeb, 0x00ebebeb, 0xffebebeb, 0xffebebeb, 0xffebebeb, 0x00ebebeb, 0x00ebebeb, 0x00ebebeb,
  0x00ebebeb, 0x00ebebeb, 0x00ebebeb, 0xffebebeb, 0x00ebebeb, 0x00ebebeb, 0x00ebebeb, 0x00ebebeb, 0x00ebebeb, 0x00ebebeb, 0xffebebeb, 0x00ebebeb,
  0xffebebeb, 0x00ebebeb, 0x00ebebeb, 0x00ebebeb, 0x00ebebeb, 0x00ebebeb, 0x00ebebeb, 0x00ebebeb, 0x00ebebeb, 0x00ebebeb, 0xffebebeb, 0x00ebebeb,
  0x00ebebeb, 0x00ebebeb, 0xffebebeb, 0x00ebebeb, 0x00ebebeb, 0xffebebeb, 0x00ebebeb, 0x00ebebeb, 0xffebebeb, 0x00ebebeb, 0x00ebebeb, 0x00ebebeb,
  0x00ebebeb, 0x00ebebeb, 0xffebebeb, 0x00ebebeb, 0x00ebebeb, 0xffebebeb, 0x00ebebeb, 0x00ebebeb, 0xffebebeb, 0x00ebebeb, 0x00ebebeb, 0x00ebebeb,
  0x00ebebeb, 0x00ebebeb, 0xffebebeb, 0x00ebebeb, 0x00ebebeb, 0x00ebebeb, 0x00ebebeb, 0xffebebeb, 0x00ebebeb, 0x00ebebeb, 0x00ebebeb, 0x00ebebeb,
  0xffebebeb, 0x00ebebeb, 0xffebebeb, 0x00ebebeb, 0xffebebeb, 0x00ebebeb, 0x00ebebeb, 0x00ebebeb, 0xffebebeb, 0x00ebebeb, 0x00ebebeb, 0x00ebebeb,
  0x00ebebeb, 0x00ebebeb, 0xffebebeb, 0x00ebebeb, 0x00ebebeb, 0x00ebebeb, 0x00ebebeb, 0x00ebebeb, 0x00ebebeb, 0xffebebeb, 0x00ebebeb, 0x00ebebeb,
  0x00ebebeb, 0x00ebebeb, 0xffebebeb, 0xffebebeb, 0xffebebeb, 0x00ebebeb, 0xffebebeb, 0xffebebeb, 0x00ebebeb, 0xffebebeb, 0x00ebebeb, 0x00ebebeb,
  0x00ebebeb, 0x00ebebeb, 0xffebebeb, 0x00ebebeb, 0xffebebeb, 0x00ebebeb, 0xffebebeb, 0x00ebebeb, 0xffebebeb, 0x00ebebeb, 0x00ebebeb, 0x00ebebeb,
  0x00ebebeb, 0xffebebeb, 0xffebebeb, 0xffebebeb, 0xffebebeb, 0xffebebeb, 0xffebebeb, 0xffebebeb, 0xffebebeb, 0xffebebeb, 0xffebebeb, 0x00ebebeb,
  0x00ebebeb, 0xffebebeb, 0x00ebebeb, 0x00ebebeb, 0xffebebeb, 0x00ebebeb, 0x00ebebeb, 0xffebebeb, 0x00ebebeb, 0x00ebebeb, 0xffebebeb, 0x00ebebeb,
  0x00ebebeb, 0xffebebeb, 0x00ebebeb, 0x00ebebeb, 0xffebebeb, 0x00ebebeb, 0x00ebebeb, 0x00ebebeb, 0x00ebebeb, 0xffebebeb, 0x00ebebeb, 0x00ebebeb,
  0xffebebeb, 0x00ebebeb, 0xffebebeb, 0x00ebebeb, 0xffebebeb, 0xffebebeb, 0xffebebeb, 0xffebebeb, 0xffebebeb, 0xffebebeb, 0xffebebeb, 0x00ebebeb,
  0x00ebebeb, 0x00ebebeb, 0x00ebebeb, 0x00ebebeb, 0x00ebebeb, 0x00ebebeb, 0x00ebebeb, 0xffebebeb, 0x00ebebeb, 0x00ebebeb, 0x00ebebeb, 0x00ebebeb,
  0xffebebeb, 0xffebebeb, 0xffebebeb, 0xffebebeb, 0xffebebeb, 0x00ebebeb, 0xffebebeb, 0xffebebeb, 0xffebebeb, 0xffebebeb, 0xffebebeb, 0x00ebebeb,
  0x00ebebeb, 0xffebebeb, 0x00ebebeb, 0x00ebebeb, 0x00ebebeb, 0xffebebeb, 0x00ebebeb, 0x00ebebeb, 0x00ebebeb, 0xffebebeb, 0x00ebebeb, 0x00ebebeb,
  0x00ebebeb, 0x00ebebeb, 0xffebebeb, 0x00ebebeb, 0x00ebebeb, 0xffebebeb, 0xffebebeb, 0xffebebeb, 0xffebebeb, 0x00ebebeb, 0xffebebeb, 0x00ebebeb,
  0xffebebeb, 0x00ebebeb, 0xffebebeb, 0xffebebeb, 0xffebebeb, 0xffebebeb, 0xffebebeb, 0xffebebeb, 0xffebebeb, 0x00ebebeb, 0xffebebeb, 0x00ebebeb,
  0xffebebeb, 0xffebebeb, 0xffebebeb, 0xffebebeb, 0xffebebeb, 0xffebebeb, 0xffebebeb, 0xffebebeb, 0xffebebeb, 0xffebebeb, 0xffebebeb, 0x00ebebeb,
  0xffebebeb, 0xffebebeb, 0x00ebebeb, 0x00ebebeb, 0x00ebebeb, 0xffebebeb, 0x00ebebeb, 0x00ebebeb, 0x00ebebeb, 0xffebebeb, 0xffebebeb, 0x00ebebeb,
  0x00ebebeb, 0xffebebeb, 0x00ebebeb, 0x00ebebeb, 0x00ebebeb, 0x00ebebeb, 0xffebebeb, 0x00ebebeb, 0xffebebeb, 0x00ebebeb, 0x00ebebeb, 0x00ebebeb,
  0xffebebeb, 0x00ebebeb, 0xffebebeb, 0x00ebebeb, 0xffebebeb, 0x00ebebeb, 0xffebebeb, 0x00ebebeb, 0xffebebeb, 0x00ebebeb, 0xffebebeb, 0x00ebebeb,
  0x00ebebeb, 0x00ebebeb, 0xffebebeb, 0x00ebebeb, 0x00ebebeb, 0x00ebebeb, 0x00ebebeb, 0x00ebebeb, 0x00ebebeb, 0xffebebeb, 0x00ebebeb, 0x00ebebeb,
  0x00ebebeb, 0x00ebebeb, 0x00ebebeb, 0x00ebebeb, 0xffebebeb, 0x00ebebeb, 0xffebebeb, 0xffebebeb, 0x00ebebeb, 0xffebebeb, 0x00ebebeb, 0x00ebebeb,
  0x00ebebeb, 0x00ebebeb, 0x00ebebeb, 0x00ebebeb, 0xffebebeb, 0x00ebebeb, 0xffebebeb, 0x00ebebeb, 0x00ebebeb, 0x00ebebeb, 0x00ebebeb, 0x00ebebeb,
  0x00ebebeb, 0xffebebeb, 0x00ebebeb, 0xffebebeb, 0xffebebeb, 0xffebebeb, 0x00ebebeb, 0xffebebeb, 0xffebebeb, 0xffebebeb, 0x00ebebeb, 0x00ebebeb,
  0x00ebebeb, 0x00ebebeb, 0x00ebebeb, 0xffebebeb, 0x00ebebeb, 0x00ebebeb, 0x00ebebeb, 0xffebebeb, 0x00ebebeb, 0x00ebebeb, 0x00ebebeb, 0x00ebebeb,
  0x00ebebeb, 0x00ebebeb, 0x00ebebeb, 0x00ebebeb, 0xffebebeb, 0xffebebeb, 0xffebebeb, 0xffebebeb, 0xffebebeb, 0xffebebeb, 0x00ebebeb, 0x00ebebeb,
  0xffebebeb, 0xffebebeb, 0xffebebeb, 0x00ebebeb, 0x00ebebeb, 0x00ebebeb, 0x00ebebeb, 0x00ebebeb, 0x00ebebeb, 0x00ebebeb, 0x00ebebeb, 0x00ebebeb,
  0x00ebebeb, 0x00ebebeb, 0x00ebebeb, 0x00ebebeb, 0x00ebebeb, 0x00ebebeb, 0xffebebeb, 0x00ebebeb, 0x00ebebeb, 0x00ebebeb, 0x00ebebeb, 0x00ebebeb,
  0x00ebebeb, 0xffebebeb, 0x00ebebeb, 0xffebebeb, 0x00ebebeb, 0x00ebebeb, 0x00ebebeb, 0xffebebeb, 0x00ebebeb, 0xffebebeb, 0x00ebebeb, 0x00ebebeb,
  0x00ebebeb, 0xffebebeb, 0x00ebebeb, 0xffebebeb, 0xffebebeb, 0x00ebebeb, 0xffebebeb, 0xffebebeb, 0xffebebeb, 0x00ebebeb, 0xffebebeb, 0x00ebebeb,
  0x00ebebeb, 0x00ebebeb, 0xffebebeb, 0xffebebeb, 0x00ebebeb, 0xffebebeb, 0x00ebebeb, 0x00ebebeb, 0xffebebeb, 0x00ebebeb, 0xffebebeb, 0x00ebebeb,
  0x00ebebeb, 0x00ebebeb, 0xffebebeb, 0x00ebebeb, 0x00ebebeb, 0x00ebebeb, 0x00ebebeb, 0x00ebebeb, 0xffebebeb, 0x00ebebeb, 0x00ebebeb, 0x00ebebeb,
  0xffebebeb, 0x00ebebeb, 0xffebebeb, 0x00ebebeb, 0x00ebebeb, 0x00ebebeb, 0x00ebebeb, 0x00ebebeb, 0xffebebeb, 0x00ebebeb, 0xffebebeb, 0x00ebebeb,
  0x00ebebeb, 0x00ebebeb, 0xffebebeb, 0x00ebebeb, 0x00ebebeb, 0x00ebebeb, 0x00ebebeb, 0x00ebebeb, 0xffebebeb, 0x00ebebeb, 0x00ebebeb, 0x00ebebeb,
  0xffebebeb, 0x00ebebeb, 0x00ebebeb, 0x00ebebeb, 0xffebebeb, 0xffebebeb, 0x00ebebeb, 0x00ebebeb, 0x00ebebeb, 0xffebebeb, 0xffebebeb, 0x00ebebeb,
  0xffebebeb, 0x00ebebeb, 0xffebebeb, 0x00ebebeb, 0xffebebeb, 0x00ebebeb, 0xffebebeb, 0x00ebebeb, 0xffebebeb, 0x00ebebeb, 0xffebebeb, 0x00ebebeb,
  0x00ebebeb, 0xffebebeb, 0xffebebeb, 0xffebebeb, 0x00ebebeb, 0x00ebebeb, 0xffebebeb, 0x00ebebeb, 0x00ebebeb, 0xffebebeb, 0x00ebebeb, 0x00ebebeb,
  0x00ebebeb, 0x00ebebeb, 0x00ebebeb, 0x00ebebeb, 0xffebebeb, 0x00ebebeb, 0xffebebeb, 0x00ebebeb, 0xffebebeb, 0x00ebebeb, 0x00ebebeb, 0x00ebebeb,
  0xffebebeb, 0xffebebeb, 0xffebebeb, 0xffebebeb, 0xffebebeb, 0xffebebeb, 0xffebebeb, 0xffebebeb, 0xffebebeb, 0xffebebeb, 0xffebebeb, 0x00ebebeb,
  0x00ebebeb, 0xffebebeb, 0xffebebeb, 0x00ebebeb, 0xffebebeb, 0x00ebebeb, 0xffebebeb, 0x00ebebeb, 0xffebebeb, 0x00ebebeb, 0xffebebeb, 0x00ebebeb,
  0x00ebebeb, 0x00ebebeb, 0x00ebebeb, 0x00ebebeb, 0x00ebebeb, 0x00ebebeb, 0x00ebebeb, 0xffebebeb, 0x00ebebeb, 0x00ebebeb, 0xffebebeb, 0x00ebebeb,
  0x00ebebeb, 0x00ebebeb, 0x00ebebeb, 0x00ebebeb, 0xffebebeb, 0x00ebebeb, 0x00ebebeb, 0x00ebebeb, 0x00ebebeb, 0xffebebeb, 0x00ebebeb, 0x00ebebeb,
  0xffebebeb, 0x00ebebeb, 0xffebebeb, 0x00ebebeb, 0x00ebebeb, 0xffebebeb, 0xffebebeb, 0xffebebeb, 0xffebebeb, 0xffebebeb, 0x00ebebeb, 0x00ebebeb,
  0x00ebebeb, 0x00ebebeb, 0x00ebebeb, 0x00ebebeb, 0x00ebebeb, 0xffebebeb, 0x00ebebeb, 0x00ebebeb, 0x00ebebeb, 0x00ebebeb, 0x00ebebeb, 0x00ebebeb,
  0x00ebebeb, 0xffebebeb, 0x00ebebeb, 0xffebebeb, 0x00ebebeb, 0x00ebebeb, 0x00ebebeb, 0xffebebeb, 0x00ebebeb, 0xffebebeb, 0x00ebebeb, 0x00ebebeb,
  0x00ebebeb, 0xffebebeb, 0x00ebebeb, 0x00ebebeb, 0x00ebebeb, 0x00ebebeb, 0x00ebebeb, 0x00ebebeb, 0x00ebebeb, 0x00ebebeb, 0x00ebebeb, 0x00ebebeb,
  0x00ebebeb, 0xffebebeb, 0xffebebeb, 0x00ebebeb, 0xffebebeb, 0xffebebeb, 0x00ebebeb, 0x00ebebeb, 0xffebebeb, 0x00ebebeb, 0xffebebeb, 0x00ebebeb,
  0x00ebebeb, 0x00ebebeb, 0xffebebeb, 0xffebebeb, 0xffebebeb, 0xffebebeb, 0xffebebeb, 0xffebebeb, 0xffebebeb, 0x00ebebeb, 0x00ebebeb, 0x00ebebeb,
  0x00ebebeb, 0x00ebebeb, 0xffebebeb, 0xffebebeb, 0xffebebeb, 0xffebebeb, 0xffebebeb, 0xffebebeb, 0xffebebeb, 0x00ebebeb, 0x00ebebeb, 0x00ebebeb,
  0xffebebeb, 0xffebebeb, 0xffebebeb, 0xffebebeb, 0xffebebeb, 0x00ebebeb, 0xffebebeb, 0xffebebeb, 0xffebebeb, 0xffebebeb, 0xffebebeb, 0x00ebebeb,
  0x00ebebeb, 0x00ebebeb, 0x00ebebeb, 0x00ebebeb, 0x00ebebeb, 0x00ebebeb, 0x00ebebeb, 0x00ebebeb, 0x00ebebeb, 0x00ebebeb, 0x00ebebeb, 0x00ebebeb,
  0xffebebeb, 0x00ebebeb, 0xffebebeb, 0x00ebebeb, 0xffebebeb, 0xffebebeb, 0xffebebeb, 0xffebebeb, 0xffebebeb, 0x00ebebeb, 0xffebebeb, 0x00ebebeb,
  0x00ebebeb, 0xffebebeb, 0xffebebeb, 0x00ebebeb, 0xffebebeb, 0x00ebebeb, 0x00ebebeb, 0xffebebeb, 0x00ebebeb, 0xffebebeb, 0x00ebebeb, 0x00ebebeb,
  0x00ebebeb, 0xffebebeb, 0x00ebebeb, 0x00ebebeb, 0xffebebeb, 0x00ebebeb, 0xffebebeb, 0x00ebebeb, 0xffebebeb, 0x00ebebeb, 0x00ebebeb, 0x00ebebeb,
  0x00ebebeb, 0x00ebebeb, 0x00ebebeb, 0x00ebebeb, 0x00ebebeb, 0x00ebebeb, 0x00ebebeb, 0x00ebebeb, 0x00ebebeb, 0x00ebebeb, 0x00ebebeb, 0x00ebebeb,
  0x00ebebeb, 0xffebebeb, 0x00ebebeb, 0xffebebeb, 0xffebebeb, 0xffebebeb, 0xffebebeb, 0xffebebeb, 0xffebebeb, 0xffebebeb, 0x00ebebeb, 0x00ebebeb,
  0x00ebebeb, 0xffebebeb, 0x00ebebeb, 0x00ebebeb, 0x00ebebeb, 0x00ebebeb, 0x00ebebeb, 0x00ebebeb, 0x00ebebeb, 0xffebebeb, 0x00ebebeb, 0x00ebebeb,
  0x00ebebeb, 0xffebebeb, 0x00ebebeb, 0xffebebeb, 0xffebebeb, 0xffebebeb, 0xffebebeb, 0xffebebeb, 0xffebebeb, 0xffebebeb, 0xffebebeb, 0x00ebebeb,
  0xffebebeb, 0x00ebebeb, 0xffebebeb, 0x00ebebeb, 0x00ebebeb, 0xffebebeb, 0x00ebebeb, 0x00ebebeb, 0x00ebebeb, 0xffebebeb, 0x00ebebeb, 0x00ebebeb,
  0x00ebebeb, 0x00ebebeb, 0x00ebebeb, 0x00ebebeb, 0xffebebeb, 0x00ebebeb, 0x00ebebeb, 0x00ebebeb, 0x00ebebeb, 0x00ebebeb, 0x00ebebeb, 0x00ebebeb,
  0xffebebeb, 0xffebebeb, 0x00ebebeb, 0xffebebeb, 0xffebebeb, 0x00ebebeb, 0xffebebeb, 0xffebebeb, 0x00ebebeb, 0xffebebeb, 0xffebebeb, 0x00ebebeb,
  0x00ebebeb, 0xffebebeb, 0xffebebeb, 0x00ebebeb, 0xffebebeb, 0xffebebeb, 0xffebebeb, 0xffebebeb, 0xffebebeb, 0xffebebeb, 0xffebebeb, 0x00ebebeb,
  0xffebebeb, 0x00ebebeb, 0xffebebeb, 0x00ebebeb, 0x00ebebeb, 0xffebebeb, 0x00ebebeb, 0x00ebebeb, 0xffebebeb, 0x00ebebeb, 0xffebebeb, 0x00ebebeb,
  0x00ebebeb, 0x00ebebeb, 0x00ebebeb, 0x00ebebeb, 0x00ebebeb, 0xffebebeb, 0x00ebebeb, 0x00ebebeb, 0x00ebebeb, 0x00ebebeb, 0x00ebebeb, 0x00ebebeb,
  0x00ebebeb, 0x00ebebeb, 0xffebebeb, 0x00ebebeb, 0x00ebebeb, 0x00ebebeb, 0x00ebebeb, 0x00ebebeb, 0xffebebeb, 0x00ebebeb, 0x00ebebeb, 0x00ebebeb,
  0x00ebebeb, 0x00ebebeb, 0xffebebeb, 0x00ebebeb, 0x00ebebeb, 0x00ebebeb, 0x00ebebeb, 0x00ebebeb, 0xffebebeb, 0x00ebebeb, 0x00ebebeb, 0x00ebebeb,
  0x00ebebeb, 0xffebebeb, 0xffebebeb, 0xffebebeb, 0xffebebeb, 0xffebebeb, 0xffebebeb, 0xffebebeb, 0xffebebeb, 0xffebebeb, 0x00ebebeb, 0x00ebebeb,
  0xffebebeb, 0x00ebebeb, 0xffebebeb, 0x00ebebeb, 0xffebebeb, 0x00ebebeb, 0xffebebeb, 0x00ebebeb, 0x00ebebeb, 0xffebebeb, 0x00ebebeb, 0x00ebebeb,
  0xffebebeb, 0x00ebebeb, 0xffebebeb, 0x00ebebeb, 0x00ebebeb, 0x00ebebeb, 0x00ebebeb, 0xffebebeb, 0x00ebebeb, 0xffebebeb, 0x00ebebeb, 0x00ebebeb,
  0x00ebebeb, 0xffebebeb, 0x00ebebeb, 0xffebebeb, 0x00ebebeb, 0x00ebebeb, 0xffebebeb, 0x00ebebeb, 0x00ebebeb, 0xffebebeb, 0x00ebebeb, 0x00ebebeb,
  0x00ebebeb, 0xffebebeb, 0x00ebebeb, 0xffebebeb, 0x00ebebeb, 0xffebebeb, 0x00ebebeb, 0x00ebebeb, 0x00ebebeb, 0xffebebeb, 0x00ebebeb, 0x00ebebeb,
  0x00ebebeb, 0xffebebeb, 0x00ebebeb, 0xffebebeb, 0x00ebebeb, 0x00ebebeb, 0xffebebeb, 0x00ebebeb, 0x00ebebeb, 0xffebebeb, 0x00ebebeb, 0x00ebebeb,
  0x00ebebeb, 0xffebebeb, 0x00ebebeb, 0x00ebebeb, 0x00ebebeb, 0x00ebebeb, 0x00ebebeb, 0x00ebebeb, 0xffebebeb, 0x00ebebeb, 0x00ebebeb, 0x00ebebeb,
  0x00ebebeb, 0xffebebeb, 0x00ebebeb, 0x00ebebeb, 0x00ebebeb, 0x00ebebeb, 0xffebebeb, 0xffebebeb, 0x00ebebeb, 0x00ebebeb, 0x00ebebeb, 0x00ebebeb,
  0xffebebeb, 0x00ebebeb, 0xffebebeb, 0x00ebebeb, 0x00ebebeb, 0xffebebeb, 0xffebebeb, 0xffebebeb, 0xffebebeb, 0xffebebeb, 0x00ebebeb, 0x00ebebeb,
  0x00ebebeb, 0x00ebebeb, 0xffebebeb, 0xffebebeb, 0x00ebebeb, 0x00ebebeb, 0x00ebebeb, 0x00ebebeb, 0x00ebebeb, 0x00ebebeb, 0x00ebebeb, 0x00ebebeb,
  0x00ebebeb, 0xffebebeb, 0x00ebebeb, 0xffebebeb, 0x00ebebeb, 0xffebebeb, 0x00ebebeb, 0xffebebeb, 0x00ebebeb, 0xffebebeb, 0x00ebebeb, 0x00ebebeb,
  0xffebebeb, 0xffebebeb, 0x00ebebeb, 0x00ebebeb, 0xffebebeb, 0x00ebebeb, 0x00ebebeb, 0x00ebebeb, 0x00ebebeb, 0x00ebebeb, 0xffebebeb, 0x00ebebeb,
  0x00ebebeb, 0x00ebebeb, 0xffebebeb, 0x00ebebeb, 0x00ebebeb, 0xffebebeb, 0xffebebeb, 0xffebebeb, 0xffebebeb, 0x00ebebeb, 0xffebebeb, 0x00ebebeb,
  0x00ebebeb, 0xffebebeb, 0xffebebeb, 0xffebebeb, 0xffebebeb, 0xffebebeb, 0xffebebeb, 0xffebebeb, 0xffebebeb, 0xffebebeb, 0x00ebebeb, 0x00ebebeb,
  0x00ebebeb, 0x00ebebeb, 0xffebebeb, 0xffebebeb, 0xffebebeb, 0xffebebeb, 0xffebebeb, 0xffebebeb, 0xffebebeb, 0x00ebebeb, 0x00ebebeb, 0x00ebebeb,
  0x00ebebeb, 0xffebebeb, 0xffebebeb, 0xffebebeb, 0x00ebebeb, 0x00ebebeb, 0x00ebebeb, 0xffebebeb, 0xffebebeb, 0xffebebeb, 0x00ebebeb, 0x00ebebeb,
  0x00ebebeb, 0xffebebeb, 0x00ebebeb, 0x00ebebeb, 0xffebebeb, 0x00ebebeb, 0xffebebeb, 0x00ebebeb, 0x00ebebeb, 0xffebebeb, 0x00ebebeb, 0x00ebebeb,
  0x00ebebeb, 0x00ebebeb, 0xffebebeb, 0x00ebebeb, 0x00ebebeb, 0x00ebebeb, 0xffebebeb, 0x00ebebeb, 0x00ebebeb, 0xffebebeb, 0x00ebebeb, 0x00ebebeb,
  0x00ebebeb, 0x00ebebeb, 0xffebebeb, 0x00ebebeb, 0x00ebebeb, 0x00ebebeb, 0x00ebebeb, 0x00ebebeb, 0x00ebebeb, 0xffebebeb, 0x00ebebeb, 0x00ebebeb,
  0x00ebebeb, 0xffebebeb, 0x00ebebeb, 0xffebebeb, 0x00ebebeb, 0x00ebebeb, 0xffebebeb, 0x00ebebeb, 0x00ebebeb, 0xffebebeb, 0x00ebebeb, 0x00ebebeb,
  0x00ebebeb, 0xffebebeb, 0x00ebebeb, 0xffebebeb, 0x00ebebeb, 0x00ebebeb, 0xffebebeb, 0x00ebebeb, 0x00ebebeb, 0x00ebebeb, 0xffebebeb, 0x00ebebeb,
  0x00ebebeb, 0xffebebeb, 0x00ebebeb, 0xffebebeb, 0xffebebeb, 0xffebebeb, 0xffebebeb, 0xffebebeb, 0xffebebeb, 0xffebebeb, 0x00ebebeb, 0x00ebebeb,
  0xffebebeb, 0x00ebebeb, 0x00ebebeb, 0x00ebebeb, 0x00ebebeb, 0x00ebebeb, 0xffebebeb, 0xffebebeb, 0x00ebebeb, 0x00ebebeb, 0x00ebebeb, 0x00ebebeb,
  0xffebebeb, 0x00ebebeb, 0x00ebebeb, 0x00ebebeb, 0x00ebebeb, 0xffebebeb, 0x00ebebeb, 0x00ebebeb, 0xffebebeb, 0x00ebebeb, 0x00ebebeb, 0x00ebebeb,
  0xffebebeb, 0xffebebeb, 0xffebebeb, 0x00ebebeb, 0x00ebebeb, 0xffebebeb, 0x00ebebeb, 0x00ebebeb, 0x00ebebeb, 0xffebebeb, 0x00ebebeb, 0x00ebebeb,
  0x00ebebeb, 0xffebebeb, 0x00ebebeb, 0x00ebebeb, 0xffebebeb, 0xffebebeb, 0x00ebebeb, 0x00ebebeb, 0x00ebebeb, 0x00ebebeb, 0x00ebebeb, 0x00ebebeb,
  0x00ebebeb, 0xffebebeb, 0x00ebebeb, 0xffebebeb, 0x00ebebeb, 0x00ebebeb, 0x00ebebeb, 0xffebebeb, 0x00ebebeb, 0xffebebeb, 0x00ebebeb, 0x00ebebeb,
  0x00ebebeb, 0x00ebebeb, 0x00ebebeb, 0x00ebebeb, 0xffebebeb, 0x00ebebeb, 0x00ebebeb, 0x00ebebeb, 0x00ebebeb, 0x00ebebeb, 0xffebebeb, 0x00ebebeb,
  0x00ebebeb, 0x00ebebeb, 0xffebebeb, 0x00ebebeb, 0x00ebebeb, 0x00ebebeb, 0x00ebebeb, 0x00ebebeb, 0x00ebebeb, 0x00ebebeb, 0xffebebeb, 0x00ebebeb,
  0x00ebebeb, 0x00ebebeb, 0x00ebebeb, 0x00ebebeb, 0x00ebebeb, 0xffebebeb, 0x00ebebeb, 0x00ebebeb, 0x00ebebeb, 0x00ebebeb, 0x00ebebeb, 0x00ebebeb,
  0x00ebebeb, 0x00ebebeb, 0xffebebeb, 0x00ebebeb, 0x00ebebeb, 0x00ebebeb, 0x00ebebeb, 0x00ebebeb, 0xffebebeb, 0x00ebebeb, 0x00ebebeb, 0x00ebebeb,
  0xffebebeb, 0x00ebebeb, 0xffebebeb, 0x00ebebeb, 0xffebebeb, 0x00ebebeb, 0xffebebeb, 0x00ebebeb, 0xffebebeb, 0x00ebebeb, 0xffebebeb, 0x00ebebeb,
  0x00ebebeb, 0xffebebeb, 0x00ebebeb, 0x00ebebeb, 0xffebebeb, 0x00ebebeb, 0xffebebeb, 0x00ebebeb, 0x00ebebeb, 0xffebebeb, 0x00ebebeb, 0x00ebebeb,
  0x00ebebeb, 0xffebebeb, 0x00ebebeb, 0xffebebeb, 0x00ebebeb, 0xffebebeb, 0x00ebebeb, 0x00ebebeb, 0xffebebeb, 0x00ebebeb, 0xffebebeb, 0x00ebebeb,
  0x00ebebeb, 0x00ebebeb, 0xffebebeb, 0x00ebebeb, 0x00ebebeb, 0x00ebebeb, 0x00ebebeb, 0x00ebebeb, 0x00ebebeb, 0xffebebeb, 0x00ebebeb, 0x00ebebeb,
  0xffebebeb, 0x00ebebeb, 0xffebebeb, 0x00ebebeb, 0x00ebebeb, 0x00ebebeb, 0xffebebeb, 0x00ebebeb, 0x00ebebeb, 0x00ebebeb, 0xffebebeb, 0x00ebebeb,
  0xffebebeb, 0x00ebebeb, 0x00ebebeb, 0xffebebeb, 0x00ebebeb, 0x00ebebeb, 0x00ebebeb, 0x00ebebeb, 0xffebebeb, 0x00ebebeb, 0xffebebeb, 0x00ebebeb,
  0x00ebebeb, 0xffebebeb, 0x00ebebeb, 0x00ebebeb, 0x00ebebeb, 0xffebebeb, 0x00ebebeb, 0xffebebeb, 0x00ebebeb, 0x00ebebeb, 0xffebebeb, 0x00ebebeb,
  0xffebebeb, 0x00ebebeb, 0x00ebebeb, 0xffebebeb, 0xffebebeb, 0xffebebeb, 0x00ebebeb, 0x00ebebeb, 0x00ebebeb, 0x00ebebeb, 0x00ebebeb, 0x00ebebeb,
  0xffebebeb, 0x00ebebeb, 0x00ebebeb, 0xffebebeb, 0xffebebeb, 0x00ebebeb, 0x00ebebeb, 0x00ebebeb, 0x00ebebeb, 0xffebebeb, 0xffebebeb, 0x00ebebeb,
  0x00ebebeb, 0x00ebebeb, 0x00ebebeb, 0x00ebebeb, 0x00ebebeb, 0xffebebeb, 0xffebebeb, 0xffebebeb, 0xffebebeb, 0xffebebeb, 0x00ebebeb, 0x00ebebeb,
  0xffebebeb, 0x00ebebeb, 0x00ebebeb, 0x00ebebeb, 0x00ebebeb, 0x00ebebeb, 0xffebebeb, 0xffebebeb, 0xffebebeb, 0xffebebeb, 0xffebebeb, 0x00ebebeb,
  0xffebebeb, 0x00ebebeb, 0xffebebeb, 0xffebebeb, 0x00ebebeb, 0x00ebebeb, 0xffebebeb, 0x00ebebeb, 0xffebebeb, 0xffebebeb, 0x00ebebeb, 0x00ebebeb,
  0x00ebebeb, 0x00ebebeb, 0x00ebebeb, 0x00ebebeb, 0xffebebeb, 0xffebebeb, 0xffebebeb, 0xffebebeb, 0xffebebeb, 0xffebebeb, 0xffebebeb, 0x00ebebeb,
  0x00ebebeb, 0x00ebebeb, 0xffebebeb, 0x00ebebeb, 0x00ebebeb, 0x00ebebeb, 0x00ebebeb, 0x00ebebeb, 0xffebebeb, 0xffebebeb, 0xffebebeb, 0x00ebebeb,
  0xffebebeb, 0xffebebeb, 0xffebebeb, 0xffebebeb, 0xffebebeb, 0xffebebeb, 0xffebebeb, 0xffebebeb, 0xffebebeb, 0xffebebeb, 0xffebebeb, 0x00ebebeb,
  0x00ebebeb, 0x00ebebeb, 0xffebebeb, 0x00ebebeb, 0x00ebebeb, 0x00ebebeb, 0x00ebebeb, 0xffebebeb, 0xffebebeb, 0x00ebebeb, 0x00ebebeb, 0x00ebebeb,
  0x00ebebeb, 0x00ebebeb, 0xffebebeb, 0x00ebebeb, 0x00ebebeb, 0x00ebebeb, 0x00ebebeb, 0x00ebebeb, 0xffebebeb, 0x00ebebeb, 0x00ebebeb, 0x00ebebeb,
  0xffebebeb, 0xffebebeb, 0xffebebeb, 0xffebebeb, 0xffebebeb, 0xffebebeb, 0xffebebeb, 0xffebebeb, 0xffebebeb, 0xffebebeb, 0xffebebeb, 0x00ebebeb,
  0xffebebeb, 0x00ebebeb, 0x00ebebeb, 0x00ebebeb, 0xffebebeb, 0x00ebebeb, 0x00ebebeb, 0xffebebeb, 0x00ebebeb, 0x00ebebeb, 0xffebebeb, 0x00ebebeb,
  0x00ebebeb, 0x00ebebeb, 0xffebebeb, 0x00ebebeb, 0x00ebebeb, 0x00ebebeb, 0x00ebebeb, 0xffebebeb, 0xffebebeb, 0xffebebeb, 0x00ebebeb, 0x00ebebeb,
  0xffebebeb, 0x00ebebeb, 0x00ebebeb, 0x00ebebeb, 0x00ebebeb, 0xffebebeb, 0xffebebeb, 0x00ebebeb, 0x00ebebeb, 0x00ebebeb, 0x00ebebeb, 0x00ebebeb,
  0x00ebebeb, 0x00ebebeb, 0x00ebebeb, 0x00ebebeb, 0xffebebeb, 0xffebebeb, 0xffebebeb, 0xffebebeb, 0xffebebeb, 0x00ebebeb, 0x00ebebeb, 0x00ebebeb,
  0xffebebeb, 0x00ebebeb, 0xffebebeb, 0xffebebeb, 0xffebebeb, 0x00ebebeb, 0x00ebebeb, 0xffebebeb, 0xffebebeb, 0xffebebeb, 0xffebebeb, 0x00ebebeb,
  0x00ebebeb, 0x00ebebeb, 0x00ebebeb, 0x00ebebeb, 0x00ebebeb, 0x00ebebeb, 0x00ebebeb, 0x00ebebeb, 0x00ebebeb, 0x00ebebeb, 0x00ebebeb, 0x00ebebeb,
  0x00ebebeb, 0x00ebebeb, 0x00ebebeb, 0x00ebebeb, 0x00ebebeb, 0x00ebebeb, 0x00ebebeb, 0x00ebebeb, 0x00ebebeb, 0x00ebebeb, 0x00ebebeb, 0x00ebebeb,
  0x00ebebeb, 0x00ebebeb, 0x00ebebeb, 0x00ebebeb, 0x00ebebeb, 0x00ebebeb, 0x00ebebeb, 0x00ebebeb, 0x00ebebeb, 0x00ebebeb, 0x00ebebeb, 0x00ebebeb,
  0x00ebebeb, 0x00ebebeb, 0x00ebebeb, 0x00ebebeb, 0x00ebebeb, 0x00ebebeb, 0x00ebebeb, 0x00ebebeb, 0x00ebebeb, 0x00ebebeb, 0x00ebebeb, 0x00ebebeb,
  0x00ebebeb, 0x00ebebeb, 0x00ebebeb, 0x00ebebeb, 0x00ebebeb, 0x00ebebeb, 0x00ebebeb, 0x00ebebeb, 0x00ebebeb, 0x00ebebeb, 0x00ebebeb, 0x00ebebeb,
  0x00ebebeb, 0x00ebebeb, 0x00ebebeb, 0x00ebebeb, 0x00ebebeb, 0x00ebebeb, 0x00ebebeb, 0x00ebebeb, 0x00ebebeb, 0x00ebebeb, 0x00ebebeb, 0x00ebebeb,
  0x00ebebeb, 0x00ebebeb, 0x00ebebeb, 0x00ebebeb, 0x00ebebeb, 0x00ebebeb, 0x00ebebeb, 0x00ebebeb, 0x00ebebeb, 0x00ebebeb, 0x00ebebeb, 0x00ebebeb,
  0x00ebebeb, 0x00ebebeb, 0x00ebebeb, 0x00ebebeb, 0x00ebebeb, 0x00ebebeb, 0x00ebebeb, 0x00ebebeb, 0x00ebebeb, 0x00ebebeb, 0x00ebebeb, 0x00ebebeb,
  0x00ebebeb, 0x00ebebeb, 0x00ebebeb, 0x00ebebeb, 0x00ebebeb, 0x00ebebeb, 0x00ebebeb, 0x00ebebeb, 0x00ebebeb, 0x00ebebeb, 0x00ebebeb, 0x00ebebeb,
  0x00ebebeb, 0x00ebebeb, 0x00ebebeb, 0x00ebebeb, 0x00ebebeb, 0x00ebebeb, 0x00ebebeb, 0x00ebebeb, 0x00ebebeb, 0x00ebebeb, 0x00ebebeb, 0x00ebebeb,
  0x00ebebeb, 0x00ebebeb, 0x00ebebeb, 0x00ebebeb, 0x00ebebeb, 0x00ebebeb, 0x00ebebeb, 0x00ebebeb, 0x00ebebeb, 0x00ebebeb, 0x00ebebeb, 0x00ebebeb,
  0x00ebebeb, 0x00ebebeb, 0x00ebebeb, 0x00ebebeb, 0x00ebebeb, 0x00ebebeb, 0x00ebebeb, 0x00ebebeb, 0x00ebebeb, 0x00ebebeb, 0x00ebebeb, 0x00ebebeb,
  0x00ebebeb, 0x00ebebeb, 0x00ebebeb, 0x00ebebeb, 0x00ebebeb, 0x00ebebeb, 0x00ebebeb, 0x00ebebeb, 0x00ebebeb, 0x00ebebeb, 0x00ebebeb, 0x00ebebeb,
  0x00ebebeb, 0x00ebebeb, 0x00ebebeb, 0x00ebebeb, 0x00ebebeb, 0x00ebebeb, 0x00ebebeb, 0x00ebebeb, 0x00ebebeb, 0x00ebebeb, 0x00ebebeb, 0x00ebebeb,
  0x00ebebeb, 0x00ebebeb, 0x00ebebeb, 0x00ebebeb, 0x00ebebeb, 0x00ebebeb, 0x00ebebeb, 0x00ebebeb, 0x00ebebeb, 0x00ebebeb, 0x00ebebeb, 0x00ebebeb,
  0x00ebebeb, 0x00ebebeb, 0x00ebebeb, 0x00ebebeb, 0x00ebebeb, 0x00ebebeb, 0x00ebebeb, 0x00ebebeb, 0x00ebebeb, 0x00ebebeb, 0x00ebebeb, 0x00ebebeb,
  0x00ebebeb, 0xffebebeb, 0x00ebebeb, 0x00ebebeb, 0xffebebeb, 0xffebebeb, 0xffebebeb, 0xffebebeb, 0xffebebeb, 0xffebebeb, 0xffebebeb, 0x00ebebeb,
  0x00ebebeb, 0x00ebebeb, 0x00ebebeb, 0x00ebebeb, 0xffebebeb, 0x00ebebeb, 0x00ebebeb, 0x00ebebeb, 0x00ebebeb, 0x00ebebeb, 0x00ebebeb, 0x00ebebeb,
  0x00ebebeb, 0x00ebebeb, 0xffebebeb, 0x00ebebeb, 0x00ebebeb, 0x00ebebeb, 0x00ebebeb, 0x00ebebeb, 0x00ebebeb, 0x00ebebeb, 0x00ebebeb, 0x00ebebeb,
  0x00ebebeb, 0xffebebeb, 0x00ebebeb, 0x00ebebeb, 0x00ebebeb, 0xffebebeb, 0x00ebebeb, 0x00ebebeb, 0x00ebebeb, 0xffebebeb, 0x00ebebeb, 0x00ebebeb,
  0x00ebebeb, 0x00ebebeb, 0xffebebeb, 0x00ebebeb, 0x00ebebeb, 0x00ebebeb, 0x00ebebeb, 0xffebebeb, 0x00ebebeb, 0x00ebebeb, 0x00ebebeb, 0x00ebebeb,
  0x00ebebeb, 0x00ebebeb, 0xffebebeb, 0x00ebebeb, 0xffebebeb, 0x00ebebeb, 0x00ebebeb, 0xffebebeb, 0x00ebebeb, 0x00ebebeb, 0xffebebeb, 0x00ebebeb,
  0xffebebeb, 0x00ebebeb, 0x00ebebeb, 0x00ebebeb, 0x00ebebeb, 0xffebebeb, 0x00ebebeb, 0x00ebebeb, 0xffebebeb, 0x00ebebeb, 0x00ebebeb, 0x00ebebeb,
  0x00ebebeb, 0xffebebeb, 0x00ebebeb, 0xffebebeb, 0x00ebebeb, 0x00ebebeb, 0x00ebebeb, 0x00ebebeb, 0x00ebebeb, 0xffebebeb, 0xffebebeb, 0x00ebebeb,
  0x00ebebeb, 0x00ebebeb, 0x00ebebeb, 0x00ebebeb, 0x00ebebeb, 0xffebebeb, 0x00ebebeb, 0x00ebebeb, 0x00ebebeb, 0x00ebebeb, 0x00ebebeb, 0x00ebebeb,
  0x00ebebeb, 0x00ebebeb, 0xffebebeb, 0x00ebebeb, 0x00ebebeb, 0xffebebeb, 0xffebebeb, 0xffebebeb, 0xffebebeb, 0x00ebebeb, 0x00ebebeb, 0x00ebebeb,
  0xffebebeb, 0xffebebeb, 0xffebebeb, 0xffebebeb, 0xffebebeb, 0xffebebeb, 0xffebebeb, 0x00ebebeb, 0x00ebebeb, 0x00ebebeb, 0xffebebeb, 0x00ebebeb,
  0x00ebebeb, 0x00ebebeb, 0xffebebeb, 0x00ebebeb, 0x00ebebeb, 0x00ebebeb, 0x00ebebeb, 0x00ebebeb, 0xffebebeb, 0x00ebebeb, 0x00ebebeb, 0x00ebebeb,
  0x00ebebeb, 0x00ebebeb, 0x00ebebeb, 0x00ebebeb, 0x00ebebeb, 0xffebebeb, 0x00ebebeb, 0x00ebebeb, 0x00ebebeb, 0x00ebebeb, 0x00ebebeb, 0x00ebebeb,
  0x00ebebeb, 0x00ebebeb, 0x00ebebeb, 0x00ebebeb, 0xffebebeb, 0xffebebeb, 0xffebebeb, 0xffebebeb, 0xffebebeb, 0xffebebeb, 0x00ebebeb, 0x00ebebeb,
  0x00ebebeb, 0xffebebeb, 0x00ebebeb, 0x00ebebeb, 0x00ebebeb, 0xffebebeb, 0x00ebebeb, 0x00ebebeb, 0x00ebebeb, 0x00ebebeb, 0x00ebebeb, 0x00ebebeb,
  0x00ebebeb, 0x00ebebeb, 0xffebebeb, 0x00ebebeb, 0x00ebebeb, 0x00ebebeb, 0x00ebebeb, 0xffebebeb, 0x00ebebeb, 0x00ebebeb, 0x00ebebeb, 0x00ebebeb,
  0x00ebebeb, 0x00ebebeb, 0xffebebeb, 0x00ebebeb, 0x00ebebeb, 0x00ebebeb, 0xffebebeb, 0x00ebebeb, 0x00ebebeb, 0x00ebebeb, 0xffebebeb, 0x00ebebeb,
  0x00ebebeb, 0x00ebebeb, 0xffebebeb, 0xffebebeb, 0xffebebeb, 0xffebebeb, 0xffebebeb, 0xffebebeb, 0xffebebeb, 0x00ebebeb, 0x00ebebeb, 0x00ebebeb,
  0x00ebebeb, 0x00ebebeb, 0xffebebeb, 0xffebebeb, 0xffebebeb, 0xffebebeb, 0xffebebeb, 0xffebebeb, 0x00ebebeb, 0x00ebebeb, 0x00ebebeb, 0x00ebebeb,
  0x00ebebeb, 0xffebebeb, 0x00ebebeb, 0x00ebebeb, 0x00ebebeb, 0xffebebeb, 0x00ebebeb, 0x00ebebeb, 0x00ebebeb, 0xffebebeb, 0x00ebebeb, 0x00ebebeb,
  0x00ebebeb, 0x00ebebeb, 0xffebebeb, 0x00ebebeb, 0xffebebeb, 0xffebebeb, 0xffebebeb, 0xffebebeb, 0xffebebeb, 0xffebebeb, 0xffebebeb, 0x00ebebeb,
  0x00ebebeb, 0x00ebebeb, 0xffebebeb, 0x00ebebeb, 0x00ebebeb, 0xffebebeb, 0x00ebebeb, 0xffebebeb, 0x00ebebeb, 0xffebebeb, 0x00ebebeb, 0x00ebebeb,
  0x00ebebeb, 0xffebebeb, 0x00ebebeb, 0xffebebeb, 0xffebebeb, 0xffebebeb, 0xffebebeb, 0xffebebeb, 0xffebebeb, 0xffebebeb, 0xffebebeb, 0x00ebebeb,
  0x00ebebeb, 0xffebebeb, 0x00ebebeb, 0xffebebeb, 0x00ebebeb, 0xffebebeb, 0xffebebeb, 0xffebebeb, 0xffebebeb, 0x00ebebeb, 0x00ebebeb, 0x00ebebeb,
  0x00ebebeb, 0x00ebebeb, 0x00ebebeb, 0x00ebebeb, 0x00ebebeb, 0xffebebeb, 0x00ebebeb, 0x00ebebeb, 0x00ebebeb, 0x00ebebeb, 0x00ebebeb, 0x00ebebeb,
  0x00ebebeb, 0x00ebebeb, 0xffebebeb, 0x00ebebeb, 0x00ebebeb, 0xffebebeb, 0x00ebebeb, 0x00ebebeb, 0xffebebeb, 0x00ebebeb, 0x00ebebeb, 0x00ebebeb,
  0x00ebebeb, 0x00ebebeb, 0xffebebeb, 0x00ebebeb, 0x00ebebeb, 0xffebebeb, 0x00ebebeb, 0x00ebebeb, 0xffebebeb, 0x00ebebeb, 0xffebebeb, 0x00ebebeb,
  0x00ebebeb, 0x00ebebeb, 0xffebebeb, 0x00ebebeb, 0x00ebebeb, 0x00ebebeb, 0x00ebebeb, 0x00ebebeb, 0xffebebeb, 0xffebebeb, 0xffebebeb, 0x00ebebeb,
  0xffebebeb, 0xffebebeb, 0xffebebeb, 0xffebebeb, 0xffebebeb, 0xffebebeb, 0xffebebeb, 0xffebebeb, 0xffebebeb, 0xffebebeb, 0xffebebeb, 0x00ebebeb,
  0xffebebeb, 0xffebebeb, 0xffebebeb, 0x00ebebeb, 0xffebebeb, 0x00ebebeb, 0x00ebebeb, 0x00ebebeb, 0x00ebebeb, 0xffebebeb, 0x00ebebeb, 0x00ebebeb,
  0x00ebebeb, 0xffebebeb, 0x00ebebeb, 0x00ebebeb, 0x00ebebeb, 0xffebebeb, 0xffebebeb, 0xffebebeb, 0xffebebeb, 0xffebebeb, 0xffebebeb, 0x00ebebeb,
  0x00ebebeb, 0x00ebebeb, 0xffebebeb, 0x00ebebeb, 0xffebebeb, 0xffebebeb, 0xffebebeb, 0xffebebeb, 0xffebebeb, 0xffebebeb, 0xffebebeb, 0x00ebebeb,
  0x00ebebeb, 0x00ebebeb, 0x00ebebeb, 0x00ebebeb, 0x00ebebeb, 0x00ebebeb, 0xffebebeb, 0x00ebebeb, 0x00ebebeb, 0x00ebebeb, 0xffebebeb, 0x00ebebeb,
  0x00ebebeb, 0x00ebebeb, 0xffebebeb, 0x00ebebeb, 0x00ebebeb, 0x00ebebeb, 0x00ebebeb, 0x00ebebeb, 0xffebebeb, 0x00ebebeb, 0x00ebebeb, 0x00ebebeb,
  0x00ebebeb, 0xffebebeb, 0x00ebebeb, 0x00ebebeb, 0x00ebebeb, 0x00ebebeb, 0x00ebebeb, 0xffebebeb, 0x00ebebeb, 0x00ebebeb, 0x00ebebeb, 0x00ebebeb,
  0x00ebebeb, 0xffebebeb, 0xffebebeb, 0xffebebeb, 0xffebebeb, 0xffebebeb, 0xffebebeb, 0xffebebeb, 0xffebebeb, 0xffebebeb, 0x00ebebeb, 0x00ebebeb,
  0x00ebebeb, 0xffebebeb, 0x00ebebeb, 0x00ebebeb, 0xffebebeb, 0x00ebebeb, 0x00ebebeb, 0xffebebeb, 0x00ebebeb, 0x00ebebeb, 0xffebebeb, 0x00ebebeb,
  0xffebebeb, 0xffebebeb, 0xffebebeb, 0xffebebeb, 0xffebebeb, 0xffebebeb, 0xffebebeb, 0xffebebeb, 0xffebebeb, 0xffebebeb, 0xffebebeb, 0x00ebebeb,
  0x00ebebeb, 0x00ebebeb, 0x00ebebeb, 0x00ebebeb, 0x00ebebeb, 0x00ebebeb, 0xffebebeb, 0x00ebebeb, 0x00ebebeb, 0x00ebebeb, 0x00ebebeb, 0x00ebebeb,
  0x00ebebeb, 0xffebebeb, 0x00ebebeb, 0xffebebeb, 0x00ebebeb, 0xffebebeb, 0x00ebebeb, 0x00ebebeb, 0x00ebebeb, 0x00ebebeb, 0x00ebebeb, 0x00ebebeb,
  0xffebebeb, 0xffebebeb, 0xffebebeb, 0xffebebeb, 0xffebebeb, 0xffebebeb, 0xffebebeb, 0xffebebeb, 0xffebebeb, 0xffebebeb, 0xffebebeb, 0x00ebebeb,
  0xffebebeb, 0xffebebeb, 0xffebebeb, 0xffebebeb, 0x00ebebeb, 0xffebebeb, 0x00ebebeb, 0x00ebebeb, 0xffebebeb, 0x00ebebeb, 0x00ebebeb, 0x00ebebeb,
  0x00ebebeb, 0x00ebebeb, 0xffebebeb, 0x00ebebeb, 0x00ebebeb, 0xffebebeb, 0x00ebebeb, 0x00ebebeb, 0xffebebeb, 0x00ebebeb, 0xffebebeb, 0x00ebebeb,
  0xffebebeb, 0xffebebeb, 0xffebebeb, 0xffebebeb, 0xffebebeb, 0x00ebebeb, 0x00ebebeb, 0x00ebebeb, 0xffebebeb, 0x00ebebeb, 0x00ebebeb, 0x00ebebeb,
  0x00ebebeb, 0xffebebeb, 0x00ebebeb, 0x00ebebeb, 0x00ebebeb, 0xffebebeb, 0x00ebebeb, 0x00ebebeb, 0x00ebebeb, 0xffebebeb, 0x00ebebeb, 0x00ebebeb,
  0x00ebebeb, 0xffebebeb, 0x00ebebeb, 0x00ebebeb, 0xffebebeb, 0x00ebebeb, 0x00ebebeb, 0xffebebeb, 0x00ebebeb, 0xffebebeb, 0x00ebebeb, 0x00ebebeb,
  0x00ebebeb, 0xffebebeb, 0x00ebebeb, 0x00ebebeb, 0xffebebeb, 0x00ebebeb, 0x00ebebeb, 0x00ebebeb, 0x00ebebeb, 0x00ebebeb, 0xffebebeb, 0x00ebebeb,
  0xffebebeb, 0xffebebeb, 0xffebebeb, 0xffebebeb, 0x00ebebeb, 0x00ebebeb, 0xffebebeb, 0x00ebebeb, 0x00ebebeb, 0x00ebebeb, 0x00ebebeb, 0x00ebebeb,
  0xffebebeb, 0x00ebebeb, 0x00ebebeb, 0x00ebebeb, 0x00ebebeb, 0xffebebeb, 0x00ebebeb, 0x00ebebeb, 0x00ebebeb, 0x00ebebeb, 0xffebebeb, 0x00ebebeb,
  0x00ebebeb, 0x00ebebeb, 0xffebebeb, 0x00ebebeb, 0x00ebebeb, 0x00ebebeb, 0x00ebebeb, 0x00ebebeb, 0xffebebeb, 0x00ebebeb, 0x00ebebeb, 0x00ebebeb,
  0xffebebeb, 0xffebebeb, 0xffebebeb, 0xffebebeb, 0xffebebeb, 0xffebebeb, 0xffebebeb, 0xffebebeb, 0xffebebeb, 0xffebebeb, 0x00ebebeb, 0x00ebebeb,
  0x00ebebeb, 0x00ebebeb, 0x00ebebeb, 0x00ebebeb, 0x00ebebeb, 0x00ebebeb, 0x00ebebeb, 0x00ebebeb, 0x00ebebeb, 0x00ebebeb, 0x00ebebeb, 0x00ebebeb,
  0x00ebebeb, 0xffebebeb, 0x00ebebeb, 0x00ebebeb, 0x00ebebeb, 0x00ebebeb, 0xffebebeb, 0x00ebebeb, 0x00ebebeb, 0x00ebebeb, 0x00ebebeb, 0x00ebebeb,
  0x00ebebeb, 0x00ebebeb, 0xffebebeb, 0x00ebebeb, 0x00ebebeb, 0x00ebebeb, 0xffebebeb, 0xffebebeb, 0xffebebeb, 0x00ebebeb, 0x00ebebeb, 0x00ebebeb,
  0x00ebebeb, 0x00ebebeb, 0x00ebebeb, 0x00ebebeb, 0xffebebeb, 0xffebebeb, 0xffebebeb, 0xffebebeb, 0xffebebeb, 0xffebebeb, 0x00ebebeb, 0x00ebebeb,
  0x00ebebeb, 0xffebebeb, 0xffebebeb, 0xffebebeb, 0xffebebeb, 0xffebebeb, 0x00ebebeb, 0x00ebebeb, 0x00ebebeb, 0x00ebebeb, 0x00ebebeb, 0x00ebebeb,
  0x00ebebeb, 0x00ebebeb, 0x00ebebeb, 0xffebebeb, 0x00ebebeb, 0xffebebeb, 0x00ebebeb, 0xffebebeb, 0x00ebebeb, 0x00ebebeb, 0x00ebebeb, 0x00ebebeb,
  0x00ebebeb, 0x00ebebeb, 0xffebebeb, 0x00ebebeb, 0x00ebebeb, 0xffebebeb, 0x00ebebeb, 0x00ebebeb, 0xffebebeb, 0x00ebebeb, 0x00ebebeb, 0x00ebebeb,
  0xffebebeb, 0xffebebeb, 0xffebebeb, 0xffebebeb, 0xffebebeb, 0xffebebeb, 0xffebebeb, 0x00ebebeb, 0xffebebeb, 0x00ebebeb, 0xffebebeb, 0x00ebebeb,
  0xffebebeb, 0x00ebebeb, 0xffebebeb, 0x00ebebeb, 0xffebebeb, 0x00ebebeb, 0xffebebeb, 0xffebebeb, 0xffebebeb, 0xffebebeb, 0xffebebeb, 0x00ebebeb,
  0x00ebebeb, 0x00ebebeb, 0xffebebeb, 0x00ebebeb, 0xffebebeb, 0x00ebebeb, 0xffebebeb, 0x00ebebeb, 0xffebebeb, 0x00ebebeb, 0x00ebebeb, 0x00ebebeb,
  0x00ebebeb, 0xffebebeb, 0x00ebebeb, 0x00ebebeb, 0xffebebeb, 0x00ebebeb, 0x00ebebeb, 0xffebebeb, 0x00ebebeb, 0xffebebeb, 0x00ebebeb, 0x00ebebeb,
  0xffebebeb, 0xffebebeb, 0xffebebeb, 0xffebebeb, 0x00ebebeb, 0x00ebebeb, 0x00ebebeb, 0x00ebebeb, 0x00ebebeb, 0x00ebebeb, 0xffebebeb, 0x00ebebeb,
  0x00ebebeb, 0x00ebebeb, 0xffebebeb, 0x00ebebeb, 0x00ebebeb, 0xffebebeb, 0x00ebebeb, 0x00ebebeb, 0x00ebebeb, 0xffebebeb, 0x00ebebeb, 0x00ebebeb,
  0x00ebebeb, 0xffebebeb, 0x00ebebeb, 0xffebebeb, 0xffebebeb, 0x00ebebeb, 0x00ebebeb, 0x00ebebeb, 0xffebebeb, 0xffebebeb, 0xffebebeb, 0x00ebebeb,
  0x00ebebeb, 0x00ebebeb, 0xffebebeb, 0x00ebebeb, 0x00ebebeb, 0x00ebebeb, 0x00ebebeb, 0xffebebeb, 0xffebebeb, 0x00ebebeb, 0x00ebebeb, 0x00ebebeb,
  0x00ebebeb, 0xffebebeb, 0x00ebebeb, 0x00ebebeb, 0x00ebebeb, 0xffebebeb, 0x00ebebeb, 0x00ebebeb, 0x00ebebeb, 0xffebebeb, 0x00ebebeb, 0x00ebebeb,
  0xffebebeb, 0xffebebeb, 0xffebebeb, 0xffebebeb, 0xffebebeb, 0xffebebeb, 0xffebebeb, 0xffebebeb, 0xffebebeb, 0xffebebeb, 0xffebebeb, 0x00ebebeb,
  0xffebebeb, 0xffebebeb, 0x00ebebeb, 0x00ebebeb, 0x00ebebeb, 0x00ebebeb, 0xffebebeb, 0x00ebebeb, 0x00ebebeb, 0x00ebebeb, 0x00ebebeb, 0x00ebebeb,
  0x00ebebeb, 0x00ebebeb, 0xffebebeb, 0x00ebebeb, 0x00ebebeb, 0xffebebeb, 0x00ebebeb, 0xffebebeb, 0x00ebebeb, 0xffebebeb, 0x00ebebeb, 0x00ebebeb,
  0xffebebeb, 0xffebebeb, 0x00ebebeb, 0x00ebebeb, 0xffebebeb, 0x00ebebeb, 0x00ebebeb, 0x00ebebeb, 0x00ebebeb, 0xffebebeb, 0x00ebebeb, 0x00ebebeb,
  0x00ebebeb, 0xffebebeb, 0x00ebebeb, 0x00ebebeb, 0x00ebebeb, 0xffebebeb, 0xffebebeb, 0xffebebeb, 0xffebebeb, 0xffebebeb, 0xffebebeb, 0x00ebebeb,
  0x00ebebeb, 0x00ebebeb, 0x00ebebeb, 0xffebebeb, 0x00ebebeb, 0xffebebeb, 0x00ebebeb, 0xffebebeb, 0x00ebebeb, 0x00ebebeb, 0x00ebebeb, 0x00ebebeb,
  0x00ebebeb, 0x00ebebeb, 0xffebebeb, 0x00ebebeb, 0x00ebebeb, 0xffebebeb, 0x00ebebeb, 0x00ebebeb, 0xffebebeb, 0x00ebebeb, 0x00ebebeb, 0x00ebebeb,
  0x00ebebeb, 0x00ebebeb, 0xffebebeb, 0x00ebebeb, 0x00ebebeb, 0xffebebeb, 0x00ebebeb, 0x00ebebeb, 0xffebebeb, 0x00ebebeb, 0xffebebeb, 0x00ebebeb,
  0xffebebeb, 0x00ebebeb, 0xffebebeb, 0x00ebebeb, 0xffebebeb, 0x00ebebeb, 0xffebebeb, 0x00ebebeb, 0x00ebebeb, 0x00ebebeb, 0xffebebeb, 0x00ebebeb,
  0x00ebebeb, 0x00ebebeb, 0x00ebebeb, 0x00ebebeb, 0x00ebebeb, 0xffebebeb, 0x00ebebeb, 0x00ebebeb, 0x00ebebeb, 0x00ebebeb, 0x00ebebeb, 0x00ebebeb,
  0x00ebebeb, 0xffebebeb, 0x00ebebeb, 0x00ebebeb, 0xffebebeb, 0x00ebebeb, 0x00ebebeb, 0xffebebeb, 0x00ebebeb, 0xffebebeb, 0x00ebebeb, 0x00ebebeb,
  0x00ebebeb, 0xffebebeb, 0x00ebebeb, 0x00ebebeb, 0x00ebebeb, 0xffebebeb, 0xffebebeb, 0x00ebebeb, 0x00ebebeb, 0x00ebebeb, 0xffebebeb, 0x00ebebeb,
  0x00ebebeb, 0x00ebebeb, 0xffebebeb, 0x00ebebeb, 0xffebebeb, 0xffebebeb, 0xffebebeb, 0xffebebeb, 0xffebebeb, 0x00ebebeb, 0x00ebebeb, 0x00ebebeb,
  0x00ebebeb, 0x00ebebeb, 0x00ebebeb, 0x00ebebeb, 0x00ebebeb, 0x00ebebeb, 0x00ebebeb, 0x00ebebeb, 0x00ebebeb, 0x00ebebeb, 0x00ebebeb, 0x00ebebeb,
  0x00ebebeb, 0x00ebebeb, 0xffebebeb, 0x00ebebeb, 0x00ebebeb, 0x00ebebeb, 0x00ebebeb, 0x00ebebeb, 0x00ebebeb, 0x00ebebeb, 0x00ebebeb, 0x00ebebeb,
  0x00ebebeb, 0xffebebeb, 0xffebebeb, 0xffebebeb, 0xffebebeb, 0xffebebeb, 0xffebebeb, 0xffebebeb, 0xffebebeb, 0xffebebeb, 0x00ebebeb, 0x00ebebeb,
  0x00ebebeb, 0x00ebebeb, 0x00ebebeb, 0x00ebebeb, 0xffebebeb, 0x00ebebeb, 0x00ebebeb, 0x00ebebeb, 0x00ebebeb, 0x00ebebeb, 0x00ebebeb, 0x00ebebeb,
  0x00ebebeb, 0xffebebeb, 0x00ebebeb, 0x00ebebeb, 0x00ebebeb, 0xffebebeb, 0x00ebebeb, 0xffebebeb, 0x00ebebeb, 0x00ebebeb, 0xffebebeb, 0x00ebebeb,
  0x00ebebeb, 0xffebebeb, 0xffebebeb, 0x00ebebeb, 0xffebebeb, 0x00ebebeb, 0x00ebebeb, 0xffebebeb, 0x00ebebeb, 0x00ebebeb, 0xffebebeb, 0x00ebebeb,
  0x00ebebeb, 0xffebebeb, 0x00ebebeb, 0x00ebebeb, 0xffebebeb, 0xffebebeb, 0xffebebeb, 0xffebebeb, 0xffebebeb, 0xffebebeb, 0x00ebebeb, 0x00ebebeb,
  0x00ebebeb, 0xffebebeb, 0x00ebebeb, 0x00ebebeb, 0x00ebebeb, 0xffebebeb, 0x00ebebeb, 0x00ebebeb, 0x00ebebeb, 0x00ebebeb, 0xffebebeb, 0x00ebebeb,
  0x00ebebeb, 0x00ebebeb, 0x00ebebeb, 0xffebebeb, 0x00ebebeb, 0xffebebeb, 0x00ebebeb, 0xffebebeb, 0x00ebebeb, 0x00ebebeb, 0x00ebebeb, 0x00ebebeb,
  0x00ebebeb, 0xffebebeb, 0xffebebeb, 0x00ebebeb, 0x00ebebeb, 0xffebebeb, 0x00ebebeb, 0x00ebebeb, 0xffebebeb, 0x00ebebeb, 0x00ebebeb, 0x00ebebeb,
  0x00ebebeb, 0xffebebeb, 0x00ebebeb, 0x00ebebeb, 0x00ebebeb, 0xffebebeb, 0x00ebebeb, 0x00ebebeb, 0x00ebebeb, 0x00ebebeb, 0xffebebeb, 0x00ebebeb,
  0xffebebeb, 0x00ebebeb, 0xffebebeb, 0x00ebebeb, 0xffebebeb, 0x00ebebeb, 0xffebebeb, 0x00ebebeb, 0xffebebeb, 0x00ebebeb, 0xffebebeb, 0x00ebebeb,
  0x00ebebeb, 0xffebebeb, 0x00ebebeb, 0x00ebebeb, 0xffebebeb, 0x00ebebeb, 0xffebebeb, 0x00ebebeb, 0x00ebebeb, 0xffebebeb, 0x00ebebeb, 0x00ebebeb,
  0xffebebeb, 0xffebebeb, 0xffebebeb, 0x00ebebeb, 0xffebebeb, 0x00ebebeb, 0x00ebebeb, 0xffebebeb, 0x00ebebeb, 0xffebebeb, 0x00ebebeb, 0x00ebebeb,
  0x00ebebeb, 0xffebebeb, 0x00ebebeb, 0x00ebebeb, 0x00ebebeb, 0x00ebebeb, 0x00ebebeb, 0xffebebeb, 0x00ebebeb, 0x00ebebeb, 0xffebebeb, 0x00ebebeb,
  0x00ebebeb, 0xffebebeb, 0xffebebeb, 0x00ebebeb, 0x00ebebeb, 0x00ebebeb, 0x00ebebeb, 0xffebebeb, 0x00ebebeb, 0x00ebebeb, 0x00ebebeb, 0x00ebebeb,
  0x00ebebeb, 0x00ebebeb, 0x00ebebeb, 0x00ebebeb, 0xffebebeb, 0xffebebeb, 0xffebebeb, 0xffebebeb, 0xffebebeb, 0xffebebeb, 0xffebebeb, 0x00ebebeb,
  0x00ebebeb, 0x00ebebeb, 0xffebebeb, 0xffebebeb, 0xffebebeb, 0xffebebeb, 0xffebebeb, 0xffebebeb, 0xffebebeb, 0xffebebeb, 0xffebebeb, 0x00ebebeb,
  0x00ebebeb, 0xffebebeb, 0x00ebebeb, 0x00ebebeb, 0x00ebebeb, 0xffebebeb, 0x00ebebeb, 0x00ebebeb, 0x00ebebeb, 0xffebebeb, 0x00ebebeb, 0x00ebebeb,
  0x00ebebeb, 0x00ebebeb, 0x00ebebeb, 0xffebebeb, 0x00ebebeb, 0x00ebebeb, 0x00ebebeb, 0x00ebebeb, 0x00ebebeb, 0x00ebebeb, 0x00ebebeb, 0x00ebebeb,
  0x00ebebeb, 0xffebebeb, 0x00ebebeb, 0x00ebebeb, 0xffebebeb, 0x00ebebeb, 0x00ebebeb, 0xffebebeb, 0x00ebebeb, 0xffebebeb, 0x00ebebeb, 0x00ebebeb,
  0x00ebebeb, 0xffebebeb, 0xffebebeb, 0xffebebeb, 0x00ebebeb, 0x00ebebeb, 0xffebebeb, 0x00ebebeb, 0x00ebebeb, 0x00ebebeb, 0x00ebebeb, 0x00ebebeb,
  0x00ebebeb, 0xffebebeb, 0x00ebebeb, 0x00ebebeb, 0xffebebeb, 0x00ebebeb, 0x00ebebeb, 0x00ebebeb, 0x00ebebeb, 0xffebebeb, 0x00ebebeb, 0x00ebebeb,
  0x00ebebeb, 0xffebebeb, 0xffebebeb, 0xffebebeb, 0x00ebebeb, 0xffebebeb, 0xffebebeb, 0x00ebebeb, 0x00ebebeb, 0x00ebebeb, 0xffebebeb, 0x00ebebeb,
  0x00ebebeb, 0x00ebebeb, 0xffebebeb, 0x00ebebeb, 0x00ebebeb, 0xffebebeb, 0x00ebebeb, 0x00ebebeb, 0xffebebeb, 0x00ebebeb, 0x00ebebeb, 0x00ebebeb,
  0x00ebebeb, 0xffebebeb, 0xffebebeb, 0xffebebeb, 0x00ebebeb, 0xffebebeb, 0x00ebebeb, 0x00ebebeb, 0xffebebeb, 0x00ebebeb, 0x00ebebeb, 0x00ebebeb,
  0xffebebeb, 0x00ebebeb, 0x00ebebeb, 0x00ebebeb, 0x00ebebeb, 0x00ebebeb, 0x00ebebeb, 0x00ebebeb, 0x00ebebeb, 0xffebebeb, 0xffebebeb, 0x00ebebeb,
  0xffebebeb, 0x00ebebeb, 0xffebebeb, 0x00ebebeb, 0xffebebeb, 0x00ebebeb, 0xffebebeb, 0x00ebebeb, 0xffebebeb, 0x00ebebeb, 0xffebebeb, 0x00ebebeb,
  0xffebebeb, 0x00ebebeb, 0x00ebebeb, 0xffebebeb, 0xffebebeb, 0xffebebeb, 0xffebebeb, 0xffebebeb, 0x00ebebeb, 0x00ebebeb, 0xffebebeb, 0x00ebebeb,
  0x00ebebeb, 0xffebebeb, 0x00ebebeb, 0x00ebebeb, 0xffebebeb, 0x00ebebeb, 0x00ebebeb, 0xffebebeb, 0x00ebebeb, 0xffebebeb, 0x00ebebeb, 0x00ebebeb,
  0x00ebebeb, 0xffebebeb, 0x00ebebeb, 0x00ebebeb, 0x00ebebeb, 0x00ebebeb, 0x00ebebeb, 0x00ebebeb, 0x00ebebeb, 0x00ebebeb, 0xffebebeb, 0x00ebebeb,
  0x00ebebeb, 0xffebebeb, 0xffebebeb, 0xffebebeb, 0x00ebebeb, 0x00ebebeb, 0xffebebeb, 0x00ebebeb, 0x00ebebeb, 0x00ebebeb, 0xffebebeb, 0x00ebebeb,
  0x00ebebeb, 0xffebebeb, 0x00ebebeb, 0x00ebebeb, 0xffebebeb, 0x00ebebeb, 0x00ebebeb, 0x00ebebeb, 0x00ebebeb, 0x00ebebeb, 0xffebebeb, 0x00ebebeb,
  0x00ebebeb, 0x00ebebeb, 0x00ebebeb, 0x00ebebeb, 0x00ebebeb, 0x00ebebeb, 0x00ebebeb, 0x00ebebeb, 0x00ebebeb, 0x00ebebeb, 0xffebebeb, 0x00ebebeb,
  0x00ebebeb, 0xffebebeb, 0x00ebebeb, 0x00ebebeb, 0x00ebebeb, 0xffebebeb, 0x00ebebeb, 0x00ebebeb, 0x00ebebeb, 0xffebebeb, 0x00ebebeb, 0x00ebebeb,
  0x00ebebeb, 0x00ebebeb, 0xffebebeb, 0xffebebeb, 0xffebebeb, 0xffebebeb, 0xffebebeb, 0xffebebeb, 0xffebebeb, 0xffebebeb, 0x00ebebeb, 0x00ebebeb,
  0x00ebebeb, 0xffebebeb, 0x00ebebeb, 0xffebebeb, 0x00ebebeb, 0xffebebeb, 0x00ebebeb, 0x00ebebeb, 0xffebebeb, 0x00ebebeb, 0x00ebebeb, 0x00ebebeb,
  0xffebebeb, 0x00ebebeb, 0xffebebeb, 0x00ebebeb, 0xffebebeb, 0xffebebeb, 0xffebebeb, 0xffebebeb, 0xffebebeb, 0xffebebeb, 0xffebebeb, 0x00ebebeb,
  0x00ebebeb, 0xffebebeb, 0x00ebebeb, 0x00ebebeb, 0xffebebeb, 0x00ebebeb, 0x00ebebeb, 0x00ebebeb, 0x00ebebeb, 0xffebebeb, 0x00ebebeb, 0x00ebebeb,
  0x00ebebeb, 0xffebebeb, 0x00ebebeb, 0xffebebeb, 0x00ebebeb, 0xffebebeb, 0x00ebebeb, 0xffebebeb, 0x00ebebeb, 0xffebebeb, 0x00ebebeb, 0x00ebebeb,
  0x00ebebeb, 0x00ebebeb, 0xffebebeb, 0x00ebebeb, 0x00ebebeb, 0xffebebeb, 0x00ebebeb, 0x00ebebeb, 0xffebebeb, 0x00ebebeb, 0x00ebebeb, 0x00ebebeb,
  0xffebebeb, 0x00ebebeb, 0xffebebeb, 0x00ebebeb, 0x00ebebeb, 0xffebebeb, 0x00ebebeb, 0x00ebebeb, 0xffebebeb, 0x00ebebeb, 0x00ebebeb, 0x00ebebeb,
  0x00ebebeb, 0x00ebebeb, 0x00ebebeb, 0x00ebebeb, 0x00ebebeb, 0xffebebeb, 0x00ebebeb, 0x00ebebeb, 0x00ebebeb, 0x00ebebeb, 0x00ebebeb, 0x00ebebeb,
  0xffebebeb, 0x00ebebeb, 0xffebebeb, 0x00ebebeb, 0xffebebeb, 0x00ebebeb, 0xffebebeb, 0x00ebebeb, 0xffebebeb, 0x00ebebeb, 0xffebebeb, 0x00ebebeb,
  0x00ebebeb, 0x00ebebeb, 0x00ebebeb, 0x00ebebeb, 0x00ebebeb, 0xffebebeb, 0x00ebebeb, 0x00ebebeb, 0x00ebebeb, 0x00ebebeb, 0x00ebebeb, 0x00ebebeb,
  0x00ebebeb, 0xffebebeb, 0x00ebebeb, 0x00ebebeb, 0x00ebebeb, 0x00ebebeb, 0x00ebebeb, 0xffebebeb, 0x00ebebeb, 0x00ebebeb, 0x00ebebeb, 0x00ebebeb,
  0x00ebebeb, 0xffebebeb, 0xffebebeb, 0x00ebebeb, 0x00ebebeb, 0x00ebebeb, 0x00ebebeb, 0x00ebebeb, 0xffebebeb, 0x00ebebeb, 0xffebebeb, 0x00ebebeb,
  0xffebebeb, 0x00ebebeb, 0xffebebeb, 0x00ebebeb, 0xffebebeb, 0xffebebeb, 0x00ebebeb, 0x00ebebeb, 0x00ebebeb, 0xffebebeb, 0x00ebebeb, 0x00ebebeb,
  0x00ebebeb, 0xffebebeb, 0x00ebebeb, 0x00ebebeb, 0xffebebeb, 0x00ebebeb, 0x00ebebeb, 0x00ebebeb, 0x00ebebeb, 0x00ebebeb, 0xffebebeb, 0x00ebebeb,
  0xffebebeb, 0xffebebeb, 0xffebebeb, 0xffebebeb, 0xffebebeb, 0xffebebeb, 0xffebebeb, 0xffebebeb, 0x00ebebeb, 0x00ebebeb, 0xffebebeb, 0x00ebebeb,
  0x00ebebeb, 0xffebebeb, 0xffebebeb, 0xffebebeb, 0xffebebeb, 0xffebebeb, 0xffebebeb, 0xffebebeb, 0xffebebeb, 0xffebebeb, 0x00ebebeb, 0x00ebebeb,
  0x00ebebeb, 0xffebebeb, 0xffebebeb, 0x00ebebeb, 0x00ebebeb, 0x00ebebeb, 0x00ebebeb, 0x00ebebeb, 0x00ebebeb, 0xffebebeb, 0x00ebebeb, 0x00ebebeb,
  0x00ebebeb, 0xffebebeb, 0x00ebebeb, 0x00ebebeb, 0x00ebebeb, 0xffebebeb, 0x00ebebeb, 0x00ebebeb, 0xffebebeb, 0x00ebebeb, 0x00ebebeb, 0x00ebebeb,
  0x00ebebeb, 0x00ebebeb, 0xffebebeb, 0x00ebebeb, 0x00ebebeb, 0x00ebebeb, 0xffebebeb, 0x00ebebeb, 0x00ebebeb, 0xffebebeb, 0x00ebebeb, 0x00ebebeb,
  0x00ebebeb, 0xffebebeb, 0x00ebebeb, 0x00ebebeb, 0xffebebeb, 0xffebebeb, 0xffebebeb, 0xffebebeb, 0xffebebeb, 0xffebebeb, 0x00ebebeb, 0x00ebebeb,
  0x00ebebeb, 0xffebebeb, 0x00ebebeb, 0xffebebeb, 0x00ebebeb, 0xffebebeb, 0x00ebebeb, 0x00ebebeb, 0xffebebeb, 0x00ebebeb, 0x00ebebeb, 0x00ebebeb,
  0x00ebebeb, 0xffebebeb, 0x00ebebeb, 0xffebebeb, 0xffebebeb, 0xffebebeb, 0xffebebeb, 0xffebebeb, 0x00ebebeb, 0xffebebeb, 0x00ebebeb, 0x00ebebeb,
  0x00ebebeb, 0x00ebebeb, 0xffebebeb, 0x00ebebeb, 0x00ebebeb, 0xffebebeb, 0x00ebebeb, 0x00ebebeb, 0xffebebeb, 0x00ebebeb, 0xffebebeb, 0x00ebebeb,
  0x00ebebeb, 0xffebebeb, 0xffebebeb, 0xffebebeb, 0xffebebeb, 0xffebebeb, 0xffebebeb, 0xffebebeb, 0xffebebeb, 0xffebebeb, 0x00ebebeb, 0x00ebebeb,
  0xffebebeb, 0x00ebebeb, 0xffebebeb, 0xffebebeb, 0xffebebeb, 0x00ebebeb, 0x00ebebeb, 0x00ebebeb, 0xffebebeb, 0x00ebebeb, 0x00ebebeb, 0x00ebebeb,
  0xffebebeb, 0xffebebeb, 0xffebebeb, 0xffebebeb, 0xffebebeb, 0xffebebeb, 0xffebebeb, 0xffebebeb, 0xffebebeb, 0xffebebeb, 0xffebebeb, 0x00ebebeb,
  0x00ebebeb, 0xffebebeb, 0xffebebeb, 0x00ebebeb, 0x00ebebeb, 0x00ebebeb, 0xffebebeb, 0x00ebebeb, 0xffebebeb, 0x00ebebeb, 0xffebebeb, 0x00ebebeb,
  0xffebebeb, 0xffebebeb, 0x00ebebeb, 0x00ebebeb, 0x00ebebeb, 0x00ebebeb, 0xffebebeb, 0xffebebeb, 0x00ebebeb, 0x00ebebeb, 0xffebebeb, 0x00ebebeb,
  0x00ebebeb, 0x00ebebeb, 0xffebebeb, 0x00ebebeb, 0x00ebebeb, 0x00ebebeb, 0x00ebebeb, 0x00ebebeb, 0xffebebeb, 0x00ebebeb, 0x00ebebeb, 0x00ebebeb,
  0xffebebeb, 0x00ebebeb, 0x00ebebeb, 0x00ebebeb, 0xffebebeb, 0x00ebebeb, 0x00ebebeb, 0x00ebebeb, 0x00ebebeb, 0x00ebebeb, 0xffebebeb, 0x00ebebeb,
  0x00ebebeb, 0x00ebebeb, 0x00ebebeb, 0x00ebebeb, 0x00ebebeb, 0x00ebebeb, 0x00ebebeb, 0x00ebebeb, 0x00ebebeb, 0x00ebebeb, 0xffebebeb, 0x00ebebeb,
  0x00ebebeb, 0x00ebebeb, 0x00ebebeb, 0x00ebebeb, 0x00ebebeb, 0xffebebeb, 0x00ebebeb, 0x00ebebeb, 0x00ebebeb, 0x00ebebeb, 0xffebebeb, 0x00ebebeb,
  0xffebebeb, 0x00ebebeb, 0xffebebeb, 0x00ebebeb, 0x00ebebeb, 0x00ebebeb, 0x00ebebeb, 0x00ebebeb, 0x00ebebeb, 0xffebebeb, 0x00ebebeb, 0x00ebebeb,
  0x00ebebeb, 0xffebebeb, 0x00ebebeb, 0x00ebebeb, 0x00ebebeb, 0xffebebeb, 0x00ebebeb, 0xffebebeb, 0x00ebebeb, 0xffebebeb, 0x00ebebeb, 0x00ebebeb,
  0x00ebebeb, 0x00ebebeb, 0xffebebeb, 0x00ebebeb, 0x00ebebeb, 0x00ebebeb, 0xffebebeb, 0xffebebeb, 0xffebebeb, 0x00ebebeb, 0x00ebebeb, 0x00ebebeb,
  0xffebebeb, 0x00ebebeb, 0xffebebeb, 0x00ebebeb, 0x00ebebeb, 0x00ebebeb, 0x00ebebeb, 0x00ebebeb, 0x00ebebeb, 0x00ebebeb, 0x00ebebeb, 0x00ebebeb,
  0x00ebebeb, 0xffebebeb, 0x00ebebeb, 0xffebebeb, 0x00ebebeb, 0xffebebeb, 0x00ebebeb, 0xffebebeb, 0x00ebebeb, 0xffebebeb, 0x00ebebeb, 0x00ebebeb,
  0xffebebeb, 0x00ebebeb, 0x00ebebeb, 0x00ebebeb, 0x00ebebeb, 0xffebebeb, 0x00ebebeb, 0x00ebebeb, 0x00ebebeb, 0x00ebebeb, 0xffebebeb, 0x00ebebeb,
  0x00ebebeb, 0x00ebebeb, 0xffebebeb, 0x00ebebeb, 0x00ebebeb, 0xffebebeb, 0x00ebebeb, 0x00ebebeb, 0xffebebeb, 0x00ebebeb, 0xffebebeb, 0x00ebebeb,
  0x00ebebeb, 0x00ebebeb, 0x00ebebeb, 0x00ebebeb, 0x00ebebeb, 0xffebebeb, 0x00ebebeb, 0x00ebebeb, 0x00ebebeb, 0x00ebebeb, 0x00ebebeb, 0x00ebebeb,
  0x00ebebeb, 0x00ebebeb, 0xffebebeb, 0x00ebebeb, 0x00ebebeb, 0x00ebebeb, 0x00ebebeb, 0xffebebeb, 0x00ebebeb, 0xffebebeb, 0x00ebebeb, 0x00ebebeb,
  0x00ebebeb, 0x00ebebeb, 0x00ebebeb, 0x00ebebeb, 0x00ebebeb, 0xffebebeb, 0x00ebebeb, 0x00ebebeb, 0x00ebebeb, 0x00ebebeb, 0x00ebebeb, 0x00ebebeb,
  0xffebebeb, 0xffebebeb, 0x00ebebeb, 0x00ebebeb, 0x00ebebeb, 0xffebebeb, 0x00ebebeb, 0x00ebebeb, 0xffebebeb, 0x00ebebeb, 0xffebebeb, 0x00ebebeb,
  0x00ebebeb, 0x00ebebeb, 0x00ebebeb, 0x00ebebeb, 0xffebebeb, 0xffebebeb, 0x00ebebeb, 0x00ebebeb, 0x00ebebeb, 0x00ebebeb, 0xffebebeb, 0x00ebebeb,
  0x00ebebeb, 0x00ebebeb, 0xffebebeb, 0x00ebebeb, 0x00ebebeb, 0x00ebebeb, 0xffebebeb, 0xffebebeb, 0x00ebebeb, 0xffebebeb, 0x00ebebeb, 0x00ebebeb,
  0xffebebeb, 0x00ebebeb, 0x00ebebeb, 0x00ebebeb, 0xffebebeb, 0xffebebeb, 0xffebebeb, 0xffebebeb, 0xffebebeb, 0xffebebeb, 0xffebebeb, 0x00ebebeb,
  0x00ebebeb, 0x00ebebeb, 0x00ebebeb, 0x00ebebeb, 0x00ebebeb, 0x00ebebeb, 0x00ebebeb, 0xffebebeb, 0xffebebeb, 0xffebebeb, 0x00ebebeb, 0x00ebebeb,
  0x00ebebeb, 0x00ebebeb, 0x00ebebeb, 0x00ebebeb, 0x00ebebeb, 0x00ebebeb, 0xffebebeb, 0xffebebeb, 0xffebebeb, 0xffebebeb, 0xffebebeb, 0x00ebebeb,
  0x00ebebeb, 0x00ebebeb, 0xffebebeb, 0xffebebeb, 0xffebebeb, 0xffebebeb, 0xffebebeb, 0xffebebeb, 0xffebebeb, 0xffebebeb, 0x00ebebeb, 0x00ebebeb,
  0x00ebebeb, 0xffebebeb, 0x00ebebeb, 0x00ebebeb, 0x00ebebeb, 0xffebebeb, 0xffebebeb, 0x00ebebeb, 0x00ebebeb, 0x00ebebeb, 0xffebebeb, 0x00ebebeb,
  0x00ebebeb, 0x00ebebeb, 0xffebebeb, 0x00ebebeb, 0xffebebeb, 0xffebebeb, 0x00ebebeb, 0x00ebebeb, 0x00ebebeb, 0xffebebeb, 0xffebebeb, 0x00ebebeb,
  0xffebebeb, 0x00ebebeb, 0x00ebebeb, 0xffebebeb, 0xffebebeb, 0xffebebeb, 0xffebebeb, 0xffebebeb, 0xffebebeb, 0xffebebeb, 0xffebebeb, 0x00ebebeb,
  0xffebebeb, 0x00ebebeb, 0x00ebebeb, 0xffebebeb, 0xffebebeb, 0x00ebebeb, 0xffebebeb, 0x00ebebeb, 0x00ebebeb, 0x00ebebeb, 0xffebebeb, 0x00ebebeb,
  0x00ebebeb, 0x00ebebeb, 0x00ebebeb, 0x00ebebeb, 0x00ebebeb, 0xffebebeb, 0x00ebebeb, 0x00ebebeb, 0x00ebebeb, 0x00ebebeb, 0x00ebebeb, 0x00ebebeb,
  0x00ebebeb, 0x00ebebeb, 0xffebebeb, 0x00ebebeb, 0xffebebeb, 0x00ebebeb, 0x00ebebeb, 0x00ebebeb, 0xffebebeb, 0xffebebeb, 0xffebebeb, 0x00ebebeb,
  0xffebebeb, 0xffebebeb, 0xffebebeb, 0xffebebeb, 0xffebebeb, 0xffebebeb, 0xffebebeb, 0xffebebeb, 0xffebebeb, 0xffebebeb, 0xffebebeb, 0x00ebebeb,
  0x00ebebeb, 0x00ebebeb, 0xffebebeb, 0x00ebebeb, 0x00ebebeb, 0x00ebebeb, 0xffebebeb, 0x00ebebeb, 0x00ebebeb, 0x00ebebeb, 0xffebebeb, 0x00ebebeb,
  0x00ebebeb, 0x00ebebeb, 0x00ebebeb, 0x00ebebeb, 0x00ebebeb, 0xffebebeb, 0x00ebebeb, 0x00ebebeb, 0x00ebebeb, 0x00ebebeb, 0x00ebebeb, 0x00ebebeb,
  0x00ebebeb, 0x00ebebeb, 0x00ebebeb, 0xffebebeb, 0xffebebeb, 0x00ebebeb, 0x00ebebeb, 0x00ebebeb, 0xffebebeb, 0xffebebeb, 0xffebebeb, 0x00ebebeb,
  0x00ebebeb, 0x00ebebeb, 0x00ebebeb, 0x00ebebeb, 0x00ebebeb, 0x00ebebeb, 0x00ebebeb, 0x00ebebeb, 0xffebebeb, 0xffebebeb, 0x00ebebeb, 0x00ebebeb,
  0x00ebebeb, 0x00ebebeb, 0xffebebeb, 0x00ebebeb, 0xffebebeb, 0xffebebeb, 0x00ebebeb, 0x00ebebeb, 0x00ebebeb, 0x00ebebeb, 0xffebebeb, 0x00ebebeb,
  0x00ebebeb, 0x00ebebeb, 0x00ebebeb, 0x00ebebeb, 0x00ebebeb, 0x00ebebeb, 0x00ebebeb, 0x00ebebeb, 0x00ebebeb, 0x00ebebeb, 0x00ebebeb, 0x00ebebeb,
  0x00ebebeb, 0x00ebebeb, 0x00ebebeb, 0x00ebebeb, 0x00ebebeb, 0x00ebebeb, 0x00ebebeb, 0x00ebebeb, 0x00ebebeb, 0x00ebebeb, 0x00ebebeb, 0x00ebebeb,
  0x00ebebeb, 0x00ebebeb, 0x00ebebeb, 0x00ebebeb, 0x00ebebeb, 0x00ebebeb, 0x00ebebeb, 0x00ebebeb, 0x00ebebeb, 0x00ebebeb, 0x00ebebeb, 0x00ebebeb,
  0x00ebebeb, 0x00ebebeb, 0x00ebebeb, 0x00ebebeb, 0x00ebebeb, 0x00ebebeb, 0x00ebebeb, 0x00ebebeb, 0x00ebebeb, 0x00ebebeb, 0x00ebebeb, 0x00ebebeb,
  0x00ebebeb, 0x00ebebeb, 0x00ebebeb, 0x00ebebeb, 0x00ebebeb, 0x00ebebeb, 0x00ebebeb, 0x00ebebeb, 0x00ebebeb, 0x00ebebeb, 0x00ebebeb, 0x00ebebeb,
  0x00ebebeb, 0x00ebebeb, 0x00ebebeb, 0x00ebebeb, 0x00ebebeb, 0x00ebebeb, 0x00ebebeb, 0x00ebebeb, 0x00ebebeb, 0x00ebebeb, 0x00ebebeb, 0x00ebebeb,
  0x00ebebeb, 0x00ebebeb, 0x00ebebeb, 0x00ebebeb, 0x00ebebeb, 0x00ebebeb, 0x00ebebeb, 0x00ebebeb, 0x00ebebeb, 0x00ebebeb, 0x00ebebeb, 0x00ebebeb,
  0x00ebebeb, 0x00ebebeb, 0x00ebebeb, 0x00ebebeb, 0x00ebebeb, 0x00ebebeb, 0x00ebebeb, 0x00ebebeb, 0x00ebebeb, 0x00ebebeb, 0x00ebebeb, 0x00ebebeb,
  0x00ebebeb, 0x00ebebeb, 0x00ebebeb, 0x00ebebeb, 0x00ebebeb, 0x00ebebeb, 0x00ebebeb, 0x00ebebeb, 0x00ebebeb, 0x00ebebeb, 0x00ebebeb, 0x00ebebeb,
  0x00ebebeb, 0x00ebebeb, 0x00ebebeb, 0x00ebebeb, 0x00ebebeb, 0x00ebebeb, 0x00ebebeb, 0x00ebebeb, 0x00ebebeb, 0x00ebebeb, 0x00ebebeb, 0x00ebebeb,
  0x00ebebeb, 0x00ebebeb, 0x00ebebeb, 0x00ebebeb, 0x00ebebeb, 0x00ebebeb, 0x00ebebeb, 0x00ebebeb, 0x00ebebeb, 0x00ebebeb, 0x00ebebeb, 0x00ebebeb,
  0x00ebebeb, 0x00ebebeb, 0x00ebebeb, 0x00ebebeb, 0x00ebebeb, 0x00ebebeb, 0x00ebebeb, 0x00ebebeb, 0x00ebebeb, 0x00ebebeb, 0x00ebebeb, 0x00ebebeb,
  0x00ebebeb, 0x00ebebeb, 0x00ebebeb, 0x00ebebeb, 0x00ebebeb, 0x00ebebeb, 0x00ebebeb, 0x00ebebeb, 0x00ebebeb, 0x00ebebeb, 0x00ebebeb, 0x00ebebeb,
  0x00ebebeb, 0x00ebebeb, 0x00ebebeb, 0x00ebebeb, 0x00ebebeb, 0x00ebebeb, 0x00ebebeb, 0x00ebebeb, 0x00ebebeb, 0x00ebebeb, 0x00ebebeb, 0x00ebebeb,
  0x00ebebeb, 0x00ebebeb, 0x00ebebeb, 0x00ebebeb, 0x00ebebeb, 0x00ebebeb, 0x00ebebeb, 0x00ebebeb, 0x00ebebeb, 0x00ebebeb, 0x00ebebeb, 0x00ebebeb,
  0x00ebebeb, 0x00ebebeb, 0x00ebebeb, 0x00ebebeb, 0x00ebebeb, 0x00ebebeb, 0x00ebebeb, 0x00ebebeb, 0x00ebebeb, 0x00ebebeb, 0x00ebebeb, 0x00ebebeb,
  0x00ebebeb, 0x00ebebeb, 0x00ebebeb, 0x00ebebeb, 0xffebebeb, 0x00ebebeb, 0x00ebebeb, 0x00ebebeb, 0x00ebebeb, 0x00ebebeb, 0x00ebebeb, 0x00ebebeb,
  0x00ebebeb, 0x00ebebeb, 0x00ebebeb, 0x00ebebeb, 0x00ebebeb, 0x00ebebeb, 0xffebebeb, 0x00ebebeb, 0x00ebebeb, 0x00ebebeb, 0x00ebebeb, 0x00ebebeb,
  0xffebebeb, 0x00ebebeb, 0x00ebebeb, 0xffebebeb, 0xffebebeb, 0xffebebeb, 0xffebebeb, 0xffebebeb, 0xffebebeb, 0xffebebeb, 0xffebebeb, 0x00ebebeb,
  0x00ebebeb, 0xffebebeb, 0x00ebebeb, 0x00ebebeb, 0x00ebebeb, 0x00ebebeb, 0xffebebeb, 0x00ebebeb, 0x00ebebeb, 0x00ebebeb, 0x00ebebeb, 0x00ebebeb,
  0x00ebebeb, 0x00ebebeb, 0x00ebebeb, 0xffebebeb, 0x00ebebeb, 0x00ebebeb, 0x00ebebeb, 0x00ebebeb, 0x00ebebeb, 0xffebebeb, 0xffebebeb, 0x00ebebeb,
  0x00ebebeb, 0xffebebeb, 0x00ebebeb, 0x00ebebeb, 0xffebebeb, 0xffebebeb, 0xffebebeb, 0xffebebeb, 0xffebebeb, 0xffebebeb, 0xffebebeb, 0x00ebebeb,
  0x00ebebeb, 0x00ebebeb, 0x00ebebeb, 0x00ebebeb, 0x00ebebeb, 0xffebebeb, 0x00ebebeb, 0x00ebebeb, 0x00ebebeb, 0x00ebebeb, 0x00ebebeb, 0x00ebebeb,
  0xffebebeb, 0xffebebeb, 0xffebebeb, 0xffebebeb, 0xffebebeb, 0xffebebeb, 0xffebebeb, 0xffebebeb, 0xffebebeb, 0xffebebeb, 0xffebebeb, 0x00ebebeb,
  0x00ebebeb, 0x00ebebeb, 0x00ebebeb, 0x00ebebeb, 0x00ebebeb, 0xffebebeb, 0x00ebebeb, 0x00ebebeb, 0x00ebebeb, 0x00ebebeb, 0x00ebebeb, 0x00ebebeb,
  0x00ebebeb, 0x00ebebeb, 0xffebebeb, 0x00ebebeb, 0x00ebebeb, 0x00ebebeb, 0x00ebebeb, 0x00ebebeb, 0xffebebeb, 0x00ebebeb, 0x00ebebeb, 0x00ebebeb,
  0x00ebebeb, 0xffebebeb, 0xffebebeb, 0xffebebeb, 0xffebebeb, 0xffebebeb, 0xffebebeb, 0xffebebeb, 0xffebebeb, 0xffebebeb, 0x00ebebeb, 0x00ebebeb,
  0x00ebebeb, 0x00ebebeb, 0x00ebebeb, 0x00ebebeb, 0x00ebebeb, 0x00ebebeb, 0x00ebebeb, 0x00ebebeb, 0x00ebebeb, 0x00ebebeb, 0x00ebebeb, 0x00ebebeb,
  0x00ebebeb, 0x00ebebeb, 0x00ebebeb, 0x00ebebeb, 0x00ebebeb, 0x00ebebeb, 0x00ebebeb, 0x00ebebeb, 0x00ebebeb, 0x00ebebeb, 0x00ebebeb, 0x00ebebeb,
  0x00ebebeb, 0x00ebebeb, 0x00ebebeb, 0x00ebebeb, 0x00ebebeb, 0x00ebebeb, 0x00ebebeb, 0x00ebebeb, 0x00ebebeb, 0x00ebebeb, 0x00ebebeb, 0x00ebebeb,
  0x00ebebeb, 0x00ebebeb, 0x00ebebeb, 0x00ebebeb, 0x00ebebeb, 0x00ebebeb, 0x00ebebeb, 0x00ebebeb, 0x00ebebeb, 0x00ebebeb, 0x00ebebeb, 0x00ebebeb,
  0x00ebebeb, 0x00ebebeb, 0x00ebebeb, 0x00ebebeb, 0x00ebebeb, 0x00ebebeb, 0x00ebebeb, 0x00ebebeb, 0x00ebebeb, 0x00ebebeb, 0x00ebebeb, 0x00ebebeb,
  0x00ebebeb, 0x00ebebeb, 0x00ebebeb, 0x00ebebeb, 0x00ebebeb, 0xffebebeb, 0x00ebebeb, 0x00ebebeb, 0x00ebebeb, 0x00ebebeb, 0x00ebebeb, 0x00ebebeb,
  0x00ebebeb, 0xffebebeb, 0xffebebeb, 0xffebebeb, 0xffebebeb, 0xffebebeb, 0xffebebeb, 0xffebebeb, 0xffebebeb, 0xffebebeb, 0xffebebeb, 0x00ebebeb,
  0x00ebebeb, 0xffebebeb, 0x00ebebeb, 0x00ebebeb, 0x00ebebeb, 0x00ebebeb, 0x00ebebeb, 0x00ebebeb, 0x00ebebeb, 0x00ebebeb, 0xffebebeb, 0x00ebebeb,
  0x00ebebeb, 0xffebebeb, 0x00ebebeb, 0x00ebebeb, 0x00ebebeb, 0x00ebebeb, 0xffebebeb, 0x00ebebeb, 0x00ebebeb, 0x00ebebeb, 0x00ebebeb, 0x00ebebeb,
  0xffebebeb, 0xffebebeb, 0xffebebeb, 0xffebebeb, 0xffebebeb, 0xffebebeb, 0x00ebebeb, 0xffebebeb, 0xffebebeb, 0x00ebebeb, 0x00ebebeb, 0x00ebebeb,
  0x00ebebeb, 0xffebebeb, 0x00ebebeb, 0x00ebebeb, 0xffebebeb, 0x00ebebeb, 0x00ebebeb, 0x00ebebeb, 0x00ebebeb, 0x00ebebeb, 0xffebebeb, 0x00ebebeb,
  0x00ebebeb, 0x00ebebeb, 0x00ebebeb, 0x00ebebeb, 0x00ebebeb, 0xffebebeb, 0xffebebeb, 0xffebebeb, 0xffebebeb, 0xffebebeb, 0xffebebeb, 0x00ebebeb,
  0x00ebebeb, 0x00ebebeb, 0x00ebebeb, 0x00ebebeb, 0x00ebebeb, 0xffebebeb, 0x00ebebeb, 0x00ebebeb, 0x00ebebeb, 0x00ebebeb, 0x00ebebeb, 0x00ebebeb,
  0x00ebebeb, 0xffebebeb, 0x00ebebeb, 0x00ebebeb, 0x00ebebeb, 0xffebebeb, 0x00ebebeb, 0x00ebebeb, 0x00ebebeb, 0xffebebeb, 0x00ebebeb, 0x00ebebeb,
  0x00ebebeb, 0x00ebebeb, 0x00ebebeb, 0xffebebeb, 0x00ebebeb, 0x00ebebeb, 0x00ebebeb, 0xffebebeb, 0x00ebebeb, 0x00ebebeb, 0x00ebebeb, 0x00ebebeb,
  0x00ebebeb, 0x00ebebeb, 0x00ebebeb, 0x00ebebeb, 0x00ebebeb, 0xffebebeb, 0x00ebebeb, 0x00ebebeb, 0x00ebebeb, 0x00ebebeb, 0x00ebebeb, 0x00ebebeb,
  0x00ebebeb, 0x00ebebeb, 0x00ebebeb, 0x00ebebeb, 0x00ebebeb, 0x00ebebeb, 0x00ebebeb, 0x00ebebeb, 0x00ebebeb, 0x00ebebeb, 0x00ebebeb, 0x00ebebeb,
  0x00ebebeb, 0x00ebebeb, 0x00ebebeb, 0x00ebebeb, 0x00ebebeb, 0x00ebebeb, 0x00ebebeb, 0x00ebebeb, 0x00ebebeb, 0x00ebebeb, 0x00ebebeb, 0x00ebebeb,
  0x00ebebeb, 0x00ebebeb, 0x00ebebeb, 0x00ebebeb, 0x00ebebeb, 0x00ebebeb, 0x00ebebeb, 0x00ebebeb, 0x00ebebeb, 0x00ebebeb, 0x00ebebeb, 0x00ebebeb,
  0x00ebebeb, 0x00ebebeb, 0x00ebebeb, 0x00ebebeb, 0x00ebebeb, 0x00ebebeb, 0x00ebebeb, 0x00ebebeb, 0x00ebebeb, 0x00ebebeb, 0x00ebebeb, 0x00ebebeb,
  0x00ebebeb, 0x00ebebeb, 0x00ebebeb, 0x00ebebeb, 0x00ebebeb, 0x00ebebeb, 0x00ebebeb, 0x00ebebeb, 0x00ebebeb, 0x00ebebeb, 0x00ebebeb, 0x00ebebeb,
  0x00ebebeb, 0x00ebebeb, 0x00ebebeb, 0x00ebebeb, 0x00ebebeb, 0x00ebebeb, 0xffebebeb, 0x00ebebeb, 0x00ebebeb, 0x00ebebeb, 0x00ebebeb, 0x00ebebeb,
  0x00ebebeb, 0xffebebeb, 0x00ebebeb, 0x00ebebeb, 0x00ebebeb, 0x00ebebeb, 0x00ebebeb, 0x00ebebeb, 0x00ebebeb, 0x00ebebeb, 0xffebebeb, 0x00ebebeb,
  0x00ebebeb, 0x00ebebeb, 0x00ebebeb, 0x00ebebeb, 0x00ebebeb, 0x00ebebeb, 0x00ebebeb, 0x00ebebeb, 0x00ebebeb, 0x00ebebeb, 0xffebebeb, 0x00ebebeb,
  0x00ebebeb, 0xffebebeb, 0x00ebebeb, 0x00ebebeb, 0xffebebeb, 0xffebebeb, 0xffebebeb, 0xffebebeb, 0xffebebeb, 0xffebebeb, 0x00ebebeb, 0x00ebebeb,
  0x00ebebeb, 0xffebebeb, 0x00ebebeb, 0x00ebebeb, 0x00ebebeb, 0xffebebeb, 0x00ebebeb, 0xffebebeb, 0x00ebebeb, 0x00ebebeb, 0x00ebebeb, 0x00ebebeb,
  0x00ebebeb, 0xffebebeb, 0x00ebebeb, 0x00ebebeb, 0xffebebeb, 0x00ebebeb, 0x00ebebeb, 0x00ebebeb, 0x00ebebeb, 0x00ebebeb, 0xffebebeb, 0x00ebebeb,
  0x00ebebeb, 0x00ebebeb, 0x00ebebeb, 0x00ebebeb, 0x00ebebeb, 0xffebebeb, 0x00ebebeb, 0x00ebebeb, 0x00ebebeb, 0x00ebebeb, 0x00ebebeb, 0x00ebebeb,
  0x00ebebeb, 0x00ebebeb, 0x00ebebeb, 0x00ebebeb, 0xffebebeb, 0x00ebebeb, 0x00ebebeb, 0x00ebebeb, 0x00ebebeb, 0x00ebebeb, 0x00ebebeb, 0x00ebebeb,
  0x00ebebeb, 0x00ebebeb, 0xffebebeb, 0x00ebebeb, 0x00ebebeb, 0xffebebeb, 0x00ebebeb, 0x00ebebeb, 0xffebebeb, 0x00ebebeb, 0x00ebebeb, 0x00ebebeb,
  0xffebebeb, 0xffebebeb, 0xffebebeb, 0xffebebeb, 0xffebebeb, 0xffebebeb, 0xffebebeb, 0xffebebeb, 0xffebebeb, 0xffebebeb, 0xffebebeb, 0x00ebebeb,
  0x00ebebeb, 0xffebebeb, 0x00ebebeb, 0x00ebebeb, 0x00ebebeb, 0xffebebeb, 0x00ebebeb, 0x00ebebeb, 0x00ebebeb, 0xffebebeb, 0x00ebebeb, 0x00ebebeb,
  0x00ebebeb, 0x00ebebeb, 0x00ebebeb, 0x00ebebeb, 0x00ebebeb, 0x00ebebeb, 0x00ebebeb, 0x00ebebeb, 0x00ebebeb, 0x00ebebeb, 0x00ebebeb, 0x00ebebeb,
  0x00ebebeb, 0x00ebebeb, 0x00ebebeb, 0x00ebebeb, 0x00ebebeb, 0x00ebebeb, 0x00ebebeb, 0x00ebebeb, 0x00ebebeb, 0x00ebebeb, 0x00ebebeb, 0x00ebebeb,
  0x00ebebeb, 0x00ebebeb, 0x00ebebeb, 0x00ebebeb, 0x00ebebeb, 0x00ebebeb, 0x00ebebeb, 0x00ebebeb, 0x00ebebeb, 0x00ebebeb, 0x00ebebeb, 0x00ebebeb,
  0x00ebebeb, 0x00ebebeb, 0x00ebebeb, 0x00ebebeb, 0x00ebebeb, 0x00ebebeb, 0x00ebebeb, 0x00ebebeb, 0x00ebebeb, 0x00ebebeb, 0x00ebebeb, 0x00ebebeb,
  0x00ebebeb, 0x00ebebeb, 0x00ebebeb, 0x00ebebeb, 0x00ebebeb, 0x00ebebeb, 0x00ebebeb, 0x00ebebeb, 0x00ebebeb, 0x00ebebeb, 0x00ebebeb, 0x00ebebeb,
  0x00ebebeb, 0x00ebebeb, 0x00ebebeb, 0xffebebeb, 0x00ebebeb, 0x00ebebeb, 0xffebebeb, 0x00ebebeb, 0x00ebebeb, 0x00ebebeb, 0x00ebebeb, 0x00ebebeb,
  0x00ebebeb, 0xffebebeb, 0xffebebeb, 0xffebebeb, 0xffebebeb, 0xffebebeb, 0xffebebeb, 0xffebebeb, 0xffebebeb, 0xffebebeb, 0xffebebeb, 0x00ebebeb,
  0xffebebeb, 0x00ebebeb, 0x00ebebeb, 0xffebebeb, 0xffebebeb, 0xffebebeb, 0xffebebeb, 0xffebebeb, 0x00ebebeb, 0x00ebebeb, 0xffebebeb, 0x00ebebeb,
  0xffebebeb, 0xffebebeb, 0xffebebeb, 0x00ebebeb, 0x00ebebeb, 0x00ebebeb, 0xffebebeb, 0x00ebebeb, 0x00ebebeb, 0xffebebeb, 0x00ebebeb, 0x00ebebeb,
  0x00ebebeb, 0x00ebebeb, 0xffebebeb, 0x00ebebeb, 0xffebebeb, 0x00ebebeb, 0x00ebebeb, 0xffebebeb, 0x00ebebeb, 0x00ebebeb, 0x00ebebeb, 0x00ebebeb,
  0x00ebebeb, 0xffebebeb, 0x00ebebeb, 0x00ebebeb, 0xffebebeb, 0x00ebebeb, 0x00ebebeb, 0x00ebebeb, 0x00ebebeb, 0x00ebebeb, 0xffebebeb, 0x00ebebeb,
  0x00ebebeb, 0xffebebeb, 0xffebebeb, 0xffebebeb, 0xffebebeb, 0xffebebeb, 0xffebebeb, 0xffebebeb, 0xffebebeb, 0xffebebeb, 0x00ebebeb, 0x00ebebeb,
  0xffebebeb, 0xffebebeb, 0xffebebeb, 0xffebebeb, 0xffebebeb, 0xffebebeb, 0xffebebeb, 0xffebebeb, 0xffebebeb, 0xffebebeb, 0xffebebeb, 0x00ebebeb,
  0x00ebebeb, 0x00ebebeb, 0x00ebebeb, 0x00ebebeb, 0x00ebebeb, 0xffebebeb, 0x00ebebeb, 0x00ebebeb, 0x00ebebeb, 0x00ebebeb, 0x00ebebeb, 0x00ebebeb,
  0x00ebebeb, 0x00ebebeb, 0x00ebebeb, 0x00ebebeb, 0x00ebebeb, 0x00ebebeb, 0x00ebebeb, 0x00ebebeb, 0x00ebebeb, 0x00ebebeb, 0x00ebebeb, 0x00ebebeb,
  0x00ebebeb, 0x00ebebeb, 0xffebebeb, 0x00ebebeb, 0x00ebebeb, 0xffebebeb, 0x00ebebeb, 0x00ebebeb, 0xffebebeb, 0x00ebebeb, 0x00ebebeb, 0x00ebebeb,
  0x00ebebeb, 0x00ebebeb, 0x00ebebeb, 0x00ebebeb, 0x00ebebeb, 0x00ebebeb, 0x00ebebeb, 0x00ebebeb, 0x00ebebeb, 0x00ebebeb, 0x00ebebeb, 0x00ebebeb,
  0x00ebebeb, 0x00ebebeb, 0x00ebebeb, 0x00ebebeb, 0x00ebebeb, 0x00ebebeb, 0x00ebebeb, 0x00ebebeb, 0x00ebebeb, 0x00ebebeb, 0x00ebebeb, 0x00ebebeb,
  0x00ebebeb, 0x00ebebeb, 0x00ebebeb, 0x00ebebeb, 0x00ebebeb, 0x00ebebeb, 0x00ebebeb, 0x00ebebeb, 0x00ebebeb, 0x00ebebeb, 0x00ebebeb, 0x00ebebeb,
  0x00ebebeb, 0x00ebebeb, 0x00ebebeb, 0x00ebebeb, 0x00ebebeb, 0x00ebebeb, 0x00ebebeb, 0x00ebebeb, 0x00ebebeb, 0x00ebebeb, 0x00ebebeb, 0x00ebebeb,
  0x00ebebeb, 0x00ebebeb, 0x00ebebeb, 0x00ebebeb, 0x00ebebeb, 0x00ebebeb, 0x00ebebeb, 0x00ebebeb, 0x00ebebeb, 0x00ebebeb, 0x00ebebeb, 0x00ebebeb,
  0x00ebebeb, 0x00ebebeb, 0x00ebebeb, 0xffebebeb, 0x00ebebeb, 0x00ebebeb, 0x00ebebeb, 0x00ebebeb, 0x00ebebeb, 0x00ebebeb, 0x00ebebeb, 0x00ebebeb,
  0x00ebebeb, 0xffebebeb, 0x00ebebeb, 0x00ebebeb, 0x00ebebeb, 0x00ebebeb, 0xffebebeb, 0x00ebebeb, 0x00ebebeb, 0x00ebebeb, 0x00ebebeb, 0x00ebebeb,
  0xffebebeb, 0x00ebebeb, 0x00ebebeb, 0xffebebeb, 0x00ebebeb, 0x00ebebeb, 0x00ebebeb, 0xffebebeb, 0x00ebebeb, 0x00ebebeb, 0xffebebeb, 0x00ebebeb,
  0x00ebebeb, 0xffebebeb, 0x00ebebeb, 0x00ebebeb, 0x00ebebeb, 0x00ebebeb, 0xffebebeb, 0x00ebebeb, 0x00ebebeb, 0xffebebeb, 0x00ebebeb, 0x00ebebeb,
  0xffebebeb, 0xffebebeb, 0xffebebeb, 0xffebebeb, 0xffebebeb, 0xffebebeb, 0x00ebebeb, 0xffebebeb, 0xffebebeb, 0xffebebeb, 0xffebebeb, 0x00ebebeb,
  0x00ebebeb, 0xffebebeb, 0x00ebebeb, 0x00ebebeb, 0xffebebeb, 0x00ebebeb, 0x00ebebeb, 0x00ebebeb, 0x00ebebeb, 0x00ebebeb, 0xffebebeb, 0x00ebebeb,
  0x00ebebeb, 0xffebebeb, 0x00ebebeb, 0x00ebebeb, 0x00ebebeb, 0x00ebebeb, 0x00ebebeb, 0x00ebebeb, 0x00ebebeb, 0xffebebeb, 0x00ebebeb, 0x00ebebeb,
  0xffebebeb, 0x00ebebeb, 0x00ebebeb, 0xffebebeb, 0x00ebebeb, 0x00ebebeb, 0x00ebebeb, 0xffebebeb, 0x00ebebeb, 0x00ebebeb, 0xffebebeb, 0x00ebebeb,
  0x00ebebeb, 0xffebebeb, 0xffebebeb, 0xffebebeb, 0xffebebeb, 0xffebebeb, 0xffebebeb, 0xffebebeb, 0xffebebeb, 0xffebebeb, 0x00ebebeb, 0x00ebebeb,
  0x00ebebeb, 0xffebebeb, 0xffebebeb, 0xffebebeb, 0xffebebeb, 0xffebebeb, 0x00ebebeb, 0xffebebeb, 0x00ebebeb, 0xffebebeb, 0x00ebebeb, 0x00ebebeb,
  0x00ebebeb, 0x00ebebeb, 0x00ebebeb, 0x00ebebeb, 0x00ebebeb, 0xffebebeb, 0x00ebebeb, 0x00ebebeb, 0x00ebebeb, 0x00ebebeb, 0x00ebebeb, 0x00ebebeb,
  0x00ebebeb, 0x00ebebeb, 0x00ebebeb, 0x00ebebeb, 0x00ebebeb, 0x00ebebeb, 0x00ebebeb, 0x00ebebeb, 0x00ebebeb, 0x00ebebeb, 0x00ebebeb, 0x00ebebeb,
  0x00ebebeb, 0x00ebebeb, 0x00ebebeb, 0x00ebebeb, 0x00ebebeb, 0x00ebebeb, 0x00ebebeb, 0x00ebebeb, 0x00ebebeb, 0x00ebebeb, 0x00ebebeb, 0x00ebebeb,
  0x00ebebeb, 0x00ebebeb, 0x00ebebeb, 0x00ebebeb, 0x00ebebeb, 0x00ebebeb, 0x00ebebeb, 0x00ebebeb, 0x00ebebeb, 0x00ebebeb, 0x00ebebeb, 0x00ebebeb,
  0x00ebebeb, 0x00ebebeb, 0x00ebebeb, 0x00ebebeb, 0x00ebebeb, 0x00ebebeb, 0x00ebebeb, 0x00ebebeb, 0x00ebebeb, 0x00ebebeb, 0x00ebebeb, 0x00ebebeb,
  0x00ebebeb, 0x00ebebeb, 0x00ebebeb, 0x00ebebeb, 0x00ebebeb, 0x00ebebeb, 0x00ebebeb, 0x00ebebeb, 0x00ebebeb, 0x00ebebeb, 0x00ebebeb, 0x00ebebeb,
  0x00ebebeb, 0xffebebeb, 0x00ebebeb, 0xffebebeb, 0x00ebebeb, 0x00ebebeb, 0x00ebebeb, 0x00ebebeb, 0x00ebebeb, 0xffebebeb, 0x00ebebeb, 0x00ebebeb,
  0x00ebebeb, 0xffebebeb, 0xffebebeb, 0xffebebeb, 0xffebebeb, 0xffebebeb, 0xffebebeb, 0xffebebeb, 0xffebebeb, 0xffebebeb, 0xffebebeb, 0x00ebebeb,
  0xffebebeb, 0x00ebebeb, 0x00ebebeb, 0xffebebeb, 0x00ebebeb, 0x00ebebeb, 0x00ebebeb, 0xffebebeb, 0x00ebebeb, 0x00ebebeb, 0xffebebeb, 0x00ebebeb,
  0x00ebebeb, 0xffebebeb, 0x00ebebeb, 0x00ebebeb, 0x00ebebeb, 0x00ebebeb, 0xffebebeb, 0x00ebebeb, 0x00ebebeb, 0xffebebeb, 0x00ebebeb, 0x00ebebeb,
  0x00ebebeb, 0x00ebebeb, 0x00ebebeb, 0xffebebeb, 0x00ebebeb, 0x00ebebeb, 0x00ebebeb, 0xffebebeb, 0x00ebebeb, 0xffebebeb, 0x00ebebeb, 0x00ebebeb,
  0x00ebebeb, 0xffebebeb, 0x00ebebeb, 0x00ebebeb, 0xffebebeb, 0xffebebeb, 0xffebebeb, 0xffebebeb, 0xffebebeb, 0xffebebeb, 0xffebebeb, 0x00ebebeb,
  0x00ebebeb, 0xffebebeb, 0xffebebeb, 0xffebebeb, 0xffebebeb, 0xffebebeb, 0xffebebeb, 0xffebebeb, 0xffebebeb, 0xffebebeb, 0x00ebebeb, 0x00ebebeb,
  0xffebebeb, 0x00ebebeb, 0x00ebebeb, 0xffebebeb, 0xffebebeb, 0xffebebeb, 0xffebebeb, 0xffebebeb, 0x00ebebeb, 0x00ebebeb, 0xffebebeb, 0x00ebebeb,
  0x00ebebeb, 0x00ebebeb, 0x00ebebeb, 0x00ebebeb, 0x00ebebeb, 0x00ebebeb, 0x00ebebeb, 0x00ebebeb, 0x00ebebeb, 0xffebebeb, 0x00ebebeb, 0x00ebebeb,
  0x00ebebeb, 0xffebebeb, 0x00ebebeb, 0x00ebebeb, 0x00ebebeb, 0xffebebeb, 0x00ebebeb, 0xffebebeb, 0x00ebebeb, 0xffebebeb, 0x00ebebeb, 0x00ebebeb,
  0xffebebeb, 0xffebebeb, 0xffebebeb, 0xffebebeb, 0xffebebeb, 0xffebebeb, 0xffebebeb, 0xffebebeb, 0xffebebeb, 0xffebebeb, 0xffebebeb, 0x00ebebeb,
  0x00ebebeb, 0x00ebebeb, 0x00ebebeb, 0x00ebebeb, 0x00ebebeb, 0x00ebebeb, 0x00ebebeb, 0x00ebebeb, 0x00ebebeb, 0x00ebebeb, 0x00ebebeb, 0x00ebebeb,
  0x00ebebeb, 0x00ebebeb, 0x00ebebeb, 0x00ebebeb, 0x00ebebeb, 0x00ebebeb, 0x00ebebeb, 0x00ebebeb, 0x00ebebeb, 0x00ebebeb, 0x00ebebeb, 0x00ebebeb,
  0x00ebebeb, 0x00ebebeb, 0x00ebebeb, 0x00ebebeb, 0x00ebebeb, 0x00ebebeb, 0x00ebebeb, 0x00ebebeb, 0x00ebebeb, 0x00ebebeb, 0x00ebebeb, 0x00ebebeb,
  0x00ebebeb, 0x00ebebeb, 0x00ebebeb, 0x00ebebeb, 0x00ebebeb, 0x00ebebeb, 0x00ebebeb, 0x00ebebeb, 0x00ebebeb, 0x00ebebeb, 0x00ebebeb, 0x00ebebeb,
  0x00ebebeb, 0x00ebebeb, 0x00ebebeb, 0x00ebebeb, 0x00ebebeb, 0x00ebebeb, 0x00ebebeb, 0x00ebebeb, 0x00ebebeb, 0x00ebebeb, 0x00ebebeb, 0x00ebebeb,
  0x00ebebeb, 0xffebebeb, 0x00ebebeb, 0xffebebeb, 0x00ebebeb, 0x00ebebeb, 0x00ebebeb, 0x00ebebeb, 0x00ebebeb, 0x00ebebeb, 0xffebebeb, 0x00ebebeb,
  0x00ebebeb, 0xffebebeb, 0x00ebebeb, 0x00ebebeb, 0xffebebeb, 0x00ebebeb, 0x00ebebeb, 0x00ebebeb, 0x00ebebeb, 0x00ebebeb, 0x00ebebeb, 0x00ebebeb,
  0xffebebeb, 0x00ebebeb, 0x00ebebeb, 0xffebebeb, 0xffebebeb, 0xffebebeb, 0xffebebeb, 0xffebebeb, 0x00ebebeb, 0x00ebebeb, 0xffebebeb, 0x00ebebeb,
  0x00ebebeb, 0xffebebeb, 0x00ebebeb, 0xffebebeb, 0xffebebeb, 0xffebebeb, 0xffebebeb, 0xffebebeb, 0xffebebeb, 0xffebebeb, 0xffebebeb, 0x00ebebeb,
  0xffebebeb, 0xffebebeb, 0xffebebeb, 0xffebebeb, 0xffebebeb, 0xffebebeb, 0x00ebebeb, 0xffebebeb, 0x00ebebeb, 0xffebebeb, 0x00ebebeb, 0x00ebebeb,
  0x00ebebeb, 0xffebebeb, 0x00ebebeb, 0x00ebebeb, 0xffebebeb, 0x00ebebeb, 0x00ebebeb, 0x00ebebeb, 0x00ebebeb, 0x00ebebeb, 0xffebebeb, 0x00ebebeb,
  0x00ebebeb, 0xffebebeb, 0x00ebebeb, 0x00ebebeb, 0x00ebebeb, 0x00ebebeb, 0x00ebebeb, 0x00ebebeb, 0x00ebebeb, 0xffebebeb, 0x00ebebeb, 0x00ebebeb,
  0xffebebeb, 0x00ebebeb, 0x00ebebeb, 0xffebebeb, 0x00ebebeb, 0x00ebebeb, 0x00ebebeb, 0xffebebeb, 0x00ebebeb, 0x00ebebeb, 0xffebebeb, 0x00ebebeb,
  0x00ebebeb, 0x00ebebeb, 0x00ebebeb, 0x00ebebeb, 0x00ebebeb, 0x00ebebeb, 0x00ebebeb, 0x00ebebeb, 0x00ebebeb, 0xffebebeb, 0x00ebebeb, 0x00ebebeb,
  0x00ebebeb, 0xffebebeb, 0xffebebeb, 0xffebebeb, 0xffebebeb, 0xffebebeb, 0x00ebebeb, 0xffebebeb, 0x00ebebeb, 0xffebebeb, 0x00ebebeb, 0x00ebebeb,
  0x00ebebeb, 0x00ebebeb, 0x00ebebeb, 0x00ebebeb, 0x00ebebeb, 0xffebebeb, 0x00ebebeb, 0x00ebebeb, 0x00ebebeb, 0x00ebebeb, 0x00ebebeb, 0x00ebebeb,
  0x00ebebeb, 0x00ebebeb, 0x00ebebeb, 0x00ebebeb, 0x00ebebeb, 0x00ebebeb, 0x00ebebeb, 0x00ebebeb, 0x00ebebeb, 0x00ebebeb, 0x00ebebeb, 0x00ebebeb,
  0x00ebebeb, 0x00ebebeb, 0x00ebebeb, 0x00ebebeb, 0x00ebebeb, 0x00ebebeb, 0x00ebebeb, 0x00ebebeb, 0x00ebebeb, 0x00ebebeb, 0x00ebebeb, 0x00ebebeb,
  0x00ebebeb, 0x00ebebeb, 0x00ebebeb, 0x00ebebeb, 0x00ebebeb, 0x00ebebeb, 0x00ebebeb, 0x00ebebeb, 0x00ebebeb, 0x00ebebeb, 0x00ebebeb, 0x00ebebeb,
  0x00ebebeb, 0x00ebebeb, 0x00ebebeb, 0x00ebebeb, 0x00ebebeb, 0x00ebebeb, 0x00ebebeb, 0x00ebebeb, 0x00ebebeb, 0x00ebebeb, 0x00ebebeb, 0x00ebebeb,
  0x00ebebeb, 0x00ebebeb, 0x00ebebeb, 0x00ebebeb, 0x00ebebeb, 0x00ebebeb, 0x00ebebeb, 0x00ebebeb, 0x00ebebeb, 0x00ebebeb, 0x00ebebeb, 0x00ebebeb,
  0x00ebebeb, 0xffebebeb, 0x00ebebeb, 0xffebebeb, 0x00ebebeb, 0x00ebebeb, 0x00ebebeb, 0x00ebebeb, 0x00ebebeb, 0x00ebebeb, 0xffebebeb, 0x00ebebeb,
  0x00ebebeb, 0xffebebeb, 0x00ebebeb, 0x00ebebeb, 0xffebebeb, 0xffebebeb, 0xffebebeb, 0xffebebeb, 0xffebebeb, 0xffebebeb, 0x00ebebeb, 0x00ebebeb,
  0xffebebeb, 0x00ebebeb, 0x00ebebeb, 0xffebebeb, 0x00ebebeb, 0x00ebebeb, 0x00ebebeb, 0xffebebeb, 0x00ebebeb, 0x00ebebeb, 0xffebebeb, 0x00ebebeb,
  0x00ebebeb, 0xffebebeb, 0xffebebeb, 0x00ebebeb, 0x00ebebeb, 0x00ebebeb, 0xffebebeb, 0x00ebebeb, 0x00ebebeb, 0x00ebebeb, 0x00ebebeb, 0x00ebebeb,
  0x00ebebeb, 0x00ebebeb, 0x00ebebeb, 0xffebebeb, 0x00ebebeb, 0x00ebebeb, 0x00ebebeb, 0xffebebeb, 0x00ebebeb, 0xffebebeb, 0x00ebebeb, 0x00ebebeb,
  0x00ebebeb, 0xffebebeb, 0x00ebebeb, 0x00ebebeb, 0xffebebeb, 0x00ebebeb, 0x00ebebeb, 0x00ebebeb, 0x00ebebeb, 0x00ebebeb, 0xffebebeb, 0x00ebebeb,
  0xffebebeb, 0xffebebeb, 0xffebebeb, 0xffebebeb, 0xffebebeb, 0xffebebeb, 0xffebebeb, 0xffebebeb, 0xffebebeb, 0xffebebeb, 0xffebebeb, 0x00ebebeb,
  0xffebebeb, 0x00ebebeb, 0x00ebebeb, 0xffebebeb, 0x00ebebeb, 0x00ebebeb, 0x00ebebeb, 0xffebebeb, 0x00ebebeb, 0x00ebebeb, 0xffebebeb, 0x00ebebeb,
  0x00ebebeb, 0xffebebeb, 0xffebebeb, 0xffebebeb, 0xffebebeb, 0xffebebeb, 0xffebebeb, 0xffebebeb, 0xffebebeb, 0xffebebeb, 0x00ebebeb, 0x00ebebeb,
  0x00ebebeb, 0xffebebeb, 0x00ebebeb, 0x00ebebeb, 0x00ebebeb, 0xffebebeb, 0x00ebebeb, 0xffebebeb, 0x00ebebeb, 0xffebebeb, 0x00ebebeb, 0x00ebebeb,
  0x00ebebeb, 0x00ebebeb, 0x00ebebeb, 0x00ebebeb, 0x00ebebeb, 0xffebebeb, 0x00ebebeb, 0x00ebebeb, 0x00ebebeb, 0x00ebebeb, 0x00ebebeb, 0x00ebebeb,
  0x00ebebeb, 0x00ebebeb, 0x00ebebeb, 0x00ebebeb, 0x00ebebeb, 0x00ebebeb, 0x00ebebeb, 0x00ebebeb, 0x00ebebeb, 0x00ebebeb, 0x00ebebeb, 0x00ebebeb,
  0x00ebebeb, 0x00ebebeb, 0x00ebebeb, 0x00ebebeb, 0x00ebebeb, 0x00ebebeb, 0x00ebebeb, 0x00ebebeb, 0x00ebebeb, 0x00ebebeb, 0x00ebebeb, 0x00ebebeb,
  0x00ebebeb, 0x00ebebeb, 0x00ebebeb, 0x00ebebeb, 0x00ebebeb, 0x00ebebeb, 0x00ebebeb, 0x00ebebeb, 0x00ebebeb, 0x00ebebeb, 0x00ebebeb, 0x00ebebeb,
  0x00ebebeb, 0x00ebebeb, 0x00ebebeb, 0x00ebebeb, 0x00ebebeb, 0x00ebebeb, 0x00ebebeb, 0x00ebebeb, 0x00ebebeb, 0x00ebebeb, 0x00ebebeb, 0x00ebebeb,
  0x00ebebeb, 0x00ebebeb, 0x00ebebeb, 0x00ebebeb, 0x00ebebeb, 0x00ebebeb, 0x00ebebeb, 0x00ebebeb, 0x00ebebeb, 0x00ebebeb, 0x00ebebeb, 0x00ebebeb,
  0xffebebeb, 0x00ebebeb, 0x00ebebeb, 0xffebebeb, 0x00ebebeb, 0x00ebebeb, 0x00ebebeb, 0x00ebebeb, 0xffebebeb, 0x00ebebeb, 0xffebebeb, 0x00ebebeb,
  0x00ebebeb, 0xffebebeb, 0x00ebebeb, 0x00ebebeb, 0xffebebeb, 0x00ebebeb, 0x00ebebeb, 0x00ebebeb, 0x00ebebeb, 0xffebebeb, 0x00ebebeb, 0x00ebebeb,
  0xffebebeb, 0x00ebebeb, 0x00ebebeb, 0xffebebeb, 0x00ebebeb, 0x00ebebeb, 0x00ebebeb, 0xffebebeb, 0x00ebebeb, 0x00ebebeb, 0xffebebeb, 0x00ebebeb,
  0xffebebeb, 0xffebebeb, 0x00ebebeb, 0x00ebebeb, 0x00ebebeb, 0xffebebeb, 0x00ebebeb, 0xffebebeb, 0x00ebebeb, 0x00ebebeb, 0x00ebebeb, 0x00ebebeb,
  0x00ebebeb, 0xffebebeb, 0x00ebebeb, 0xffebebeb, 0x00ebebeb, 0xffebebeb, 0x00ebebeb, 0xffebebeb, 0x00ebebeb, 0xffebebeb, 0x00ebebeb, 0x00ebebeb,
  0x00ebebeb, 0xffebebeb, 0x00ebebeb, 0x00ebebeb, 0xffebebeb, 0x00ebebeb, 0x00ebebeb, 0x00ebebeb, 0x00ebebeb, 0x00ebebeb, 0xffebebeb, 0x00ebebeb,
  0x00ebebeb, 0x00ebebeb, 0x00ebebeb, 0xffebebeb, 0x00ebebeb, 0xffebebeb, 0x00ebebeb, 0xffebebeb, 0x00ebebeb, 0x00ebebeb, 0x00ebebeb, 0x00ebebeb,
  0xffebebeb, 0x00ebebeb, 0x00ebebeb, 0xffebebeb, 0xffebebeb, 0xffebebeb, 0xffebebeb, 0xffebebeb, 0x00ebebeb, 0x00ebebeb, 0xffebebeb, 0x00ebebeb,
  0x00ebebeb, 0x00ebebeb, 0x00ebebeb, 0x00ebebeb, 0x00ebebeb, 0x00ebebeb, 0x00ebebeb, 0x00ebebeb, 0x00ebebeb, 0xffebebeb, 0x00ebebeb, 0x00ebebeb,
  0x00ebebeb, 0xffebebeb, 0xffebebeb, 0xffebebeb, 0xffebebeb, 0xffebebeb, 0x00ebebeb, 0xffebebeb, 0x00ebebeb, 0xffebebeb, 0x00ebebeb, 0x00ebebeb,
  0x00ebebeb, 0x00ebebeb, 0x00ebebeb, 0x00ebebeb, 0x00ebebeb, 0xffebebeb, 0x00ebebeb, 0x00ebebeb, 0x00ebebeb, 0x00ebebeb, 0x00ebebeb, 0x00ebebeb,
  0x00ebebeb, 0x00ebebeb, 0x00ebebeb, 0x00ebebeb, 0x00ebebeb, 0x00ebebeb, 0x00ebebeb, 0x00ebebeb, 0x00ebebeb, 0x00ebebeb, 0x00ebebeb, 0x00ebebeb,
  0x00ebebeb, 0x00ebebeb, 0x00ebebeb, 0x00ebebeb, 0x00ebebeb, 0x00ebebeb, 0x00ebebeb, 0x00ebebeb, 0x00ebebeb, 0x00ebebeb, 0x00ebebeb, 0x00ebebeb,
  0x00ebebeb, 0x00ebebeb, 0x00ebebeb, 0x00ebebeb, 0x00ebebeb, 0x00ebebeb, 0x00ebebeb, 0x00ebebeb, 0x00ebebeb, 0x00ebebeb, 0x00ebebeb, 0x00ebebeb,
  0x00ebebeb, 0x00ebebeb, 0x00ebebeb, 0x00ebebeb, 0x00ebebeb, 0x00ebebeb, 0x00ebebeb, 0x00ebebeb, 0x00ebebeb, 0x00ebebeb, 0x00ebebeb, 0x00ebebeb,
  0x00ebebeb, 0x00ebebeb, 0x00ebebeb, 0x00ebebeb, 0x00ebebeb, 0x00ebebeb, 0x00ebebeb, 0x00ebebeb, 0x00ebebeb, 0x00ebebeb, 0x00ebebeb, 0x00ebebeb,
  0x00ebebeb, 0x00ebebeb, 0x00ebebeb, 0xffebebeb, 0x00ebebeb, 0x00ebebeb, 0x00ebebeb, 0x00ebebeb, 0xffebebeb, 0x00ebebeb, 0x00ebebeb, 0x00ebebeb,
  0x00ebebeb, 0xffebebeb, 0x00ebebeb, 0xffebebeb, 0x00ebebeb, 0x00ebebeb, 0x00ebebeb, 0x00ebebeb, 0x00ebebeb, 0xffebebeb, 0x00ebebeb, 0x00ebebeb,
  0xffebebeb, 0x00ebebeb, 0x00ebebeb, 0xffebebeb, 0xffebebeb, 0xffebebeb, 0xffebebeb, 0xffebebeb, 0x00ebebeb, 0x00ebebeb, 0xffebebeb, 0x00ebebeb,
  0x00ebebeb, 0x00ebebeb, 0x00ebebeb, 0x00ebebeb, 0xffebebeb, 0x00ebebeb, 0x00ebebeb, 0x00ebebeb, 0xffebebeb, 0x00ebebeb, 0x00ebebeb, 0x00ebebeb,
  0xffebebeb, 0x00ebebeb, 0x00ebebeb, 0xffebebeb, 0x00ebebeb, 0x00ebebeb, 0xffebebeb, 0x00ebebeb, 0x00ebebeb, 0xffebebeb, 0x00ebebeb, 0x00ebebeb,
  0x00ebebeb, 0xffebebeb, 0x00ebebeb, 0x00ebebeb, 0xffebebeb, 0x00ebebeb, 0x00ebebeb, 0x00ebebeb, 0x00ebebeb, 0x00ebebeb, 0xffebebeb, 0x00ebebeb,
  0x00ebebeb, 0x00ebebeb, 0xffebebeb, 0x00ebebeb, 0x00ebebeb, 0xffebebeb, 0x00ebebeb, 0x00ebebeb, 0xffebebeb, 0x00ebebeb, 0x00ebebeb, 0x00ebebeb,
  0xffebebeb, 0x00ebebeb, 0x00ebebeb, 0xffebebeb, 0x00ebebeb, 0x00ebebeb, 0x00ebebeb, 0xffebebeb, 0x00ebebeb, 0x00ebebeb, 0xffebebeb, 0x00ebebeb,
  0x00ebebeb, 0x00ebebeb, 0x00ebebeb, 0x00ebebeb, 0x00ebebeb, 0x00ebebeb, 0x00ebebeb, 0x00ebebeb, 0x00ebebeb, 0xffebebeb, 0x00ebebeb, 0x00ebebeb,
  0x00ebebeb, 0xffebebeb, 0x00ebebeb, 0x00ebebeb, 0x00ebebeb, 0xffebebeb, 0x00ebebeb, 0x00ebebeb, 0x00ebebeb, 0xffebebeb, 0x00ebebeb, 0x00ebebeb,
  0x00ebebeb, 0x00ebebeb, 0x00ebebeb, 0x00ebebeb, 0x00ebebeb, 0xffebebeb, 0x00ebebeb, 0x00ebebeb, 0x00ebebeb, 0x00ebebeb, 0x00ebebeb, 0x00ebebeb,
  0x00ebebeb, 0x00ebebeb, 0x00ebebeb, 0x00ebebeb, 0x00ebebeb, 0x00ebebeb, 0x00ebebeb, 0x00ebebeb, 0x00ebebeb, 0x00ebebeb, 0x00ebebeb, 0x00ebebeb,
  0x00ebebeb, 0x00ebebeb, 0x00ebebeb, 0x00ebebeb, 0x00ebebeb, 0x00ebebeb, 0x00ebebeb, 0x00ebebeb, 0x00ebebeb, 0x00ebebeb, 0x00ebebeb, 0x00ebebeb,
  0x00ebebeb, 0x00ebebeb, 0x00ebebeb, 0x00ebebeb, 0x00ebebeb, 0x00ebebeb, 0x00ebebeb, 0x00ebebeb, 0x00ebebeb, 0x00ebebeb, 0x00ebebeb, 0x00ebebeb,
  0x00ebebeb, 0x00ebebeb, 0x00ebebeb, 0x00ebebeb, 0x00ebebeb, 0x00ebebeb, 0x00ebebeb, 0x00ebebeb, 0x00ebebeb, 0x00ebebeb, 0x00ebebeb, 0x00ebebeb,
  0x00ebebeb, 0x00ebebeb, 0x00ebebeb, 0x00ebebeb, 0x00ebebeb, 0x00ebebeb, 0x00ebebeb, 0x00ebebeb, 0x00ebebeb, 0x00ebebeb, 0x00ebebeb, 0x00ebebeb,
  0x00ebebeb, 0x00ebebeb, 0x00ebebeb, 0x00ebebeb, 0xffebebeb, 0xffebebeb, 0xffebebeb, 0xffebebeb, 0xffebebeb, 0x00ebebeb, 0x00ebebeb, 0x00ebebeb,
  0xffebebeb, 0x00ebebeb, 0xffebebeb, 0x00ebebeb, 0x00ebebeb, 0x00ebebeb, 0x00ebebeb, 0xffebebeb, 0xffebebeb, 0x00ebebeb, 0x00ebebeb, 0x00ebebeb,
  0xffebebeb, 0x00ebebeb, 0x00ebebeb, 0x00ebebeb, 0x00ebebeb, 0x00ebebeb, 0x00ebebeb, 0x00ebebeb, 0x00ebebeb, 0xffebebeb, 0xffebebeb, 0x00ebebeb,
  0x00ebebeb, 0x00ebebeb, 0xffebebeb, 0xffebebeb, 0x00ebebeb, 0x00ebebeb, 0x00ebebeb, 0x00ebebeb, 0x00ebebeb, 0xffebebeb, 0xffebebeb, 0x00ebebeb,
  0x00ebebeb, 0x00ebebeb, 0xffebebeb, 0xffebebeb, 0x00ebebeb, 0x00ebebeb, 0xffebebeb, 0x00ebebeb, 0x00ebebeb, 0xffebebeb, 0x00ebebeb, 0x00ebebeb,
  0x00ebebeb, 0xffebebeb, 0x00ebebeb, 0x00ebebeb, 0xffebebeb, 0xffebebeb, 0xffebebeb, 0xffebebeb, 0xffebebeb, 0xffebebeb, 0xffebebeb, 0x00ebebeb,
  0xffebebeb, 0xffebebeb, 0x00ebebeb, 0x00ebebeb, 0x00ebebeb, 0xffebebeb, 0x00ebebeb, 0x00ebebeb, 0x00ebebeb, 0xffebebeb, 0xffebebeb, 0x00ebebeb,
  0xffebebeb, 0xffebebeb, 0xffebebeb, 0xffebebeb, 0xffebebeb, 0xffebebeb, 0xffebebeb, 0xffebebeb, 0xffebebeb, 0xffebebeb, 0xffebebeb, 0x00ebebeb,
  0x00ebebeb, 0xffebebeb, 0xffebebeb, 0xffebebeb, 0xffebebeb, 0xffebebeb, 0xffebebeb, 0xffebebeb, 0xffebebeb, 0xffebebeb, 0x00ebebeb, 0x00ebebeb,
  0x00ebebeb, 0xffebebeb, 0x00ebebeb, 0x00ebebeb, 0xffebebeb, 0xffebebeb, 0x00ebebeb, 0x00ebebeb, 0xffebebeb, 0xffebebeb, 0x00ebebeb, 0x00ebebeb,
  0x00ebebeb, 0x00ebebeb, 0x00ebebeb, 0x00ebebeb, 0x00ebebeb, 0xffebebeb, 0x00ebebeb, 0x00ebebeb, 0x00ebebeb, 0x00ebebeb, 0x00ebebeb, 0x00ebebeb,
  0x00ebebeb, 0x00ebebeb, 0x00ebebeb, 0x00ebebeb, 0x00ebebeb, 0x00ebebeb, 0x00ebebeb, 0x00ebebeb, 0x00ebebeb, 0x00ebebeb, 0x00ebebeb, 0x00ebebeb,
  0x00ebebeb, 0x00ebebeb, 0x00ebebeb, 0x00ebebeb, 0x00ebebeb, 0x00ebebeb, 0x00ebebeb, 0x00ebebeb, 0x00ebebeb, 0x00ebebeb, 0x00ebebeb, 0x00ebebeb,
  0x00ebebeb, 0x00ebebeb, 0x00ebebeb, 0x00ebebeb, 0x00ebebeb, 0x00ebebeb, 0x00ebebeb, 0x00ebebeb, 0x00ebebeb, 0x00ebebeb, 0x00ebebeb, 0x00ebebeb,
  0x00ebebeb, 0x00ebebeb, 0x00ebebeb, 0x00ebebeb, 0x00ebebeb, 0x00ebebeb, 0x00ebebeb, 0x00ebebeb, 0x00ebebeb, 0x00ebebeb, 0x00ebebeb, 0x00ebebeb,
  0x00ebebeb, 0x00ebebeb, 0x00ebebeb, 0x00ebebeb, 0x00ebebeb, 0x00ebebeb, 0x00ebebeb, 0x00ebebeb, 0x00ebebeb, 0x00ebebeb, 0x00ebebeb, 0x00ebebeb,
  0x00ebebeb, 0x00ebebeb, 0x00ebebeb, 0x00ebebeb, 0x00ebebeb, 0x00ebebeb, 0x00ebebeb, 0x00ebebeb, 0x00ebebeb, 0x00ebebeb, 0x00ebebeb, 0x00ebebeb,
  0x00ebebeb, 0x00ebebeb, 0x00ebebeb, 0x00ebebeb, 0x00ebebeb, 0x00ebebeb, 0x00ebebeb, 0x00ebebeb, 0x00ebebeb, 0x00ebebeb, 0x00ebebeb, 0x00ebebeb,
  0x00ebebeb, 0x00ebebeb, 0x00ebebeb, 0x00ebebeb, 0x00ebebeb, 0x00ebebeb, 0x00ebebeb, 0x00ebebeb, 0x00ebebeb, 0x00ebebeb, 0x00ebebeb, 0x00ebebeb,
  0x00ebebeb, 0x00ebebeb, 0x00ebebeb, 0x00ebebeb, 0x00ebebeb, 0x00ebebeb, 0x00ebebeb, 0x00ebebeb, 0x00ebebeb, 0x00ebebeb, 0x00ebebeb, 0x00ebebeb,
  0x00ebebeb, 0x00ebebeb, 0x00ebebeb, 0x00ebebeb, 0x00ebebeb, 0x00ebebeb, 0x00ebebeb, 0x00ebebeb, 0x00ebebeb, 0x00ebebeb, 0x00ebebeb, 0x00ebebeb,
  0x00ebebeb, 0x00ebebeb, 0x00ebebeb, 0x00ebebeb, 0x00ebebeb, 0x00ebebeb, 0x00ebebeb, 0x00ebebeb, 0x00ebebeb, 0x00ebebeb, 0x00ebebeb, 0x00ebebeb,
  0x00ebebeb, 0x00ebebeb, 0x00ebebeb, 0x00ebebeb, 0x00ebebeb, 0x00ebebeb, 0x00ebebeb, 0x00ebebeb, 0x00ebebeb, 0x00ebebeb, 0x00ebebeb, 0x00ebebeb,
  0x00ebebeb, 0x00ebebeb, 0x00ebebeb, 0x00ebebeb, 0x00ebebeb, 0x00ebebeb, 0x00ebebeb, 0x00ebebeb, 0x00ebebeb, 0x00ebebeb, 0x00ebebeb, 0x00ebebeb,
  0x00ebebeb, 0x00ebebeb, 0x00ebebeb, 0x00ebebeb, 0x00ebebeb, 0x00ebebeb, 0x00ebebeb, 0x00ebebeb, 0x00ebebeb, 0x00ebebeb, 0x00ebebeb, 0x00ebebeb,
  0x00ebebeb, 0x00ebebeb, 0x00ebebeb, 0x00ebebeb, 0x00ebebeb, 0x00ebebeb, 0x00ebebeb, 0x00ebebeb, 0x00ebebeb, 0x00ebebeb, 0x00ebebeb, 0x00ebebeb,
  0x00ebebeb, 0x00ebebeb, 0x00ebebeb, 0x00ebebeb, 0x00ebebeb, 0x00ebebeb, 0x00ebebeb, 0x00ebebeb, 0x00ebebeb, 0x00ebebeb, 0x00ebebeb, 0x00ebebeb,
  0x00ebebeb, 0x00ebebeb, 0x00ebebeb, 0x00ebebeb, 0x00ebebeb, 0x00ebebeb, 0x00ebebeb, 0x00ebebeb, 0x00ebebeb, 0x00ebebeb, 0x00ebebeb, 0x00ebebeb,
  0x00ebebeb, 0x00ebebeb, 0x00ebebeb, 0x00ebebeb, 0x00ebebeb, 0x00ebebeb, 0x00ebebeb, 0x00ebebeb, 0x00ebebeb, 0x00ebebeb, 0x00ebebeb, 0x00ebebeb,
  0x00ebebeb, 0x00ebebeb, 0x00ebebeb, 0x00ebebeb, 0x00ebebeb, 0x00ebebeb, 0x00ebebeb, 0x00ebebeb, 0x00ebebeb, 0x00ebebeb, 0x00ebebeb, 0x00ebebeb,
  0x00ebebeb, 0x00ebebeb, 0x00ebebeb, 0x00ebebeb, 0x00ebebeb, 0x00ebebeb, 0x00ebebeb, 0x00ebebeb, 0x00ebebeb, 0x00ebebeb, 0x00ebebeb, 0x00ebebeb,
  0x00ebebeb, 0x00ebebeb, 0x00ebebeb, 0x00ebebeb, 0x00ebebeb, 0x00ebebeb, 0x00ebebeb, 0x00ebebeb, 0x00ebebeb, 0x00ebebeb, 0x00ebebeb, 0x00ebebeb,
};
